ISO-10303-21;
HEADER;
/* Generated by software containing ST-Developer
 * from STEP Tools, Inc. (www.steptools.com) 
 */
/* OPTION: using custom schema-name function */

FILE_DESCRIPTION(
/* description */ (''),
/* implementation_level */ '2;1');

FILE_NAME(
/* name */ '02_Wall_with_acor_logo.stp',
/* time_stamp */ '2025-08-11T16:29:52+02:00',
/* author */ (''),
/* organization */ (''),
/* preprocessor_version */ 'ST-DEVELOPER v20',
/* originating_system */ 'SIEMENS PLM Software NX2412.1700',
/* authorisation */ '');

FILE_SCHEMA (('AUTOMOTIVE_DESIGN { 1 0 10303 214 3 1 1 1 }'));
ENDSEC;

DATA;
#10=CONTEXT_DEPENDENT_SHAPE_REPRESENTATION(#20,#41);
#11=CONTEXT_DEPENDENT_SHAPE_REPRESENTATION(#21,#42);
#12=CONTEXT_DEPENDENT_SHAPE_REPRESENTATION(#22,#43);
#13=CONTEXT_DEPENDENT_SHAPE_REPRESENTATION(#23,#44);
#14=CONTEXT_DEPENDENT_SHAPE_REPRESENTATION(#24,#46);
#15=NEXT_ASSEMBLY_USAGE_OCCURRENCE('1001',' ','CLIPPERV13_HALB_STP',#48,
#47,$);
#16=NEXT_ASSEMBLY_USAGE_OCCURRENCE('1002',' ','CLIPPERV13_HALB_STP',#48,
#47,$);
#17=NEXT_ASSEMBLY_USAGE_OCCURRENCE('1003',' ','CLIPPERV13_HALB_STP',#48,
#47,$);
#18=NEXT_ASSEMBLY_USAGE_OCCURRENCE('1004',' ','CLIPPERV13_HALB_STP',#48,
#47,$);
#19=NEXT_ASSEMBLY_USAGE_OCCURRENCE('1005',' ','02_WALL_NO_LOGO',#49,#48,
$);
#20=(
REPRESENTATION_RELATIONSHIP(' ',' ',#67,#68)
REPRESENTATION_RELATIONSHIP_WITH_TRANSFORMATION(#25)
SHAPE_REPRESENTATION_RELATIONSHIP()
);
#21=(
REPRESENTATION_RELATIONSHIP(' ',' ',#67,#68)
REPRESENTATION_RELATIONSHIP_WITH_TRANSFORMATION(#26)
SHAPE_REPRESENTATION_RELATIONSHIP()
);
#22=(
REPRESENTATION_RELATIONSHIP(' ',' ',#67,#68)
REPRESENTATION_RELATIONSHIP_WITH_TRANSFORMATION(#27)
SHAPE_REPRESENTATION_RELATIONSHIP()
);
#23=(
REPRESENTATION_RELATIONSHIP(' ',' ',#67,#68)
REPRESENTATION_RELATIONSHIP_WITH_TRANSFORMATION(#28)
SHAPE_REPRESENTATION_RELATIONSHIP()
);
#24=(
REPRESENTATION_RELATIONSHIP(' ',' ',#68,#69)
REPRESENTATION_RELATIONSHIP_WITH_TRANSFORMATION(#29)
SHAPE_REPRESENTATION_RELATIONSHIP()
);
#25=ITEM_DEFINED_TRANSFORMATION(' ',' ',#4610,#4932);
#26=ITEM_DEFINED_TRANSFORMATION(' ',' ',#4610,#4933);
#27=ITEM_DEFINED_TRANSFORMATION(' ',' ',#4610,#4934);
#28=ITEM_DEFINED_TRANSFORMATION(' ',' ',#4610,#4935);
#29=ITEM_DEFINED_TRANSFORMATION(' ',' ',#4610,#4936);
#30=SHAPE_REPRESENTATION_RELATIONSHIP('MODEL',
'relationship between clipperV13_halb_stp-MODEL and clipperV13_halb_st
p-MODEL',#67,#33);
#31=SHAPE_REPRESENTATION_RELATIONSHIP('None',
'relationship between 02_Wall_no_Logo-None and 02_Wall_no_Logo-None',#68,
#34);
#32=SHAPE_REPRESENTATION_RELATIONSHIP('None',
'relationship between 02_Wall_with_acor_logo-None and 02_Wall_with_aco
r_logo-None',#69,#35);
#33=ADVANCED_BREP_SHAPE_REPRESENTATION('clipperV13_halb_stp-MODEL',(#393),
#7427);
#34=ADVANCED_BREP_SHAPE_REPRESENTATION('02_Wall_no_Logo-None',(#394),#7426);
#35=ADVANCED_BREP_SHAPE_REPRESENTATION('02_Wall_with_acor_logo-None',(#368,
#369,#370,#371,#372,#373,#374,#375,#376,#377,#378,#379,#380,#381,#382,#383,
#384,#385,#386,#387,#388,#389,#390,#391,#392),#7425);
#36=SHAPE_DEFINITION_REPRESENTATION(#39,#67);
#37=SHAPE_DEFINITION_REPRESENTATION(#40,#68);
#38=SHAPE_DEFINITION_REPRESENTATION(#45,#69);
#39=PRODUCT_DEFINITION_SHAPE('','',#47);
#40=PRODUCT_DEFINITION_SHAPE('','',#48);
#41=PRODUCT_DEFINITION_SHAPE(' ','NAUO PRDDFN',#15);
#42=PRODUCT_DEFINITION_SHAPE(' ','NAUO PRDDFN',#16);
#43=PRODUCT_DEFINITION_SHAPE(' ','NAUO PRDDFN',#17);
#44=PRODUCT_DEFINITION_SHAPE(' ','NAUO PRDDFN',#18);
#45=PRODUCT_DEFINITION_SHAPE('','',#49);
#46=PRODUCT_DEFINITION_SHAPE(' ','NAUO PRDDFN',#19);
#47=PRODUCT_DEFINITION(' ','',#53,#50);
#48=PRODUCT_DEFINITION(' ','',#54,#51);
#49=PRODUCT_DEFINITION(' ','',#55,#52);
#50=PRODUCT_DEFINITION_CONTEXT('part definition',#66,'design');
#51=PRODUCT_DEFINITION_CONTEXT('part definition',#66,'design');
#52=PRODUCT_DEFINITION_CONTEXT('part definition',#66,'design');
#53=PRODUCT_DEFINITION_FORMATION_WITH_SPECIFIED_SOURCE(' ',' ',#59,
 .NOT_KNOWN.);
#54=PRODUCT_DEFINITION_FORMATION_WITH_SPECIFIED_SOURCE(' ',' ',#60,
 .NOT_KNOWN.);
#55=PRODUCT_DEFINITION_FORMATION_WITH_SPECIFIED_SOURCE(' ',' ',#61,
 .NOT_KNOWN.);
#56=PRODUCT_RELATED_PRODUCT_CATEGORY('part','',(#59));
#57=PRODUCT_RELATED_PRODUCT_CATEGORY('part','',(#60));
#58=PRODUCT_RELATED_PRODUCT_CATEGORY('part','',(#61));
#59=PRODUCT('clipperV13_halb_stp','clipperV13_halb_stp',' ',(#62));
#60=PRODUCT('02_Wall_no_Logo','02_Wall_no_Logo',' ',(#63));
#61=PRODUCT('02_Wall_with_acor_logo','02_Wall_with_acor_logo',' ',(#64));
#62=PRODUCT_CONTEXT(' ',#66,'mechanical');
#63=PRODUCT_CONTEXT(' ',#66,'mechanical');
#64=PRODUCT_CONTEXT(' ',#66,'mechanical');
#65=APPLICATION_PROTOCOL_DEFINITION('international standard',
'automotive_design',2010,#66);
#66=APPLICATION_CONTEXT(
'core data for automotive mechanical design processes');
#67=SHAPE_REPRESENTATION('clipperV13_halb_stp-MODEL',(#4610),#7427);
#68=SHAPE_REPRESENTATION('02_Wall_no_Logo-None',(#4610,#4932,#4933,#4934,
#4935),#7426);
#69=SHAPE_REPRESENTATION('02_Wall_with_acor_logo-None',(#4610,#4936),#7425);
#70=TOROIDAL_SURFACE('',#4920,0.3,0.2);
#71=TOROIDAL_SURFACE('',#4924,0.3,0.2);
#72=TOROIDAL_SURFACE('',#4927,0.3,0.2);
#73=TOROIDAL_SURFACE('',#4931,0.3,0.2);
#74=(
BOUNDED_SURFACE()
B_SPLINE_SURFACE(3,2,((#7332,#7333,#7334),(#7335,#7336,#7337),(#7338,#7339,
#7340),(#7341,#7342,#7343),(#7344,#7345,#7346),(#7347,#7348,#7349)),
 .UNSPECIFIED.,.F.,.F.,.F.)
B_SPLINE_SURFACE_WITH_KNOTS((4,2,4),(3,3),(0.,0.5,1.),(0.,1.),
 .UNSPECIFIED.)
GEOMETRIC_REPRESENTATION_ITEM()
RATIONAL_B_SPLINE_SURFACE(((1.,0.707106781186541,1.),(1.,0.704674679133976,
1.),(1.,0.790450772383263,1.),(1.,0.941600035185592,1.),(1.,1.0026757383406,
1.),(1.,1.,1.)))
REPRESENTATION_ITEM('')
SURFACE()
);
#75=(
BOUNDED_SURFACE()
B_SPLINE_SURFACE(3,2,((#7356,#7357,#7358),(#7359,#7360,#7361),(#7362,#7363,
#7364),(#7365,#7366,#7367),(#7368,#7369,#7370),(#7371,#7372,#7373)),
 .UNSPECIFIED.,.F.,.F.,.F.)
B_SPLINE_SURFACE_WITH_KNOTS((4,2,4),(3,3),(0.,0.5,1.),(0.,1.),
 .UNSPECIFIED.)
GEOMETRIC_REPRESENTATION_ITEM()
RATIONAL_B_SPLINE_SURFACE(((1.,1.,1.),(1.,1.00267573834065,1.),(1.,0.941600035185533,
1.),(1.,0.790450772383351,1.),(1.,0.704674679133938,1.),(1.,0.707106781186556,
1.)))
REPRESENTATION_ITEM('')
SURFACE()
);
#76=(
BOUNDED_SURFACE()
B_SPLINE_SURFACE(3,2,((#7375,#7376,#7377),(#7378,#7379,#7380),(#7381,#7382,
#7383),(#7384,#7385,#7386),(#7387,#7388,#7389),(#7390,#7391,#7392)),
 .UNSPECIFIED.,.F.,.F.,.F.)
B_SPLINE_SURFACE_WITH_KNOTS((4,2,4),(3,3),(0.,0.5,1.),(0.,1.),
 .UNSPECIFIED.)
GEOMETRIC_REPRESENTATION_ITEM()
RATIONAL_B_SPLINE_SURFACE(((1.,0.707106781186545,1.),(1.,0.704674679134045,
1.),(1.,0.790450772383216,1.),(1.,0.941600035185663,1.),(1.,1.00267573834055,
1.),(1.,1.,1.)))
REPRESENTATION_ITEM('')
SURFACE()
);
#77=(
BOUNDED_SURFACE()
B_SPLINE_SURFACE(3,2,((#7399,#7400,#7401),(#7402,#7403,#7404),(#7405,#7406,
#7407),(#7408,#7409,#7410),(#7411,#7412,#7413),(#7414,#7415,#7416)),
 .UNSPECIFIED.,.F.,.F.,.F.)
B_SPLINE_SURFACE_WITH_KNOTS((4,2,4),(3,3),(0.,0.5,1.),(0.,1.),
 .UNSPECIFIED.)
GEOMETRIC_REPRESENTATION_ITEM()
RATIONAL_B_SPLINE_SURFACE(((1.,0.707106781186548,1.),(1.,0.704674679133886,
1.),(1.,0.790450772383427,1.),(1.,0.941600035185457,1.),(1.,1.0026757383407,
1.),(1.,1.,1.)))
REPRESENTATION_ITEM('')
SURFACE()
);
#78=ELLIPSE('',#4881,0.710418702713033,0.5);
#79=ELLIPSE('',#4882,0.710418702713033,0.5);
#80=ELLIPSE('',#4883,0.710418702713035,0.5);
#81=ELLIPSE('',#4884,0.710418702713035,0.5);
#82=ELLIPSE('',#4894,0.583095189484531,0.5);
#83=ELLIPSE('',#4895,0.707106781186547,0.5);
#84=ELLIPSE('',#4897,0.58309518948453,0.5);
#85=ELLIPSE('',#4900,0.583095189484529,0.5);
#86=ELLIPSE('',#4902,0.707106781186547,0.5);
#87=ELLIPSE('',#4904,0.583095189484531,0.5);
#88=ELLIPSE('',#4906,0.58309518948453,0.5);
#89=ELLIPSE('',#4907,0.707106781186547,0.5);
#90=ELLIPSE('',#4909,0.707106781186547,0.5);
#91=ELLIPSE('',#4912,0.58309518948453,0.5);
#92=ELLIPSE('',#4913,0.583095189484531,0.5);
#93=ELLIPSE('',#4916,0.58309518948453,0.5);
#94=CYLINDRICAL_SURFACE('',#4689,9.43410802845341);
#95=CYLINDRICAL_SURFACE('',#4691,9.07566685920074);
#96=CYLINDRICAL_SURFACE('',#4699,7.49361620215709);
#97=CYLINDRICAL_SURFACE('',#4701,7.08497901977332);
#98=CYLINDRICAL_SURFACE('',#4709,5.4185145939903);
#99=CYLINDRICAL_SURFACE('',#4711,5.01039301985746);
#100=CYLINDRICAL_SURFACE('',#4762,0.594453912948035);
#101=CYLINDRICAL_SURFACE('',#4773,0.594453912948035);
#102=CYLINDRICAL_SURFACE('',#4777,0.620460397373271);
#103=CYLINDRICAL_SURFACE('',#4788,0.620460397373271);
#104=CYLINDRICAL_SURFACE('',#4794,1.25140776964898);
#105=CYLINDRICAL_SURFACE('',#4840,1.15);
#106=CYLINDRICAL_SURFACE('',#4843,1.15);
#107=CYLINDRICAL_SURFACE('',#4846,0.5);
#108=CYLINDRICAL_SURFACE('',#4849,0.5);
#109=CYLINDRICAL_SURFACE('',#4859,1.15);
#110=CYLINDRICAL_SURFACE('',#4862,1.15);
#111=CYLINDRICAL_SURFACE('',#4865,0.5);
#112=CYLINDRICAL_SURFACE('',#4868,0.5);
#113=CYLINDRICAL_SURFACE('',#4896,0.5);
#114=CYLINDRICAL_SURFACE('',#4901,0.5);
#115=CYLINDRICAL_SURFACE('',#4903,0.5);
#116=CYLINDRICAL_SURFACE('',#4905,0.5);
#117=CYLINDRICAL_SURFACE('',#4908,0.5);
#118=CYLINDRICAL_SURFACE('',#4910,0.5);
#119=CYLINDRICAL_SURFACE('',#4915,0.5);
#120=CYLINDRICAL_SURFACE('',#4917,0.5);
#121=CYLINDRICAL_SURFACE('',#4922,0.2);
#122=CYLINDRICAL_SURFACE('',#4929,0.2);
#123=CIRCLE('',#4683,9.07566685920074);
#124=CIRCLE('',#4684,9.43410802845341);
#125=CIRCLE('',#4686,9.43410802845341);
#126=CIRCLE('',#4687,9.07566685920074);
#127=CIRCLE('',#4693,7.08497901977332);
#128=CIRCLE('',#4694,7.49361620215709);
#129=CIRCLE('',#4696,7.49361620215709);
#130=CIRCLE('',#4697,7.08497901977332);
#131=CIRCLE('',#4703,5.01039301985746);
#132=CIRCLE('',#4704,5.4185145939903);
#133=CIRCLE('',#4706,5.4185145939903);
#134=CIRCLE('',#4707,5.01039301985746);
#135=CIRCLE('',#4745,0.594453912948035);
#136=CIRCLE('',#4746,0.594453912948035);
#137=CIRCLE('',#4747,0.620460397373271);
#138=CIRCLE('',#4748,0.620460397373271);
#139=CIRCLE('',#4749,1.25140776964898);
#140=CIRCLE('',#4751,1.25140776964898);
#141=CIRCLE('',#4752,0.620460397373271);
#142=CIRCLE('',#4753,0.620460397373271);
#143=CIRCLE('',#4754,0.594453912948035);
#144=CIRCLE('',#4755,0.594453912948035);
#145=CIRCLE('',#4838,1.15);
#146=CIRCLE('',#4839,1.15);
#147=CIRCLE('',#4841,1.15);
#148=CIRCLE('',#4842,1.15);
#149=CIRCLE('',#4844,0.5);
#150=CIRCLE('',#4845,0.5);
#151=CIRCLE('',#4847,0.5);
#152=CIRCLE('',#4848,0.5);
#153=CIRCLE('',#4857,1.15);
#154=CIRCLE('',#4858,1.15);
#155=CIRCLE('',#4860,1.15);
#156=CIRCLE('',#4861,1.15);
#157=CIRCLE('',#4863,0.5);
#158=CIRCLE('',#4864,0.5);
#159=CIRCLE('',#4866,0.5);
#160=CIRCLE('',#4867,0.5);
#161=CIRCLE('',#4888,0.3);
#162=CIRCLE('',#4889,0.3);
#163=CIRCLE('',#4891,0.3);
#164=CIRCLE('',#4892,0.3);
#165=CIRCLE('',#4898,0.5);
#166=CIRCLE('',#4899,0.5);
#167=CIRCLE('',#4911,0.5);
#168=CIRCLE('',#4914,0.5);
#169=CIRCLE('',#4918,0.2);
#170=CIRCLE('',#4919,0.2);
#171=CIRCLE('',#4921,0.2);
#172=CIRCLE('',#4923,0.2);
#173=CIRCLE('',#4925,0.2);
#174=CIRCLE('',#4926,0.2);
#175=CIRCLE('',#4928,0.2);
#176=CIRCLE('',#4930,0.2);
#177=PRESENTATION_LAYER_ASSIGNMENT('1','Layer 1',(#368,#369,#370,#371,#372,
#373,#374,#375,#376,#377,#378,#379,#380,#381,#382,#383,#384,#385,#386,#387,
#388,#389,#390,#391,#392,#393,#394));
#178=STYLED_ITEM('',(#205),#368);
#179=STYLED_ITEM('',(#206),#369);
#180=STYLED_ITEM('',(#207),#370);
#181=STYLED_ITEM('',(#208),#371);
#182=STYLED_ITEM('',(#209),#372);
#183=STYLED_ITEM('',(#210),#373);
#184=STYLED_ITEM('',(#211),#374);
#185=STYLED_ITEM('',(#212),#375);
#186=STYLED_ITEM('',(#213),#376);
#187=STYLED_ITEM('',(#214),#377);
#188=STYLED_ITEM('',(#215),#378);
#189=STYLED_ITEM('',(#216),#379);
#190=STYLED_ITEM('',(#217),#380);
#191=STYLED_ITEM('',(#218),#381);
#192=STYLED_ITEM('',(#219),#382);
#193=STYLED_ITEM('',(#220),#383);
#194=STYLED_ITEM('',(#221),#384);
#195=STYLED_ITEM('',(#222),#385);
#196=STYLED_ITEM('',(#223),#386);
#197=STYLED_ITEM('',(#224),#387);
#198=STYLED_ITEM('',(#225),#388);
#199=STYLED_ITEM('',(#226),#389);
#200=STYLED_ITEM('',(#227),#390);
#201=STYLED_ITEM('',(#228),#391);
#202=STYLED_ITEM('',(#229),#392);
#203=STYLED_ITEM('',(#230),#393);
#204=STYLED_ITEM('',(#231),#394);
#205=PRESENTATION_STYLE_ASSIGNMENT((#232));
#206=PRESENTATION_STYLE_ASSIGNMENT((#233));
#207=PRESENTATION_STYLE_ASSIGNMENT((#234));
#208=PRESENTATION_STYLE_ASSIGNMENT((#235));
#209=PRESENTATION_STYLE_ASSIGNMENT((#236));
#210=PRESENTATION_STYLE_ASSIGNMENT((#237));
#211=PRESENTATION_STYLE_ASSIGNMENT((#238));
#212=PRESENTATION_STYLE_ASSIGNMENT((#239));
#213=PRESENTATION_STYLE_ASSIGNMENT((#240));
#214=PRESENTATION_STYLE_ASSIGNMENT((#241));
#215=PRESENTATION_STYLE_ASSIGNMENT((#242));
#216=PRESENTATION_STYLE_ASSIGNMENT((#243));
#217=PRESENTATION_STYLE_ASSIGNMENT((#244));
#218=PRESENTATION_STYLE_ASSIGNMENT((#245));
#219=PRESENTATION_STYLE_ASSIGNMENT((#246));
#220=PRESENTATION_STYLE_ASSIGNMENT((#247));
#221=PRESENTATION_STYLE_ASSIGNMENT((#248));
#222=PRESENTATION_STYLE_ASSIGNMENT((#249));
#223=PRESENTATION_STYLE_ASSIGNMENT((#250));
#224=PRESENTATION_STYLE_ASSIGNMENT((#251));
#225=PRESENTATION_STYLE_ASSIGNMENT((#252));
#226=PRESENTATION_STYLE_ASSIGNMENT((#253));
#227=PRESENTATION_STYLE_ASSIGNMENT((#254));
#228=PRESENTATION_STYLE_ASSIGNMENT((#255));
#229=PRESENTATION_STYLE_ASSIGNMENT((#256));
#230=PRESENTATION_STYLE_ASSIGNMENT((#257));
#231=PRESENTATION_STYLE_ASSIGNMENT((#258));
#232=SURFACE_STYLE_USAGE(.BOTH.,#259);
#233=SURFACE_STYLE_USAGE(.BOTH.,#260);
#234=SURFACE_STYLE_USAGE(.BOTH.,#261);
#235=SURFACE_STYLE_USAGE(.BOTH.,#262);
#236=SURFACE_STYLE_USAGE(.BOTH.,#263);
#237=SURFACE_STYLE_USAGE(.BOTH.,#264);
#238=SURFACE_STYLE_USAGE(.BOTH.,#265);
#239=SURFACE_STYLE_USAGE(.BOTH.,#266);
#240=SURFACE_STYLE_USAGE(.BOTH.,#267);
#241=SURFACE_STYLE_USAGE(.BOTH.,#268);
#242=SURFACE_STYLE_USAGE(.BOTH.,#269);
#243=SURFACE_STYLE_USAGE(.BOTH.,#270);
#244=SURFACE_STYLE_USAGE(.BOTH.,#271);
#245=SURFACE_STYLE_USAGE(.BOTH.,#272);
#246=SURFACE_STYLE_USAGE(.BOTH.,#273);
#247=SURFACE_STYLE_USAGE(.BOTH.,#274);
#248=SURFACE_STYLE_USAGE(.BOTH.,#275);
#249=SURFACE_STYLE_USAGE(.BOTH.,#276);
#250=SURFACE_STYLE_USAGE(.BOTH.,#277);
#251=SURFACE_STYLE_USAGE(.BOTH.,#278);
#252=SURFACE_STYLE_USAGE(.BOTH.,#279);
#253=SURFACE_STYLE_USAGE(.BOTH.,#280);
#254=SURFACE_STYLE_USAGE(.BOTH.,#281);
#255=SURFACE_STYLE_USAGE(.BOTH.,#282);
#256=SURFACE_STYLE_USAGE(.BOTH.,#283);
#257=SURFACE_STYLE_USAGE(.BOTH.,#284);
#258=SURFACE_STYLE_USAGE(.BOTH.,#285);
#259=SURFACE_SIDE_STYLE('',(#286));
#260=SURFACE_SIDE_STYLE('',(#287));
#261=SURFACE_SIDE_STYLE('',(#288));
#262=SURFACE_SIDE_STYLE('',(#289));
#263=SURFACE_SIDE_STYLE('',(#290));
#264=SURFACE_SIDE_STYLE('',(#291));
#265=SURFACE_SIDE_STYLE('',(#292));
#266=SURFACE_SIDE_STYLE('',(#293));
#267=SURFACE_SIDE_STYLE('',(#294));
#268=SURFACE_SIDE_STYLE('',(#295));
#269=SURFACE_SIDE_STYLE('',(#296));
#270=SURFACE_SIDE_STYLE('',(#297));
#271=SURFACE_SIDE_STYLE('',(#298));
#272=SURFACE_SIDE_STYLE('',(#299));
#273=SURFACE_SIDE_STYLE('',(#300));
#274=SURFACE_SIDE_STYLE('',(#301));
#275=SURFACE_SIDE_STYLE('',(#302));
#276=SURFACE_SIDE_STYLE('',(#303));
#277=SURFACE_SIDE_STYLE('',(#304));
#278=SURFACE_SIDE_STYLE('',(#305));
#279=SURFACE_SIDE_STYLE('',(#306));
#280=SURFACE_SIDE_STYLE('',(#307));
#281=SURFACE_SIDE_STYLE('',(#308));
#282=SURFACE_SIDE_STYLE('',(#309));
#283=SURFACE_SIDE_STYLE('',(#310));
#284=SURFACE_SIDE_STYLE('',(#311));
#285=SURFACE_SIDE_STYLE('',(#312));
#286=SURFACE_STYLE_FILL_AREA(#313);
#287=SURFACE_STYLE_FILL_AREA(#314);
#288=SURFACE_STYLE_FILL_AREA(#315);
#289=SURFACE_STYLE_FILL_AREA(#316);
#290=SURFACE_STYLE_FILL_AREA(#317);
#291=SURFACE_STYLE_FILL_AREA(#318);
#292=SURFACE_STYLE_FILL_AREA(#319);
#293=SURFACE_STYLE_FILL_AREA(#320);
#294=SURFACE_STYLE_FILL_AREA(#321);
#295=SURFACE_STYLE_FILL_AREA(#322);
#296=SURFACE_STYLE_FILL_AREA(#323);
#297=SURFACE_STYLE_FILL_AREA(#324);
#298=SURFACE_STYLE_FILL_AREA(#325);
#299=SURFACE_STYLE_FILL_AREA(#326);
#300=SURFACE_STYLE_FILL_AREA(#327);
#301=SURFACE_STYLE_FILL_AREA(#328);
#302=SURFACE_STYLE_FILL_AREA(#329);
#303=SURFACE_STYLE_FILL_AREA(#330);
#304=SURFACE_STYLE_FILL_AREA(#331);
#305=SURFACE_STYLE_FILL_AREA(#332);
#306=SURFACE_STYLE_FILL_AREA(#333);
#307=SURFACE_STYLE_FILL_AREA(#334);
#308=SURFACE_STYLE_FILL_AREA(#335);
#309=SURFACE_STYLE_FILL_AREA(#336);
#310=SURFACE_STYLE_FILL_AREA(#337);
#311=SURFACE_STYLE_FILL_AREA(#338);
#312=SURFACE_STYLE_FILL_AREA(#339);
#313=FILL_AREA_STYLE('',(#340));
#314=FILL_AREA_STYLE('',(#341));
#315=FILL_AREA_STYLE('',(#342));
#316=FILL_AREA_STYLE('',(#343));
#317=FILL_AREA_STYLE('',(#344));
#318=FILL_AREA_STYLE('',(#345));
#319=FILL_AREA_STYLE('',(#346));
#320=FILL_AREA_STYLE('',(#347));
#321=FILL_AREA_STYLE('',(#348));
#322=FILL_AREA_STYLE('',(#349));
#323=FILL_AREA_STYLE('',(#350));
#324=FILL_AREA_STYLE('',(#351));
#325=FILL_AREA_STYLE('',(#352));
#326=FILL_AREA_STYLE('',(#353));
#327=FILL_AREA_STYLE('',(#354));
#328=FILL_AREA_STYLE('',(#355));
#329=FILL_AREA_STYLE('',(#356));
#330=FILL_AREA_STYLE('',(#357));
#331=FILL_AREA_STYLE('',(#358));
#332=FILL_AREA_STYLE('',(#359));
#333=FILL_AREA_STYLE('',(#360));
#334=FILL_AREA_STYLE('',(#361));
#335=FILL_AREA_STYLE('',(#362));
#336=FILL_AREA_STYLE('',(#363));
#337=FILL_AREA_STYLE('',(#364));
#338=FILL_AREA_STYLE('',(#365));
#339=FILL_AREA_STYLE('',(#366));
#340=FILL_AREA_STYLE_COLOUR('',#367);
#341=FILL_AREA_STYLE_COLOUR('',#367);
#342=FILL_AREA_STYLE_COLOUR('',#367);
#343=FILL_AREA_STYLE_COLOUR('',#367);
#344=FILL_AREA_STYLE_COLOUR('',#367);
#345=FILL_AREA_STYLE_COLOUR('',#367);
#346=FILL_AREA_STYLE_COLOUR('',#367);
#347=FILL_AREA_STYLE_COLOUR('',#367);
#348=FILL_AREA_STYLE_COLOUR('',#367);
#349=FILL_AREA_STYLE_COLOUR('',#367);
#350=FILL_AREA_STYLE_COLOUR('',#367);
#351=FILL_AREA_STYLE_COLOUR('',#367);
#352=FILL_AREA_STYLE_COLOUR('',#367);
#353=FILL_AREA_STYLE_COLOUR('',#367);
#354=FILL_AREA_STYLE_COLOUR('',#367);
#355=FILL_AREA_STYLE_COLOUR('',#367);
#356=FILL_AREA_STYLE_COLOUR('',#367);
#357=FILL_AREA_STYLE_COLOUR('',#367);
#358=FILL_AREA_STYLE_COLOUR('',#367);
#359=FILL_AREA_STYLE_COLOUR('',#367);
#360=FILL_AREA_STYLE_COLOUR('',#367);
#361=FILL_AREA_STYLE_COLOUR('',#367);
#362=FILL_AREA_STYLE_COLOUR('',#367);
#363=FILL_AREA_STYLE_COLOUR('',#367);
#364=FILL_AREA_STYLE_COLOUR('',#367);
#365=FILL_AREA_STYLE_COLOUR('',#367);
#366=FILL_AREA_STYLE_COLOUR('',#367);
#367=COLOUR_RGB('medium steel',0.611764705882353,0.658823529411765,0.670588235294118);
#368=MANIFOLD_SOLID_BREP('',#395);
#369=MANIFOLD_SOLID_BREP('',#396);
#370=MANIFOLD_SOLID_BREP('',#397);
#371=MANIFOLD_SOLID_BREP('',#398);
#372=MANIFOLD_SOLID_BREP('',#399);
#373=MANIFOLD_SOLID_BREP('',#400);
#374=MANIFOLD_SOLID_BREP('',#401);
#375=MANIFOLD_SOLID_BREP('',#402);
#376=MANIFOLD_SOLID_BREP('',#403);
#377=MANIFOLD_SOLID_BREP('',#404);
#378=MANIFOLD_SOLID_BREP('',#405);
#379=MANIFOLD_SOLID_BREP('',#406);
#380=MANIFOLD_SOLID_BREP('',#407);
#381=MANIFOLD_SOLID_BREP('',#408);
#382=MANIFOLD_SOLID_BREP('',#409);
#383=MANIFOLD_SOLID_BREP('',#410);
#384=MANIFOLD_SOLID_BREP('',#411);
#385=MANIFOLD_SOLID_BREP('',#412);
#386=MANIFOLD_SOLID_BREP('',#413);
#387=MANIFOLD_SOLID_BREP('',#414);
#388=MANIFOLD_SOLID_BREP('',#415);
#389=MANIFOLD_SOLID_BREP('',#416);
#390=MANIFOLD_SOLID_BREP('',#417);
#391=MANIFOLD_SOLID_BREP('',#418);
#392=MANIFOLD_SOLID_BREP('',#419);
#393=MANIFOLD_SOLID_BREP('',#420);
#394=MANIFOLD_SOLID_BREP('',#421);
#395=CLOSED_SHELL('',(#422,#423,#424,#425,#426,#427));
#396=CLOSED_SHELL('',(#428,#429,#430,#431,#432,#433));
#397=CLOSED_SHELL('',(#434,#435,#436,#437,#438,#439));
#398=CLOSED_SHELL('',(#440,#441,#442,#443,#444,#445));
#399=CLOSED_SHELL('',(#446,#447,#448,#449,#450,#451));
#400=CLOSED_SHELL('',(#452,#453,#454,#455,#456,#457));
#401=CLOSED_SHELL('',(#458,#459,#460,#461,#462,#463));
#402=CLOSED_SHELL('',(#464,#465,#466,#467,#468,#469));
#403=CLOSED_SHELL('',(#470,#471,#472,#473,#474,#475));
#404=CLOSED_SHELL('',(#476,#477,#478,#479,#480,#481));
#405=CLOSED_SHELL('',(#482,#483,#484,#485,#486,#487));
#406=CLOSED_SHELL('',(#488,#489,#490,#491,#492,#493));
#407=CLOSED_SHELL('',(#494,#495,#496,#497,#498,#499));
#408=CLOSED_SHELL('',(#500,#501,#502,#503,#504,#505));
#409=CLOSED_SHELL('',(#506,#507,#508,#509,#510,#511));
#410=CLOSED_SHELL('',(#512,#513,#514,#515,#516,#517,#518,#519,#520,#521,
#522,#523,#524,#525,#526,#527,#528,#529,#530,#531,#532,#533,#534,#535,#536,
#537));
#411=CLOSED_SHELL('',(#538,#539,#540,#541,#542,#543));
#412=CLOSED_SHELL('',(#544,#545,#546,#547,#548,#549,#550,#551,#552,#553,
#554,#555,#556,#557,#558,#559,#560,#561,#562,#563,#564,#565,#566,#567,#568,
#569,#570,#571,#572,#573,#574,#575,#576,#577,#578,#579,#580,#581,#582,#583,
#584));
#413=CLOSED_SHELL('',(#585,#586,#587,#588,#589,#590));
#414=CLOSED_SHELL('',(#591,#592,#593,#594,#595,#596));
#415=CLOSED_SHELL('',(#597,#598,#599,#600,#601,#602));
#416=CLOSED_SHELL('',(#603,#604,#605,#606,#607,#608));
#417=CLOSED_SHELL('',(#609,#610,#611,#612,#613,#614));
#418=CLOSED_SHELL('',(#615,#616,#617,#618,#619,#620));
#419=CLOSED_SHELL('',(#621,#622,#623,#624,#625,#626));
#420=CLOSED_SHELL('',(#627,#628,#629,#630,#631,#632,#633,#634,#635,#636,
#637,#638,#639,#640,#641,#642,#643,#644,#645,#646,#647,#648,#649,#650,#651,
#652));
#421=CLOSED_SHELL('',(#653,#654,#655,#656,#657,#658,#659,#660,#661,#662,
#663,#664,#665,#666,#667,#668,#669,#670,#671,#672,#673,#674,#675,#676));
#422=ADVANCED_FACE('',(#895),#677,.F.);
#423=ADVANCED_FACE('',(#896),#678,.T.);
#424=ADVANCED_FACE('',(#897),#679,.F.);
#425=ADVANCED_FACE('',(#898),#680,.F.);
#426=ADVANCED_FACE('',(#899),#681,.F.);
#427=ADVANCED_FACE('',(#900),#682,.F.);
#428=ADVANCED_FACE('',(#901),#683,.F.);
#429=ADVANCED_FACE('',(#902),#684,.T.);
#430=ADVANCED_FACE('',(#903),#685,.F.);
#431=ADVANCED_FACE('',(#904),#686,.F.);
#432=ADVANCED_FACE('',(#905),#687,.F.);
#433=ADVANCED_FACE('',(#906),#688,.F.);
#434=ADVANCED_FACE('',(#907),#689,.F.);
#435=ADVANCED_FACE('',(#908),#690,.T.);
#436=ADVANCED_FACE('',(#909),#691,.F.);
#437=ADVANCED_FACE('',(#910),#692,.F.);
#438=ADVANCED_FACE('',(#911),#693,.F.);
#439=ADVANCED_FACE('',(#912),#694,.F.);
#440=ADVANCED_FACE('',(#913),#695,.F.);
#441=ADVANCED_FACE('',(#914),#696,.T.);
#442=ADVANCED_FACE('',(#915),#697,.F.);
#443=ADVANCED_FACE('',(#916),#698,.F.);
#444=ADVANCED_FACE('',(#917),#699,.F.);
#445=ADVANCED_FACE('',(#918),#700,.F.);
#446=ADVANCED_FACE('',(#919),#701,.F.);
#447=ADVANCED_FACE('',(#920),#702,.T.);
#448=ADVANCED_FACE('',(#921),#703,.F.);
#449=ADVANCED_FACE('',(#922),#704,.F.);
#450=ADVANCED_FACE('',(#923),#705,.F.);
#451=ADVANCED_FACE('',(#924),#706,.F.);
#452=ADVANCED_FACE('',(#925),#707,.F.);
#453=ADVANCED_FACE('',(#926),#708,.T.);
#454=ADVANCED_FACE('',(#927),#709,.F.);
#455=ADVANCED_FACE('',(#928),#710,.F.);
#456=ADVANCED_FACE('',(#929),#711,.F.);
#457=ADVANCED_FACE('',(#930),#712,.F.);
#458=ADVANCED_FACE('',(#931),#713,.F.);
#459=ADVANCED_FACE('',(#932),#714,.T.);
#460=ADVANCED_FACE('',(#933),#715,.F.);
#461=ADVANCED_FACE('',(#934),#716,.F.);
#462=ADVANCED_FACE('',(#935),#717,.F.);
#463=ADVANCED_FACE('',(#936),#718,.F.);
#464=ADVANCED_FACE('',(#937),#719,.F.);
#465=ADVANCED_FACE('',(#938),#720,.T.);
#466=ADVANCED_FACE('',(#939),#721,.F.);
#467=ADVANCED_FACE('',(#940),#722,.F.);
#468=ADVANCED_FACE('',(#941),#723,.F.);
#469=ADVANCED_FACE('',(#942),#724,.F.);
#470=ADVANCED_FACE('',(#943),#725,.T.);
#471=ADVANCED_FACE('',(#944),#726,.F.);
#472=ADVANCED_FACE('',(#945),#727,.F.);
#473=ADVANCED_FACE('',(#946),#728,.F.);
#474=ADVANCED_FACE('',(#947),#729,.F.);
#475=ADVANCED_FACE('',(#948),#730,.F.);
#476=ADVANCED_FACE('',(#949),#731,.F.);
#477=ADVANCED_FACE('',(#950),#732,.T.);
#478=ADVANCED_FACE('',(#951),#733,.F.);
#479=ADVANCED_FACE('',(#952),#734,.F.);
#480=ADVANCED_FACE('',(#953),#735,.F.);
#481=ADVANCED_FACE('',(#954),#736,.F.);
#482=ADVANCED_FACE('',(#955),#737,.F.);
#483=ADVANCED_FACE('',(#956),#738,.T.);
#484=ADVANCED_FACE('',(#957),#739,.F.);
#485=ADVANCED_FACE('',(#958),#740,.F.);
#486=ADVANCED_FACE('',(#959),#741,.F.);
#487=ADVANCED_FACE('',(#960),#742,.F.);
#488=ADVANCED_FACE('',(#961),#743,.F.);
#489=ADVANCED_FACE('',(#962),#744,.T.);
#490=ADVANCED_FACE('',(#963),#745,.F.);
#491=ADVANCED_FACE('',(#964),#746,.F.);
#492=ADVANCED_FACE('',(#965),#747,.F.);
#493=ADVANCED_FACE('',(#966),#748,.F.);
#494=ADVANCED_FACE('',(#967),#749,.F.);
#495=ADVANCED_FACE('',(#968),#750,.T.);
#496=ADVANCED_FACE('',(#969),#94,.T.);
#497=ADVANCED_FACE('',(#970),#751,.T.);
#498=ADVANCED_FACE('',(#971),#95,.F.);
#499=ADVANCED_FACE('',(#972),#752,.T.);
#500=ADVANCED_FACE('',(#973),#753,.F.);
#501=ADVANCED_FACE('',(#974),#754,.T.);
#502=ADVANCED_FACE('',(#975),#96,.T.);
#503=ADVANCED_FACE('',(#976),#755,.T.);
#504=ADVANCED_FACE('',(#977),#97,.F.);
#505=ADVANCED_FACE('',(#978),#756,.T.);
#506=ADVANCED_FACE('',(#979),#757,.F.);
#507=ADVANCED_FACE('',(#980),#758,.T.);
#508=ADVANCED_FACE('',(#981),#98,.T.);
#509=ADVANCED_FACE('',(#982),#759,.T.);
#510=ADVANCED_FACE('',(#983),#99,.F.);
#511=ADVANCED_FACE('',(#984),#760,.T.);
#512=ADVANCED_FACE('',(#985),#761,.F.);
#513=ADVANCED_FACE('',(#986),#762,.T.);
#514=ADVANCED_FACE('',(#987),#763,.F.);
#515=ADVANCED_FACE('',(#988),#764,.F.);
#516=ADVANCED_FACE('',(#989),#765,.F.);
#517=ADVANCED_FACE('',(#990),#766,.F.);
#518=ADVANCED_FACE('',(#991),#767,.F.);
#519=ADVANCED_FACE('',(#992),#768,.F.);
#520=ADVANCED_FACE('',(#993),#769,.F.);
#521=ADVANCED_FACE('',(#994),#770,.F.);
#522=ADVANCED_FACE('',(#995),#771,.F.);
#523=ADVANCED_FACE('',(#996),#772,.F.);
#524=ADVANCED_FACE('',(#997),#773,.F.);
#525=ADVANCED_FACE('',(#998),#774,.F.);
#526=ADVANCED_FACE('',(#999),#775,.F.);
#527=ADVANCED_FACE('',(#1000),#776,.F.);
#528=ADVANCED_FACE('',(#1001),#777,.F.);
#529=ADVANCED_FACE('',(#1002),#778,.F.);
#530=ADVANCED_FACE('',(#1003),#779,.F.);
#531=ADVANCED_FACE('',(#1004),#780,.F.);
#532=ADVANCED_FACE('',(#1005),#781,.F.);
#533=ADVANCED_FACE('',(#1006),#782,.F.);
#534=ADVANCED_FACE('',(#1007),#783,.F.);
#535=ADVANCED_FACE('',(#1008),#784,.F.);
#536=ADVANCED_FACE('',(#1009),#785,.F.);
#537=ADVANCED_FACE('',(#1010),#786,.F.);
#538=ADVANCED_FACE('',(#1011),#787,.T.);
#539=ADVANCED_FACE('',(#1012),#788,.F.);
#540=ADVANCED_FACE('',(#1013),#789,.F.);
#541=ADVANCED_FACE('',(#1014),#790,.F.);
#542=ADVANCED_FACE('',(#1015),#791,.F.);
#543=ADVANCED_FACE('',(#1016),#792,.F.);
#544=ADVANCED_FACE('',(#1017),#793,.F.);
#545=ADVANCED_FACE('',(#1018),#794,.T.);
#546=ADVANCED_FACE('',(#1019),#795,.F.);
#547=ADVANCED_FACE('',(#1020),#796,.F.);
#548=ADVANCED_FACE('',(#1021),#797,.F.);
#549=ADVANCED_FACE('',(#1022),#798,.F.);
#550=ADVANCED_FACE('',(#1023),#799,.F.);
#551=ADVANCED_FACE('',(#1024),#100,.T.);
#552=ADVANCED_FACE('',(#1025),#800,.F.);
#553=ADVANCED_FACE('',(#1026),#801,.F.);
#554=ADVANCED_FACE('',(#1027),#802,.F.);
#555=ADVANCED_FACE('',(#1028),#803,.F.);
#556=ADVANCED_FACE('',(#1029),#804,.F.);
#557=ADVANCED_FACE('',(#1030),#805,.F.);
#558=ADVANCED_FACE('',(#1031),#806,.F.);
#559=ADVANCED_FACE('',(#1032),#807,.F.);
#560=ADVANCED_FACE('',(#1033),#808,.F.);
#561=ADVANCED_FACE('',(#1034),#809,.F.);
#562=ADVANCED_FACE('',(#1035),#101,.T.);
#563=ADVANCED_FACE('',(#1036),#810,.F.);
#564=ADVANCED_FACE('',(#1037),#811,.F.);
#565=ADVANCED_FACE('',(#1038),#812,.F.);
#566=ADVANCED_FACE('',(#1039),#102,.T.);
#567=ADVANCED_FACE('',(#1040),#813,.F.);
#568=ADVANCED_FACE('',(#1041),#814,.F.);
#569=ADVANCED_FACE('',(#1042),#815,.F.);
#570=ADVANCED_FACE('',(#1043),#816,.F.);
#571=ADVANCED_FACE('',(#1044),#817,.F.);
#572=ADVANCED_FACE('',(#1045),#818,.F.);
#573=ADVANCED_FACE('',(#1046),#819,.F.);
#574=ADVANCED_FACE('',(#1047),#820,.F.);
#575=ADVANCED_FACE('',(#1048),#821,.F.);
#576=ADVANCED_FACE('',(#1049),#822,.F.);
#577=ADVANCED_FACE('',(#1050),#103,.T.);
#578=ADVANCED_FACE('',(#1051),#823,.F.);
#579=ADVANCED_FACE('',(#1052),#824,.F.);
#580=ADVANCED_FACE('',(#1053),#825,.F.);
#581=ADVANCED_FACE('',(#1054),#826,.F.);
#582=ADVANCED_FACE('',(#1055),#827,.F.);
#583=ADVANCED_FACE('',(#1056),#104,.T.);
#584=ADVANCED_FACE('',(#1057),#828,.F.);
#585=ADVANCED_FACE('',(#1058),#829,.T.);
#586=ADVANCED_FACE('',(#1059),#830,.F.);
#587=ADVANCED_FACE('',(#1060),#831,.F.);
#588=ADVANCED_FACE('',(#1061),#832,.F.);
#589=ADVANCED_FACE('',(#1062),#833,.F.);
#590=ADVANCED_FACE('',(#1063),#834,.F.);
#591=ADVANCED_FACE('',(#1064),#835,.T.);
#592=ADVANCED_FACE('',(#1065),#836,.F.);
#593=ADVANCED_FACE('',(#1066),#837,.F.);
#594=ADVANCED_FACE('',(#1067),#838,.F.);
#595=ADVANCED_FACE('',(#1068),#839,.F.);
#596=ADVANCED_FACE('',(#1069),#840,.F.);
#597=ADVANCED_FACE('',(#1070),#841,.F.);
#598=ADVANCED_FACE('',(#1071),#842,.T.);
#599=ADVANCED_FACE('',(#1072),#843,.F.);
#600=ADVANCED_FACE('',(#1073),#844,.F.);
#601=ADVANCED_FACE('',(#1074),#845,.F.);
#602=ADVANCED_FACE('',(#1075),#846,.F.);
#603=ADVANCED_FACE('',(#1076),#847,.T.);
#604=ADVANCED_FACE('',(#1077),#848,.F.);
#605=ADVANCED_FACE('',(#1078),#849,.F.);
#606=ADVANCED_FACE('',(#1079),#850,.F.);
#607=ADVANCED_FACE('',(#1080),#851,.F.);
#608=ADVANCED_FACE('',(#1081),#852,.F.);
#609=ADVANCED_FACE('',(#1082),#853,.F.);
#610=ADVANCED_FACE('',(#1083),#854,.T.);
#611=ADVANCED_FACE('',(#1084),#855,.F.);
#612=ADVANCED_FACE('',(#1085),#856,.F.);
#613=ADVANCED_FACE('',(#1086),#857,.F.);
#614=ADVANCED_FACE('',(#1087),#858,.F.);
#615=ADVANCED_FACE('',(#1088),#859,.F.);
#616=ADVANCED_FACE('',(#1089),#860,.T.);
#617=ADVANCED_FACE('',(#1090),#861,.F.);
#618=ADVANCED_FACE('',(#1091),#862,.F.);
#619=ADVANCED_FACE('',(#1092),#863,.F.);
#620=ADVANCED_FACE('',(#1093),#864,.F.);
#621=ADVANCED_FACE('',(#1094),#865,.F.);
#622=ADVANCED_FACE('',(#1095),#866,.T.);
#623=ADVANCED_FACE('',(#1096),#867,.F.);
#624=ADVANCED_FACE('',(#1097),#868,.F.);
#625=ADVANCED_FACE('',(#1098),#869,.F.);
#626=ADVANCED_FACE('',(#1099),#870,.F.);
#627=ADVANCED_FACE('',(#1100),#105,.F.);
#628=ADVANCED_FACE('',(#1101),#106,.F.);
#629=ADVANCED_FACE('',(#1102),#107,.T.);
#630=ADVANCED_FACE('',(#1103),#108,.T.);
#631=ADVANCED_FACE('',(#1104),#871,.T.);
#632=ADVANCED_FACE('',(#1105),#872,.T.);
#633=ADVANCED_FACE('',(#1106),#873,.T.);
#634=ADVANCED_FACE('',(#1107),#874,.T.);
#635=ADVANCED_FACE('',(#1108),#875,.T.);
#636=ADVANCED_FACE('',(#1109),#876,.T.);
#637=ADVANCED_FACE('',(#1110),#877,.T.);
#638=ADVANCED_FACE('',(#1111),#109,.F.);
#639=ADVANCED_FACE('',(#1112),#110,.F.);
#640=ADVANCED_FACE('',(#1113),#111,.T.);
#641=ADVANCED_FACE('',(#1114),#112,.T.);
#642=ADVANCED_FACE('',(#1115),#878,.F.);
#643=ADVANCED_FACE('',(#1116),#879,.T.);
#644=ADVANCED_FACE('',(#1117),#880,.F.);
#645=ADVANCED_FACE('',(#1118),#881,.F.);
#646=ADVANCED_FACE('',(#1119),#882,.F.);
#647=ADVANCED_FACE('',(#1120),#883,.F.);
#648=ADVANCED_FACE('',(#1121),#884,.F.);
#649=ADVANCED_FACE('',(#1122),#885,.F.);
#650=ADVANCED_FACE('',(#1123),#886,.F.);
#651=ADVANCED_FACE('',(#1124),#887,.F.);
#652=ADVANCED_FACE('',(#1125),#888,.F.);
#653=ADVANCED_FACE('',(#1126),#889,.T.);
#654=ADVANCED_FACE('',(#1127),#890,.T.);
#655=ADVANCED_FACE('',(#1128),#891,.T.);
#656=ADVANCED_FACE('',(#1129),#892,.T.);
#657=ADVANCED_FACE('',(#1130),#893,.F.);
#658=ADVANCED_FACE('',(#1131),#894,.T.);
#659=ADVANCED_FACE('',(#1132),#113,.T.);
#660=ADVANCED_FACE('',(#1133),#114,.T.);
#661=ADVANCED_FACE('',(#1134),#115,.T.);
#662=ADVANCED_FACE('',(#1135),#116,.T.);
#663=ADVANCED_FACE('',(#1136),#117,.T.);
#664=ADVANCED_FACE('',(#1137),#118,.T.);
#665=ADVANCED_FACE('',(#1138),#119,.T.);
#666=ADVANCED_FACE('',(#1139),#120,.T.);
#667=ADVANCED_FACE('',(#1140),#74,.T.);
#668=ADVANCED_FACE('',(#1141),#70,.T.);
#669=ADVANCED_FACE('',(#1142),#121,.T.);
#670=ADVANCED_FACE('',(#1143),#71,.T.);
#671=ADVANCED_FACE('',(#1144),#75,.T.);
#672=ADVANCED_FACE('',(#1145),#76,.T.);
#673=ADVANCED_FACE('',(#1146),#72,.T.);
#674=ADVANCED_FACE('',(#1147),#122,.T.);
#675=ADVANCED_FACE('',(#1148),#73,.T.);
#676=ADVANCED_FACE('',(#1149),#77,.T.);
#677=PLANE('',#4611);
#678=PLANE('',#4612);
#679=PLANE('',#4613);
#680=PLANE('',#4614);
#681=PLANE('',#4615);
#682=PLANE('',#4616);
#683=PLANE('',#4617);
#684=PLANE('',#4618);
#685=PLANE('',#4619);
#686=PLANE('',#4620);
#687=PLANE('',#4621);
#688=PLANE('',#4622);
#689=PLANE('',#4623);
#690=PLANE('',#4624);
#691=PLANE('',#4625);
#692=PLANE('',#4626);
#693=PLANE('',#4627);
#694=PLANE('',#4628);
#695=PLANE('',#4629);
#696=PLANE('',#4630);
#697=PLANE('',#4631);
#698=PLANE('',#4632);
#699=PLANE('',#4633);
#700=PLANE('',#4634);
#701=PLANE('',#4635);
#702=PLANE('',#4636);
#703=PLANE('',#4637);
#704=PLANE('',#4638);
#705=PLANE('',#4639);
#706=PLANE('',#4640);
#707=PLANE('',#4641);
#708=PLANE('',#4642);
#709=PLANE('',#4643);
#710=PLANE('',#4644);
#711=PLANE('',#4645);
#712=PLANE('',#4646);
#713=PLANE('',#4647);
#714=PLANE('',#4648);
#715=PLANE('',#4649);
#716=PLANE('',#4650);
#717=PLANE('',#4651);
#718=PLANE('',#4652);
#719=PLANE('',#4653);
#720=PLANE('',#4654);
#721=PLANE('',#4655);
#722=PLANE('',#4656);
#723=PLANE('',#4657);
#724=PLANE('',#4658);
#725=PLANE('',#4659);
#726=PLANE('',#4660);
#727=PLANE('',#4661);
#728=PLANE('',#4662);
#729=PLANE('',#4663);
#730=PLANE('',#4664);
#731=PLANE('',#4665);
#732=PLANE('',#4666);
#733=PLANE('',#4667);
#734=PLANE('',#4668);
#735=PLANE('',#4669);
#736=PLANE('',#4670);
#737=PLANE('',#4671);
#738=PLANE('',#4672);
#739=PLANE('',#4673);
#740=PLANE('',#4674);
#741=PLANE('',#4675);
#742=PLANE('',#4676);
#743=PLANE('',#4677);
#744=PLANE('',#4678);
#745=PLANE('',#4679);
#746=PLANE('',#4680);
#747=PLANE('',#4681);
#748=PLANE('',#4682);
#749=PLANE('',#4685);
#750=PLANE('',#4688);
#751=PLANE('',#4690);
#752=PLANE('',#4692);
#753=PLANE('',#4695);
#754=PLANE('',#4698);
#755=PLANE('',#4700);
#756=PLANE('',#4702);
#757=PLANE('',#4705);
#758=PLANE('',#4708);
#759=PLANE('',#4710);
#760=PLANE('',#4712);
#761=PLANE('',#4713);
#762=PLANE('',#4714);
#763=PLANE('',#4715);
#764=PLANE('',#4716);
#765=PLANE('',#4717);
#766=PLANE('',#4718);
#767=PLANE('',#4719);
#768=PLANE('',#4720);
#769=PLANE('',#4721);
#770=PLANE('',#4722);
#771=PLANE('',#4723);
#772=PLANE('',#4724);
#773=PLANE('',#4725);
#774=PLANE('',#4726);
#775=PLANE('',#4727);
#776=PLANE('',#4728);
#777=PLANE('',#4729);
#778=PLANE('',#4730);
#779=PLANE('',#4731);
#780=PLANE('',#4732);
#781=PLANE('',#4733);
#782=PLANE('',#4734);
#783=PLANE('',#4735);
#784=PLANE('',#4736);
#785=PLANE('',#4737);
#786=PLANE('',#4738);
#787=PLANE('',#4739);
#788=PLANE('',#4740);
#789=PLANE('',#4741);
#790=PLANE('',#4742);
#791=PLANE('',#4743);
#792=PLANE('',#4744);
#793=PLANE('',#4750);
#794=PLANE('',#4756);
#795=PLANE('',#4757);
#796=PLANE('',#4758);
#797=PLANE('',#4759);
#798=PLANE('',#4760);
#799=PLANE('',#4761);
#800=PLANE('',#4763);
#801=PLANE('',#4764);
#802=PLANE('',#4765);
#803=PLANE('',#4766);
#804=PLANE('',#4767);
#805=PLANE('',#4768);
#806=PLANE('',#4769);
#807=PLANE('',#4770);
#808=PLANE('',#4771);
#809=PLANE('',#4772);
#810=PLANE('',#4774);
#811=PLANE('',#4775);
#812=PLANE('',#4776);
#813=PLANE('',#4778);
#814=PLANE('',#4779);
#815=PLANE('',#4780);
#816=PLANE('',#4781);
#817=PLANE('',#4782);
#818=PLANE('',#4783);
#819=PLANE('',#4784);
#820=PLANE('',#4785);
#821=PLANE('',#4786);
#822=PLANE('',#4787);
#823=PLANE('',#4789);
#824=PLANE('',#4790);
#825=PLANE('',#4791);
#826=PLANE('',#4792);
#827=PLANE('',#4793);
#828=PLANE('',#4795);
#829=PLANE('',#4796);
#830=PLANE('',#4797);
#831=PLANE('',#4798);
#832=PLANE('',#4799);
#833=PLANE('',#4800);
#834=PLANE('',#4801);
#835=PLANE('',#4802);
#836=PLANE('',#4803);
#837=PLANE('',#4804);
#838=PLANE('',#4805);
#839=PLANE('',#4806);
#840=PLANE('',#4807);
#841=PLANE('',#4808);
#842=PLANE('',#4809);
#843=PLANE('',#4810);
#844=PLANE('',#4811);
#845=PLANE('',#4812);
#846=PLANE('',#4813);
#847=PLANE('',#4814);
#848=PLANE('',#4815);
#849=PLANE('',#4816);
#850=PLANE('',#4817);
#851=PLANE('',#4818);
#852=PLANE('',#4819);
#853=PLANE('',#4820);
#854=PLANE('',#4821);
#855=PLANE('',#4822);
#856=PLANE('',#4823);
#857=PLANE('',#4824);
#858=PLANE('',#4825);
#859=PLANE('',#4826);
#860=PLANE('',#4827);
#861=PLANE('',#4828);
#862=PLANE('',#4829);
#863=PLANE('',#4830);
#864=PLANE('',#4831);
#865=PLANE('',#4832);
#866=PLANE('',#4833);
#867=PLANE('',#4834);
#868=PLANE('',#4835);
#869=PLANE('',#4836);
#870=PLANE('',#4837);
#871=PLANE('',#4850);
#872=PLANE('',#4851);
#873=PLANE('',#4852);
#874=PLANE('',#4853);
#875=PLANE('',#4854);
#876=PLANE('',#4855);
#877=PLANE('',#4856);
#878=PLANE('',#4869);
#879=PLANE('',#4870);
#880=PLANE('',#4871);
#881=PLANE('',#4872);
#882=PLANE('',#4873);
#883=PLANE('',#4874);
#884=PLANE('',#4875);
#885=PLANE('',#4876);
#886=PLANE('',#4877);
#887=PLANE('',#4878);
#888=PLANE('',#4879);
#889=PLANE('',#4880);
#890=PLANE('',#4885);
#891=PLANE('',#4886);
#892=PLANE('',#4887);
#893=PLANE('',#4890);
#894=PLANE('',#4893);
#895=FACE_OUTER_BOUND('',#1150,.T.);
#896=FACE_OUTER_BOUND('',#1151,.T.);
#897=FACE_OUTER_BOUND('',#1152,.T.);
#898=FACE_OUTER_BOUND('',#1153,.T.);
#899=FACE_OUTER_BOUND('',#1154,.T.);
#900=FACE_OUTER_BOUND('',#1155,.T.);
#901=FACE_OUTER_BOUND('',#1156,.T.);
#902=FACE_OUTER_BOUND('',#1157,.T.);
#903=FACE_OUTER_BOUND('',#1158,.T.);
#904=FACE_OUTER_BOUND('',#1159,.T.);
#905=FACE_OUTER_BOUND('',#1160,.T.);
#906=FACE_OUTER_BOUND('',#1161,.T.);
#907=FACE_OUTER_BOUND('',#1162,.T.);
#908=FACE_OUTER_BOUND('',#1163,.T.);
#909=FACE_OUTER_BOUND('',#1164,.T.);
#910=FACE_OUTER_BOUND('',#1165,.T.);
#911=FACE_OUTER_BOUND('',#1166,.T.);
#912=FACE_OUTER_BOUND('',#1167,.T.);
#913=FACE_OUTER_BOUND('',#1168,.T.);
#914=FACE_OUTER_BOUND('',#1169,.T.);
#915=FACE_OUTER_BOUND('',#1170,.T.);
#916=FACE_OUTER_BOUND('',#1171,.T.);
#917=FACE_OUTER_BOUND('',#1172,.T.);
#918=FACE_OUTER_BOUND('',#1173,.T.);
#919=FACE_OUTER_BOUND('',#1174,.T.);
#920=FACE_OUTER_BOUND('',#1175,.T.);
#921=FACE_OUTER_BOUND('',#1176,.T.);
#922=FACE_OUTER_BOUND('',#1177,.T.);
#923=FACE_OUTER_BOUND('',#1178,.T.);
#924=FACE_OUTER_BOUND('',#1179,.T.);
#925=FACE_OUTER_BOUND('',#1180,.T.);
#926=FACE_OUTER_BOUND('',#1181,.T.);
#927=FACE_OUTER_BOUND('',#1182,.T.);
#928=FACE_OUTER_BOUND('',#1183,.T.);
#929=FACE_OUTER_BOUND('',#1184,.T.);
#930=FACE_OUTER_BOUND('',#1185,.T.);
#931=FACE_OUTER_BOUND('',#1186,.T.);
#932=FACE_OUTER_BOUND('',#1187,.T.);
#933=FACE_OUTER_BOUND('',#1188,.T.);
#934=FACE_OUTER_BOUND('',#1189,.T.);
#935=FACE_OUTER_BOUND('',#1190,.T.);
#936=FACE_OUTER_BOUND('',#1191,.T.);
#937=FACE_OUTER_BOUND('',#1192,.T.);
#938=FACE_OUTER_BOUND('',#1193,.T.);
#939=FACE_OUTER_BOUND('',#1194,.T.);
#940=FACE_OUTER_BOUND('',#1195,.T.);
#941=FACE_OUTER_BOUND('',#1196,.T.);
#942=FACE_OUTER_BOUND('',#1197,.T.);
#943=FACE_OUTER_BOUND('',#1198,.T.);
#944=FACE_OUTER_BOUND('',#1199,.T.);
#945=FACE_OUTER_BOUND('',#1200,.T.);
#946=FACE_OUTER_BOUND('',#1201,.T.);
#947=FACE_OUTER_BOUND('',#1202,.T.);
#948=FACE_OUTER_BOUND('',#1203,.T.);
#949=FACE_OUTER_BOUND('',#1204,.T.);
#950=FACE_OUTER_BOUND('',#1205,.T.);
#951=FACE_OUTER_BOUND('',#1206,.T.);
#952=FACE_OUTER_BOUND('',#1207,.T.);
#953=FACE_OUTER_BOUND('',#1208,.T.);
#954=FACE_OUTER_BOUND('',#1209,.T.);
#955=FACE_OUTER_BOUND('',#1210,.T.);
#956=FACE_OUTER_BOUND('',#1211,.T.);
#957=FACE_OUTER_BOUND('',#1212,.T.);
#958=FACE_OUTER_BOUND('',#1213,.T.);
#959=FACE_OUTER_BOUND('',#1214,.T.);
#960=FACE_OUTER_BOUND('',#1215,.T.);
#961=FACE_OUTER_BOUND('',#1216,.T.);
#962=FACE_OUTER_BOUND('',#1217,.T.);
#963=FACE_OUTER_BOUND('',#1218,.T.);
#964=FACE_OUTER_BOUND('',#1219,.T.);
#965=FACE_OUTER_BOUND('',#1220,.T.);
#966=FACE_OUTER_BOUND('',#1221,.T.);
#967=FACE_OUTER_BOUND('',#1222,.T.);
#968=FACE_OUTER_BOUND('',#1223,.T.);
#969=FACE_OUTER_BOUND('',#1224,.T.);
#970=FACE_OUTER_BOUND('',#1225,.T.);
#971=FACE_OUTER_BOUND('',#1226,.T.);
#972=FACE_OUTER_BOUND('',#1227,.T.);
#973=FACE_OUTER_BOUND('',#1228,.T.);
#974=FACE_OUTER_BOUND('',#1229,.T.);
#975=FACE_OUTER_BOUND('',#1230,.T.);
#976=FACE_OUTER_BOUND('',#1231,.T.);
#977=FACE_OUTER_BOUND('',#1232,.T.);
#978=FACE_OUTER_BOUND('',#1233,.T.);
#979=FACE_OUTER_BOUND('',#1234,.T.);
#980=FACE_OUTER_BOUND('',#1235,.T.);
#981=FACE_OUTER_BOUND('',#1236,.T.);
#982=FACE_OUTER_BOUND('',#1237,.T.);
#983=FACE_OUTER_BOUND('',#1238,.T.);
#984=FACE_OUTER_BOUND('',#1239,.T.);
#985=FACE_OUTER_BOUND('',#1240,.T.);
#986=FACE_OUTER_BOUND('',#1241,.T.);
#987=FACE_OUTER_BOUND('',#1242,.T.);
#988=FACE_OUTER_BOUND('',#1243,.T.);
#989=FACE_OUTER_BOUND('',#1244,.T.);
#990=FACE_OUTER_BOUND('',#1245,.T.);
#991=FACE_OUTER_BOUND('',#1246,.T.);
#992=FACE_OUTER_BOUND('',#1247,.T.);
#993=FACE_OUTER_BOUND('',#1248,.T.);
#994=FACE_OUTER_BOUND('',#1249,.T.);
#995=FACE_OUTER_BOUND('',#1250,.T.);
#996=FACE_OUTER_BOUND('',#1251,.T.);
#997=FACE_OUTER_BOUND('',#1252,.T.);
#998=FACE_OUTER_BOUND('',#1253,.T.);
#999=FACE_OUTER_BOUND('',#1254,.T.);
#1000=FACE_OUTER_BOUND('',#1255,.T.);
#1001=FACE_OUTER_BOUND('',#1256,.T.);
#1002=FACE_OUTER_BOUND('',#1257,.T.);
#1003=FACE_OUTER_BOUND('',#1258,.T.);
#1004=FACE_OUTER_BOUND('',#1259,.T.);
#1005=FACE_OUTER_BOUND('',#1260,.T.);
#1006=FACE_OUTER_BOUND('',#1261,.T.);
#1007=FACE_OUTER_BOUND('',#1262,.T.);
#1008=FACE_OUTER_BOUND('',#1263,.T.);
#1009=FACE_OUTER_BOUND('',#1264,.T.);
#1010=FACE_OUTER_BOUND('',#1265,.T.);
#1011=FACE_OUTER_BOUND('',#1266,.T.);
#1012=FACE_OUTER_BOUND('',#1267,.T.);
#1013=FACE_OUTER_BOUND('',#1268,.T.);
#1014=FACE_OUTER_BOUND('',#1269,.T.);
#1015=FACE_OUTER_BOUND('',#1270,.T.);
#1016=FACE_OUTER_BOUND('',#1271,.T.);
#1017=FACE_OUTER_BOUND('',#1272,.T.);
#1018=FACE_OUTER_BOUND('',#1273,.T.);
#1019=FACE_OUTER_BOUND('',#1274,.T.);
#1020=FACE_OUTER_BOUND('',#1275,.T.);
#1021=FACE_OUTER_BOUND('',#1276,.T.);
#1022=FACE_OUTER_BOUND('',#1277,.T.);
#1023=FACE_OUTER_BOUND('',#1278,.T.);
#1024=FACE_OUTER_BOUND('',#1279,.T.);
#1025=FACE_OUTER_BOUND('',#1280,.T.);
#1026=FACE_OUTER_BOUND('',#1281,.T.);
#1027=FACE_OUTER_BOUND('',#1282,.T.);
#1028=FACE_OUTER_BOUND('',#1283,.T.);
#1029=FACE_OUTER_BOUND('',#1284,.T.);
#1030=FACE_OUTER_BOUND('',#1285,.T.);
#1031=FACE_OUTER_BOUND('',#1286,.T.);
#1032=FACE_OUTER_BOUND('',#1287,.T.);
#1033=FACE_OUTER_BOUND('',#1288,.T.);
#1034=FACE_OUTER_BOUND('',#1289,.T.);
#1035=FACE_OUTER_BOUND('',#1290,.T.);
#1036=FACE_OUTER_BOUND('',#1291,.T.);
#1037=FACE_OUTER_BOUND('',#1292,.T.);
#1038=FACE_OUTER_BOUND('',#1293,.T.);
#1039=FACE_OUTER_BOUND('',#1294,.T.);
#1040=FACE_OUTER_BOUND('',#1295,.T.);
#1041=FACE_OUTER_BOUND('',#1296,.T.);
#1042=FACE_OUTER_BOUND('',#1297,.T.);
#1043=FACE_OUTER_BOUND('',#1298,.T.);
#1044=FACE_OUTER_BOUND('',#1299,.T.);
#1045=FACE_OUTER_BOUND('',#1300,.T.);
#1046=FACE_OUTER_BOUND('',#1301,.T.);
#1047=FACE_OUTER_BOUND('',#1302,.T.);
#1048=FACE_OUTER_BOUND('',#1303,.T.);
#1049=FACE_OUTER_BOUND('',#1304,.T.);
#1050=FACE_OUTER_BOUND('',#1305,.T.);
#1051=FACE_OUTER_BOUND('',#1306,.T.);
#1052=FACE_OUTER_BOUND('',#1307,.T.);
#1053=FACE_OUTER_BOUND('',#1308,.T.);
#1054=FACE_OUTER_BOUND('',#1309,.T.);
#1055=FACE_OUTER_BOUND('',#1310,.T.);
#1056=FACE_OUTER_BOUND('',#1311,.T.);
#1057=FACE_OUTER_BOUND('',#1312,.T.);
#1058=FACE_OUTER_BOUND('',#1313,.T.);
#1059=FACE_OUTER_BOUND('',#1314,.T.);
#1060=FACE_OUTER_BOUND('',#1315,.T.);
#1061=FACE_OUTER_BOUND('',#1316,.T.);
#1062=FACE_OUTER_BOUND('',#1317,.T.);
#1063=FACE_OUTER_BOUND('',#1318,.T.);
#1064=FACE_OUTER_BOUND('',#1319,.T.);
#1065=FACE_OUTER_BOUND('',#1320,.T.);
#1066=FACE_OUTER_BOUND('',#1321,.T.);
#1067=FACE_OUTER_BOUND('',#1322,.T.);
#1068=FACE_OUTER_BOUND('',#1323,.T.);
#1069=FACE_OUTER_BOUND('',#1324,.T.);
#1070=FACE_OUTER_BOUND('',#1325,.T.);
#1071=FACE_OUTER_BOUND('',#1326,.T.);
#1072=FACE_OUTER_BOUND('',#1327,.T.);
#1073=FACE_OUTER_BOUND('',#1328,.T.);
#1074=FACE_OUTER_BOUND('',#1329,.T.);
#1075=FACE_OUTER_BOUND('',#1330,.T.);
#1076=FACE_OUTER_BOUND('',#1331,.T.);
#1077=FACE_OUTER_BOUND('',#1332,.T.);
#1078=FACE_OUTER_BOUND('',#1333,.T.);
#1079=FACE_OUTER_BOUND('',#1334,.T.);
#1080=FACE_OUTER_BOUND('',#1335,.T.);
#1081=FACE_OUTER_BOUND('',#1336,.T.);
#1082=FACE_OUTER_BOUND('',#1337,.T.);
#1083=FACE_OUTER_BOUND('',#1338,.T.);
#1084=FACE_OUTER_BOUND('',#1339,.T.);
#1085=FACE_OUTER_BOUND('',#1340,.T.);
#1086=FACE_OUTER_BOUND('',#1341,.T.);
#1087=FACE_OUTER_BOUND('',#1342,.T.);
#1088=FACE_OUTER_BOUND('',#1343,.T.);
#1089=FACE_OUTER_BOUND('',#1344,.T.);
#1090=FACE_OUTER_BOUND('',#1345,.T.);
#1091=FACE_OUTER_BOUND('',#1346,.T.);
#1092=FACE_OUTER_BOUND('',#1347,.T.);
#1093=FACE_OUTER_BOUND('',#1348,.T.);
#1094=FACE_OUTER_BOUND('',#1349,.T.);
#1095=FACE_OUTER_BOUND('',#1350,.T.);
#1096=FACE_OUTER_BOUND('',#1351,.T.);
#1097=FACE_OUTER_BOUND('',#1352,.T.);
#1098=FACE_OUTER_BOUND('',#1353,.T.);
#1099=FACE_OUTER_BOUND('',#1354,.T.);
#1100=FACE_OUTER_BOUND('',#1355,.T.);
#1101=FACE_OUTER_BOUND('',#1356,.T.);
#1102=FACE_OUTER_BOUND('',#1357,.T.);
#1103=FACE_OUTER_BOUND('',#1358,.T.);
#1104=FACE_OUTER_BOUND('',#1359,.T.);
#1105=FACE_OUTER_BOUND('',#1360,.T.);
#1106=FACE_OUTER_BOUND('',#1361,.T.);
#1107=FACE_OUTER_BOUND('',#1362,.T.);
#1108=FACE_OUTER_BOUND('',#1363,.T.);
#1109=FACE_OUTER_BOUND('',#1364,.T.);
#1110=FACE_OUTER_BOUND('',#1365,.T.);
#1111=FACE_OUTER_BOUND('',#1366,.T.);
#1112=FACE_OUTER_BOUND('',#1367,.T.);
#1113=FACE_OUTER_BOUND('',#1368,.T.);
#1114=FACE_OUTER_BOUND('',#1369,.T.);
#1115=FACE_OUTER_BOUND('',#1370,.T.);
#1116=FACE_OUTER_BOUND('',#1371,.T.);
#1117=FACE_OUTER_BOUND('',#1372,.T.);
#1118=FACE_OUTER_BOUND('',#1373,.T.);
#1119=FACE_OUTER_BOUND('',#1374,.T.);
#1120=FACE_OUTER_BOUND('',#1375,.T.);
#1121=FACE_OUTER_BOUND('',#1376,.T.);
#1122=FACE_OUTER_BOUND('',#1377,.T.);
#1123=FACE_OUTER_BOUND('',#1378,.T.);
#1124=FACE_OUTER_BOUND('',#1379,.T.);
#1125=FACE_OUTER_BOUND('',#1380,.T.);
#1126=FACE_OUTER_BOUND('',#1381,.T.);
#1127=FACE_OUTER_BOUND('',#1382,.T.);
#1128=FACE_OUTER_BOUND('',#1383,.T.);
#1129=FACE_OUTER_BOUND('',#1384,.T.);
#1130=FACE_OUTER_BOUND('',#1385,.T.);
#1131=FACE_OUTER_BOUND('',#1386,.T.);
#1132=FACE_OUTER_BOUND('',#1387,.T.);
#1133=FACE_OUTER_BOUND('',#1388,.T.);
#1134=FACE_OUTER_BOUND('',#1389,.T.);
#1135=FACE_OUTER_BOUND('',#1390,.T.);
#1136=FACE_OUTER_BOUND('',#1391,.T.);
#1137=FACE_OUTER_BOUND('',#1392,.T.);
#1138=FACE_OUTER_BOUND('',#1393,.T.);
#1139=FACE_OUTER_BOUND('',#1394,.T.);
#1140=FACE_OUTER_BOUND('',#1395,.T.);
#1141=FACE_OUTER_BOUND('',#1396,.T.);
#1142=FACE_OUTER_BOUND('',#1397,.T.);
#1143=FACE_OUTER_BOUND('',#1398,.T.);
#1144=FACE_OUTER_BOUND('',#1399,.T.);
#1145=FACE_OUTER_BOUND('',#1400,.T.);
#1146=FACE_OUTER_BOUND('',#1401,.T.);
#1147=FACE_OUTER_BOUND('',#1402,.T.);
#1148=FACE_OUTER_BOUND('',#1403,.T.);
#1149=FACE_OUTER_BOUND('',#1404,.T.);
#1150=EDGE_LOOP('',(#1405,#1406,#1407,#1408));
#1151=EDGE_LOOP('',(#1409,#1410,#1411,#1412));
#1152=EDGE_LOOP('',(#1413,#1414,#1415,#1416));
#1153=EDGE_LOOP('',(#1417,#1418,#1419,#1420));
#1154=EDGE_LOOP('',(#1421,#1422,#1423,#1424));
#1155=EDGE_LOOP('',(#1425,#1426,#1427,#1428));
#1156=EDGE_LOOP('',(#1429,#1430,#1431,#1432));
#1157=EDGE_LOOP('',(#1433,#1434,#1435,#1436));
#1158=EDGE_LOOP('',(#1437,#1438,#1439,#1440));
#1159=EDGE_LOOP('',(#1441,#1442,#1443,#1444));
#1160=EDGE_LOOP('',(#1445,#1446,#1447,#1448));
#1161=EDGE_LOOP('',(#1449,#1450,#1451,#1452));
#1162=EDGE_LOOP('',(#1453,#1454,#1455,#1456));
#1163=EDGE_LOOP('',(#1457,#1458,#1459,#1460));
#1164=EDGE_LOOP('',(#1461,#1462,#1463,#1464));
#1165=EDGE_LOOP('',(#1465,#1466,#1467,#1468));
#1166=EDGE_LOOP('',(#1469,#1470,#1471,#1472));
#1167=EDGE_LOOP('',(#1473,#1474,#1475,#1476));
#1168=EDGE_LOOP('',(#1477,#1478,#1479,#1480));
#1169=EDGE_LOOP('',(#1481,#1482,#1483,#1484));
#1170=EDGE_LOOP('',(#1485,#1486,#1487,#1488));
#1171=EDGE_LOOP('',(#1489,#1490,#1491,#1492));
#1172=EDGE_LOOP('',(#1493,#1494,#1495,#1496));
#1173=EDGE_LOOP('',(#1497,#1498,#1499,#1500));
#1174=EDGE_LOOP('',(#1501,#1502,#1503,#1504));
#1175=EDGE_LOOP('',(#1505,#1506,#1507,#1508));
#1176=EDGE_LOOP('',(#1509,#1510,#1511,#1512));
#1177=EDGE_LOOP('',(#1513,#1514,#1515,#1516));
#1178=EDGE_LOOP('',(#1517,#1518,#1519,#1520));
#1179=EDGE_LOOP('',(#1521,#1522,#1523,#1524));
#1180=EDGE_LOOP('',(#1525,#1526,#1527,#1528));
#1181=EDGE_LOOP('',(#1529,#1530,#1531,#1532));
#1182=EDGE_LOOP('',(#1533,#1534,#1535,#1536));
#1183=EDGE_LOOP('',(#1537,#1538,#1539,#1540));
#1184=EDGE_LOOP('',(#1541,#1542,#1543,#1544));
#1185=EDGE_LOOP('',(#1545,#1546,#1547,#1548));
#1186=EDGE_LOOP('',(#1549,#1550,#1551,#1552));
#1187=EDGE_LOOP('',(#1553,#1554,#1555,#1556));
#1188=EDGE_LOOP('',(#1557,#1558,#1559,#1560));
#1189=EDGE_LOOP('',(#1561,#1562,#1563,#1564));
#1190=EDGE_LOOP('',(#1565,#1566,#1567,#1568));
#1191=EDGE_LOOP('',(#1569,#1570,#1571,#1572));
#1192=EDGE_LOOP('',(#1573,#1574,#1575,#1576));
#1193=EDGE_LOOP('',(#1577,#1578,#1579,#1580));
#1194=EDGE_LOOP('',(#1581,#1582,#1583,#1584));
#1195=EDGE_LOOP('',(#1585,#1586,#1587,#1588));
#1196=EDGE_LOOP('',(#1589,#1590,#1591,#1592));
#1197=EDGE_LOOP('',(#1593,#1594,#1595,#1596));
#1198=EDGE_LOOP('',(#1597,#1598,#1599,#1600));
#1199=EDGE_LOOP('',(#1601,#1602,#1603,#1604));
#1200=EDGE_LOOP('',(#1605,#1606,#1607,#1608));
#1201=EDGE_LOOP('',(#1609,#1610,#1611,#1612));
#1202=EDGE_LOOP('',(#1613,#1614,#1615,#1616));
#1203=EDGE_LOOP('',(#1617,#1618,#1619,#1620));
#1204=EDGE_LOOP('',(#1621,#1622,#1623,#1624));
#1205=EDGE_LOOP('',(#1625,#1626,#1627,#1628));
#1206=EDGE_LOOP('',(#1629,#1630,#1631,#1632));
#1207=EDGE_LOOP('',(#1633,#1634,#1635,#1636));
#1208=EDGE_LOOP('',(#1637,#1638,#1639,#1640));
#1209=EDGE_LOOP('',(#1641,#1642,#1643,#1644));
#1210=EDGE_LOOP('',(#1645,#1646,#1647,#1648));
#1211=EDGE_LOOP('',(#1649,#1650,#1651,#1652));
#1212=EDGE_LOOP('',(#1653,#1654,#1655,#1656));
#1213=EDGE_LOOP('',(#1657,#1658,#1659,#1660));
#1214=EDGE_LOOP('',(#1661,#1662,#1663,#1664));
#1215=EDGE_LOOP('',(#1665,#1666,#1667,#1668));
#1216=EDGE_LOOP('',(#1669,#1670,#1671,#1672));
#1217=EDGE_LOOP('',(#1673,#1674,#1675,#1676));
#1218=EDGE_LOOP('',(#1677,#1678,#1679,#1680));
#1219=EDGE_LOOP('',(#1681,#1682,#1683,#1684));
#1220=EDGE_LOOP('',(#1685,#1686,#1687,#1688));
#1221=EDGE_LOOP('',(#1689,#1690,#1691,#1692));
#1222=EDGE_LOOP('',(#1693,#1694,#1695,#1696));
#1223=EDGE_LOOP('',(#1697,#1698,#1699,#1700));
#1224=EDGE_LOOP('',(#1701,#1702,#1703,#1704));
#1225=EDGE_LOOP('',(#1705,#1706,#1707,#1708));
#1226=EDGE_LOOP('',(#1709,#1710,#1711,#1712));
#1227=EDGE_LOOP('',(#1713,#1714,#1715,#1716));
#1228=EDGE_LOOP('',(#1717,#1718,#1719,#1720));
#1229=EDGE_LOOP('',(#1721,#1722,#1723,#1724));
#1230=EDGE_LOOP('',(#1725,#1726,#1727,#1728));
#1231=EDGE_LOOP('',(#1729,#1730,#1731,#1732));
#1232=EDGE_LOOP('',(#1733,#1734,#1735,#1736));
#1233=EDGE_LOOP('',(#1737,#1738,#1739,#1740));
#1234=EDGE_LOOP('',(#1741,#1742,#1743,#1744));
#1235=EDGE_LOOP('',(#1745,#1746,#1747,#1748));
#1236=EDGE_LOOP('',(#1749,#1750,#1751,#1752));
#1237=EDGE_LOOP('',(#1753,#1754,#1755,#1756));
#1238=EDGE_LOOP('',(#1757,#1758,#1759,#1760));
#1239=EDGE_LOOP('',(#1761,#1762,#1763,#1764));
#1240=EDGE_LOOP('',(#1765,#1766,#1767,#1768,#1769,#1770,#1771,#1772,#1773,
#1774,#1775,#1776,#1777,#1778,#1779,#1780,#1781,#1782,#1783,#1784,#1785,
#1786,#1787,#1788));
#1241=EDGE_LOOP('',(#1789,#1790,#1791,#1792,#1793,#1794,#1795,#1796,#1797,
#1798,#1799,#1800,#1801,#1802,#1803,#1804,#1805,#1806,#1807,#1808,#1809,
#1810,#1811,#1812));
#1242=EDGE_LOOP('',(#1813,#1814,#1815,#1816));
#1243=EDGE_LOOP('',(#1817,#1818,#1819,#1820));
#1244=EDGE_LOOP('',(#1821,#1822,#1823,#1824));
#1245=EDGE_LOOP('',(#1825,#1826,#1827,#1828));
#1246=EDGE_LOOP('',(#1829,#1830,#1831,#1832));
#1247=EDGE_LOOP('',(#1833,#1834,#1835,#1836));
#1248=EDGE_LOOP('',(#1837,#1838,#1839,#1840));
#1249=EDGE_LOOP('',(#1841,#1842,#1843,#1844));
#1250=EDGE_LOOP('',(#1845,#1846,#1847,#1848));
#1251=EDGE_LOOP('',(#1849,#1850,#1851,#1852));
#1252=EDGE_LOOP('',(#1853,#1854,#1855,#1856));
#1253=EDGE_LOOP('',(#1857,#1858,#1859,#1860));
#1254=EDGE_LOOP('',(#1861,#1862,#1863,#1864));
#1255=EDGE_LOOP('',(#1865,#1866,#1867,#1868));
#1256=EDGE_LOOP('',(#1869,#1870,#1871,#1872));
#1257=EDGE_LOOP('',(#1873,#1874,#1875,#1876));
#1258=EDGE_LOOP('',(#1877,#1878,#1879,#1880));
#1259=EDGE_LOOP('',(#1881,#1882,#1883,#1884));
#1260=EDGE_LOOP('',(#1885,#1886,#1887,#1888));
#1261=EDGE_LOOP('',(#1889,#1890,#1891,#1892));
#1262=EDGE_LOOP('',(#1893,#1894,#1895,#1896));
#1263=EDGE_LOOP('',(#1897,#1898,#1899,#1900));
#1264=EDGE_LOOP('',(#1901,#1902,#1903,#1904));
#1265=EDGE_LOOP('',(#1905,#1906,#1907,#1908));
#1266=EDGE_LOOP('',(#1909,#1910,#1911,#1912));
#1267=EDGE_LOOP('',(#1913,#1914,#1915,#1916));
#1268=EDGE_LOOP('',(#1917,#1918,#1919,#1920));
#1269=EDGE_LOOP('',(#1921,#1922,#1923,#1924));
#1270=EDGE_LOOP('',(#1925,#1926,#1927,#1928));
#1271=EDGE_LOOP('',(#1929,#1930,#1931,#1932));
#1272=EDGE_LOOP('',(#1933,#1934,#1935,#1936,#1937,#1938,#1939,#1940,#1941,
#1942,#1943,#1944,#1945,#1946,#1947,#1948,#1949,#1950,#1951,#1952,#1953,
#1954,#1955,#1956,#1957,#1958,#1959,#1960,#1961,#1962,#1963,#1964,#1965,
#1966,#1967,#1968,#1969,#1970,#1971));
#1273=EDGE_LOOP('',(#1972,#1973,#1974,#1975,#1976,#1977,#1978,#1979,#1980,
#1981,#1982,#1983,#1984,#1985,#1986,#1987,#1988,#1989,#1990,#1991,#1992,
#1993,#1994,#1995,#1996,#1997,#1998,#1999,#2000,#2001,#2002,#2003,#2004,
#2005,#2006,#2007,#2008,#2009,#2010));
#1274=EDGE_LOOP('',(#2011,#2012,#2013,#2014));
#1275=EDGE_LOOP('',(#2015,#2016,#2017,#2018));
#1276=EDGE_LOOP('',(#2019,#2020,#2021,#2022));
#1277=EDGE_LOOP('',(#2023,#2024,#2025,#2026));
#1278=EDGE_LOOP('',(#2027,#2028,#2029,#2030));
#1279=EDGE_LOOP('',(#2031,#2032,#2033,#2034));
#1280=EDGE_LOOP('',(#2035,#2036,#2037,#2038));
#1281=EDGE_LOOP('',(#2039,#2040,#2041,#2042));
#1282=EDGE_LOOP('',(#2043,#2044,#2045,#2046));
#1283=EDGE_LOOP('',(#2047,#2048,#2049,#2050));
#1284=EDGE_LOOP('',(#2051,#2052,#2053,#2054));
#1285=EDGE_LOOP('',(#2055,#2056,#2057,#2058));
#1286=EDGE_LOOP('',(#2059,#2060,#2061,#2062));
#1287=EDGE_LOOP('',(#2063,#2064,#2065,#2066));
#1288=EDGE_LOOP('',(#2067,#2068,#2069,#2070));
#1289=EDGE_LOOP('',(#2071,#2072,#2073,#2074));
#1290=EDGE_LOOP('',(#2075,#2076,#2077,#2078));
#1291=EDGE_LOOP('',(#2079,#2080,#2081,#2082));
#1292=EDGE_LOOP('',(#2083,#2084,#2085,#2086));
#1293=EDGE_LOOP('',(#2087,#2088,#2089,#2090));
#1294=EDGE_LOOP('',(#2091,#2092,#2093,#2094));
#1295=EDGE_LOOP('',(#2095,#2096,#2097,#2098));
#1296=EDGE_LOOP('',(#2099,#2100,#2101,#2102));
#1297=EDGE_LOOP('',(#2103,#2104,#2105,#2106));
#1298=EDGE_LOOP('',(#2107,#2108,#2109,#2110));
#1299=EDGE_LOOP('',(#2111,#2112,#2113,#2114));
#1300=EDGE_LOOP('',(#2115,#2116,#2117,#2118));
#1301=EDGE_LOOP('',(#2119,#2120,#2121,#2122));
#1302=EDGE_LOOP('',(#2123,#2124,#2125,#2126));
#1303=EDGE_LOOP('',(#2127,#2128,#2129,#2130));
#1304=EDGE_LOOP('',(#2131,#2132,#2133,#2134));
#1305=EDGE_LOOP('',(#2135,#2136,#2137,#2138));
#1306=EDGE_LOOP('',(#2139,#2140,#2141,#2142));
#1307=EDGE_LOOP('',(#2143,#2144,#2145,#2146));
#1308=EDGE_LOOP('',(#2147,#2148,#2149,#2150));
#1309=EDGE_LOOP('',(#2151,#2152,#2153,#2154));
#1310=EDGE_LOOP('',(#2155,#2156,#2157,#2158));
#1311=EDGE_LOOP('',(#2159,#2160,#2161,#2162));
#1312=EDGE_LOOP('',(#2163,#2164,#2165,#2166));
#1313=EDGE_LOOP('',(#2167,#2168,#2169,#2170));
#1314=EDGE_LOOP('',(#2171,#2172,#2173,#2174));
#1315=EDGE_LOOP('',(#2175,#2176,#2177,#2178));
#1316=EDGE_LOOP('',(#2179,#2180,#2181,#2182));
#1317=EDGE_LOOP('',(#2183,#2184,#2185,#2186));
#1318=EDGE_LOOP('',(#2187,#2188,#2189,#2190));
#1319=EDGE_LOOP('',(#2191,#2192,#2193,#2194));
#1320=EDGE_LOOP('',(#2195,#2196,#2197,#2198));
#1321=EDGE_LOOP('',(#2199,#2200,#2201,#2202));
#1322=EDGE_LOOP('',(#2203,#2204,#2205,#2206));
#1323=EDGE_LOOP('',(#2207,#2208,#2209,#2210));
#1324=EDGE_LOOP('',(#2211,#2212,#2213,#2214));
#1325=EDGE_LOOP('',(#2215,#2216,#2217,#2218));
#1326=EDGE_LOOP('',(#2219,#2220,#2221,#2222));
#1327=EDGE_LOOP('',(#2223,#2224,#2225,#2226));
#1328=EDGE_LOOP('',(#2227,#2228,#2229,#2230));
#1329=EDGE_LOOP('',(#2231,#2232,#2233,#2234));
#1330=EDGE_LOOP('',(#2235,#2236,#2237,#2238));
#1331=EDGE_LOOP('',(#2239,#2240,#2241,#2242));
#1332=EDGE_LOOP('',(#2243,#2244,#2245,#2246));
#1333=EDGE_LOOP('',(#2247,#2248,#2249,#2250));
#1334=EDGE_LOOP('',(#2251,#2252,#2253,#2254));
#1335=EDGE_LOOP('',(#2255,#2256,#2257,#2258));
#1336=EDGE_LOOP('',(#2259,#2260,#2261,#2262));
#1337=EDGE_LOOP('',(#2263,#2264,#2265,#2266));
#1338=EDGE_LOOP('',(#2267,#2268,#2269,#2270));
#1339=EDGE_LOOP('',(#2271,#2272,#2273,#2274));
#1340=EDGE_LOOP('',(#2275,#2276,#2277,#2278));
#1341=EDGE_LOOP('',(#2279,#2280,#2281,#2282));
#1342=EDGE_LOOP('',(#2283,#2284,#2285,#2286));
#1343=EDGE_LOOP('',(#2287,#2288,#2289,#2290));
#1344=EDGE_LOOP('',(#2291,#2292,#2293,#2294));
#1345=EDGE_LOOP('',(#2295,#2296,#2297,#2298));
#1346=EDGE_LOOP('',(#2299,#2300,#2301,#2302));
#1347=EDGE_LOOP('',(#2303,#2304,#2305,#2306));
#1348=EDGE_LOOP('',(#2307,#2308,#2309,#2310));
#1349=EDGE_LOOP('',(#2311,#2312,#2313,#2314));
#1350=EDGE_LOOP('',(#2315,#2316,#2317,#2318));
#1351=EDGE_LOOP('',(#2319,#2320,#2321,#2322));
#1352=EDGE_LOOP('',(#2323,#2324,#2325,#2326));
#1353=EDGE_LOOP('',(#2327,#2328,#2329,#2330));
#1354=EDGE_LOOP('',(#2331,#2332,#2333,#2334));
#1355=EDGE_LOOP('',(#2335,#2336,#2337,#2338));
#1356=EDGE_LOOP('',(#2339,#2340,#2341,#2342));
#1357=EDGE_LOOP('',(#2343,#2344,#2345,#2346));
#1358=EDGE_LOOP('',(#2347,#2348,#2349,#2350));
#1359=EDGE_LOOP('',(#2351,#2352,#2353,#2354));
#1360=EDGE_LOOP('',(#2355,#2356,#2357,#2358));
#1361=EDGE_LOOP('',(#2359,#2360,#2361,#2362));
#1362=EDGE_LOOP('',(#2363,#2364,#2365,#2366));
#1363=EDGE_LOOP('',(#2367,#2368,#2369,#2370));
#1364=EDGE_LOOP('',(#2371,#2372,#2373,#2374));
#1365=EDGE_LOOP('',(#2375,#2376,#2377,#2378));
#1366=EDGE_LOOP('',(#2379,#2380,#2381,#2382));
#1367=EDGE_LOOP('',(#2383,#2384,#2385,#2386));
#1368=EDGE_LOOP('',(#2387,#2388,#2389,#2390));
#1369=EDGE_LOOP('',(#2391,#2392,#2393,#2394));
#1370=EDGE_LOOP('',(#2395,#2396,#2397,#2398,#2399,#2400,#2401,#2402,#2403,
#2404,#2405,#2406,#2407,#2408,#2409,#2410,#2411,#2412,#2413,#2414,#2415,
#2416,#2417,#2418));
#1371=EDGE_LOOP('',(#2419,#2420,#2421,#2422,#2423,#2424,#2425,#2426,#2427,
#2428,#2429,#2430,#2431,#2432,#2433,#2434,#2435,#2436,#2437,#2438,#2439,
#2440,#2441,#2442));
#1372=EDGE_LOOP('',(#2443,#2444,#2445,#2446));
#1373=EDGE_LOOP('',(#2447,#2448,#2449,#2450));
#1374=EDGE_LOOP('',(#2451,#2452,#2453,#2454));
#1375=EDGE_LOOP('',(#2455,#2456,#2457,#2458));
#1376=EDGE_LOOP('',(#2459,#2460,#2461,#2462));
#1377=EDGE_LOOP('',(#2463,#2464,#2465,#2466));
#1378=EDGE_LOOP('',(#2467,#2468,#2469,#2470));
#1379=EDGE_LOOP('',(#2471,#2472,#2473,#2474));
#1380=EDGE_LOOP('',(#2475,#2476,#2477,#2478));
#1381=EDGE_LOOP('',(#2479,#2480,#2481,#2482));
#1382=EDGE_LOOP('',(#2483,#2484,#2485,#2486,#2487,#2488,#2489,#2490));
#1383=EDGE_LOOP('',(#2491,#2492,#2493,#2494));
#1384=EDGE_LOOP('',(#2495,#2496,#2497,#2498));
#1385=EDGE_LOOP('',(#2499,#2500,#2501,#2502,#2503,#2504));
#1386=EDGE_LOOP('',(#2505,#2506,#2507,#2508,#2509,#2510));
#1387=EDGE_LOOP('',(#2511,#2512,#2513,#2514,#2515));
#1388=EDGE_LOOP('',(#2516,#2517,#2518,#2519,#2520,#2521));
#1389=EDGE_LOOP('',(#2522,#2523,#2524,#2525));
#1390=EDGE_LOOP('',(#2526,#2527,#2528,#2529,#2530));
#1391=EDGE_LOOP('',(#2531,#2532,#2533,#2534,#2535));
#1392=EDGE_LOOP('',(#2536,#2537,#2538,#2539));
#1393=EDGE_LOOP('',(#2540,#2541,#2542,#2543,#2544,#2545));
#1394=EDGE_LOOP('',(#2546,#2547,#2548,#2549,#2550));
#1395=EDGE_LOOP('',(#2551,#2552,#2553));
#1396=EDGE_LOOP('',(#2554,#2555,#2556,#2557));
#1397=EDGE_LOOP('',(#2558,#2559,#2560,#2561));
#1398=EDGE_LOOP('',(#2562,#2563,#2564,#2565));
#1399=EDGE_LOOP('',(#2566,#2567,#2568));
#1400=EDGE_LOOP('',(#2569,#2570,#2571));
#1401=EDGE_LOOP('',(#2572,#2573,#2574,#2575));
#1402=EDGE_LOOP('',(#2576,#2577,#2578,#2579));
#1403=EDGE_LOOP('',(#2580,#2581,#2582,#2583));
#1404=EDGE_LOOP('',(#2584,#2585,#2586));
#1405=ORIENTED_EDGE('',*,*,#2977,.F.);
#1406=ORIENTED_EDGE('',*,*,#2978,.F.);
#1407=ORIENTED_EDGE('',*,*,#2979,.F.);
#1408=ORIENTED_EDGE('',*,*,#2980,.F.);
#1409=ORIENTED_EDGE('',*,*,#2981,.T.);
#1410=ORIENTED_EDGE('',*,*,#2982,.T.);
#1411=ORIENTED_EDGE('',*,*,#2983,.T.);
#1412=ORIENTED_EDGE('',*,*,#2984,.T.);
#1413=ORIENTED_EDGE('',*,*,#2978,.T.);
#1414=ORIENTED_EDGE('',*,*,#2985,.F.);
#1415=ORIENTED_EDGE('',*,*,#2984,.F.);
#1416=ORIENTED_EDGE('',*,*,#2986,.T.);
#1417=ORIENTED_EDGE('',*,*,#2979,.T.);
#1418=ORIENTED_EDGE('',*,*,#2986,.F.);
#1419=ORIENTED_EDGE('',*,*,#2983,.F.);
#1420=ORIENTED_EDGE('',*,*,#2987,.T.);
#1421=ORIENTED_EDGE('',*,*,#2980,.T.);
#1422=ORIENTED_EDGE('',*,*,#2987,.F.);
#1423=ORIENTED_EDGE('',*,*,#2982,.F.);
#1424=ORIENTED_EDGE('',*,*,#2988,.T.);
#1425=ORIENTED_EDGE('',*,*,#2977,.T.);
#1426=ORIENTED_EDGE('',*,*,#2988,.F.);
#1427=ORIENTED_EDGE('',*,*,#2981,.F.);
#1428=ORIENTED_EDGE('',*,*,#2985,.T.);
#1429=ORIENTED_EDGE('',*,*,#2989,.F.);
#1430=ORIENTED_EDGE('',*,*,#2990,.F.);
#1431=ORIENTED_EDGE('',*,*,#2991,.F.);
#1432=ORIENTED_EDGE('',*,*,#2992,.F.);
#1433=ORIENTED_EDGE('',*,*,#2993,.T.);
#1434=ORIENTED_EDGE('',*,*,#2994,.T.);
#1435=ORIENTED_EDGE('',*,*,#2995,.T.);
#1436=ORIENTED_EDGE('',*,*,#2996,.T.);
#1437=ORIENTED_EDGE('',*,*,#2990,.T.);
#1438=ORIENTED_EDGE('',*,*,#2997,.F.);
#1439=ORIENTED_EDGE('',*,*,#2996,.F.);
#1440=ORIENTED_EDGE('',*,*,#2998,.T.);
#1441=ORIENTED_EDGE('',*,*,#2991,.T.);
#1442=ORIENTED_EDGE('',*,*,#2998,.F.);
#1443=ORIENTED_EDGE('',*,*,#2995,.F.);
#1444=ORIENTED_EDGE('',*,*,#2999,.T.);
#1445=ORIENTED_EDGE('',*,*,#2992,.T.);
#1446=ORIENTED_EDGE('',*,*,#2999,.F.);
#1447=ORIENTED_EDGE('',*,*,#2994,.F.);
#1448=ORIENTED_EDGE('',*,*,#3000,.T.);
#1449=ORIENTED_EDGE('',*,*,#2989,.T.);
#1450=ORIENTED_EDGE('',*,*,#3000,.F.);
#1451=ORIENTED_EDGE('',*,*,#2993,.F.);
#1452=ORIENTED_EDGE('',*,*,#2997,.T.);
#1453=ORIENTED_EDGE('',*,*,#3001,.F.);
#1454=ORIENTED_EDGE('',*,*,#3002,.F.);
#1455=ORIENTED_EDGE('',*,*,#3003,.F.);
#1456=ORIENTED_EDGE('',*,*,#3004,.F.);
#1457=ORIENTED_EDGE('',*,*,#3005,.T.);
#1458=ORIENTED_EDGE('',*,*,#3006,.T.);
#1459=ORIENTED_EDGE('',*,*,#3007,.T.);
#1460=ORIENTED_EDGE('',*,*,#3008,.T.);
#1461=ORIENTED_EDGE('',*,*,#3002,.T.);
#1462=ORIENTED_EDGE('',*,*,#3009,.F.);
#1463=ORIENTED_EDGE('',*,*,#3008,.F.);
#1464=ORIENTED_EDGE('',*,*,#3010,.T.);
#1465=ORIENTED_EDGE('',*,*,#3003,.T.);
#1466=ORIENTED_EDGE('',*,*,#3010,.F.);
#1467=ORIENTED_EDGE('',*,*,#3007,.F.);
#1468=ORIENTED_EDGE('',*,*,#3011,.T.);
#1469=ORIENTED_EDGE('',*,*,#3004,.T.);
#1470=ORIENTED_EDGE('',*,*,#3011,.F.);
#1471=ORIENTED_EDGE('',*,*,#3006,.F.);
#1472=ORIENTED_EDGE('',*,*,#3012,.T.);
#1473=ORIENTED_EDGE('',*,*,#3001,.T.);
#1474=ORIENTED_EDGE('',*,*,#3012,.F.);
#1475=ORIENTED_EDGE('',*,*,#3005,.F.);
#1476=ORIENTED_EDGE('',*,*,#3009,.T.);
#1477=ORIENTED_EDGE('',*,*,#3013,.F.);
#1478=ORIENTED_EDGE('',*,*,#3014,.F.);
#1479=ORIENTED_EDGE('',*,*,#3015,.F.);
#1480=ORIENTED_EDGE('',*,*,#3016,.F.);
#1481=ORIENTED_EDGE('',*,*,#3017,.T.);
#1482=ORIENTED_EDGE('',*,*,#3018,.T.);
#1483=ORIENTED_EDGE('',*,*,#3019,.T.);
#1484=ORIENTED_EDGE('',*,*,#3020,.T.);
#1485=ORIENTED_EDGE('',*,*,#3014,.T.);
#1486=ORIENTED_EDGE('',*,*,#3021,.F.);
#1487=ORIENTED_EDGE('',*,*,#3020,.F.);
#1488=ORIENTED_EDGE('',*,*,#3022,.T.);
#1489=ORIENTED_EDGE('',*,*,#3015,.T.);
#1490=ORIENTED_EDGE('',*,*,#3022,.F.);
#1491=ORIENTED_EDGE('',*,*,#3019,.F.);
#1492=ORIENTED_EDGE('',*,*,#3023,.T.);
#1493=ORIENTED_EDGE('',*,*,#3016,.T.);
#1494=ORIENTED_EDGE('',*,*,#3023,.F.);
#1495=ORIENTED_EDGE('',*,*,#3018,.F.);
#1496=ORIENTED_EDGE('',*,*,#3024,.T.);
#1497=ORIENTED_EDGE('',*,*,#3013,.T.);
#1498=ORIENTED_EDGE('',*,*,#3024,.F.);
#1499=ORIENTED_EDGE('',*,*,#3017,.F.);
#1500=ORIENTED_EDGE('',*,*,#3021,.T.);
#1501=ORIENTED_EDGE('',*,*,#3025,.F.);
#1502=ORIENTED_EDGE('',*,*,#3026,.F.);
#1503=ORIENTED_EDGE('',*,*,#3027,.F.);
#1504=ORIENTED_EDGE('',*,*,#3028,.F.);
#1505=ORIENTED_EDGE('',*,*,#3029,.T.);
#1506=ORIENTED_EDGE('',*,*,#3030,.T.);
#1507=ORIENTED_EDGE('',*,*,#3031,.T.);
#1508=ORIENTED_EDGE('',*,*,#3032,.T.);
#1509=ORIENTED_EDGE('',*,*,#3026,.T.);
#1510=ORIENTED_EDGE('',*,*,#3033,.F.);
#1511=ORIENTED_EDGE('',*,*,#3032,.F.);
#1512=ORIENTED_EDGE('',*,*,#3034,.T.);
#1513=ORIENTED_EDGE('',*,*,#3027,.T.);
#1514=ORIENTED_EDGE('',*,*,#3034,.F.);
#1515=ORIENTED_EDGE('',*,*,#3031,.F.);
#1516=ORIENTED_EDGE('',*,*,#3035,.T.);
#1517=ORIENTED_EDGE('',*,*,#3028,.T.);
#1518=ORIENTED_EDGE('',*,*,#3035,.F.);
#1519=ORIENTED_EDGE('',*,*,#3030,.F.);
#1520=ORIENTED_EDGE('',*,*,#3036,.T.);
#1521=ORIENTED_EDGE('',*,*,#3025,.T.);
#1522=ORIENTED_EDGE('',*,*,#3036,.F.);
#1523=ORIENTED_EDGE('',*,*,#3029,.F.);
#1524=ORIENTED_EDGE('',*,*,#3033,.T.);
#1525=ORIENTED_EDGE('',*,*,#3037,.F.);
#1526=ORIENTED_EDGE('',*,*,#3038,.F.);
#1527=ORIENTED_EDGE('',*,*,#3039,.F.);
#1528=ORIENTED_EDGE('',*,*,#3040,.F.);
#1529=ORIENTED_EDGE('',*,*,#3041,.T.);
#1530=ORIENTED_EDGE('',*,*,#3042,.T.);
#1531=ORIENTED_EDGE('',*,*,#3043,.T.);
#1532=ORIENTED_EDGE('',*,*,#3044,.T.);
#1533=ORIENTED_EDGE('',*,*,#3038,.T.);
#1534=ORIENTED_EDGE('',*,*,#3045,.F.);
#1535=ORIENTED_EDGE('',*,*,#3044,.F.);
#1536=ORIENTED_EDGE('',*,*,#3046,.T.);
#1537=ORIENTED_EDGE('',*,*,#3039,.T.);
#1538=ORIENTED_EDGE('',*,*,#3046,.F.);
#1539=ORIENTED_EDGE('',*,*,#3043,.F.);
#1540=ORIENTED_EDGE('',*,*,#3047,.T.);
#1541=ORIENTED_EDGE('',*,*,#3040,.T.);
#1542=ORIENTED_EDGE('',*,*,#3047,.F.);
#1543=ORIENTED_EDGE('',*,*,#3042,.F.);
#1544=ORIENTED_EDGE('',*,*,#3048,.T.);
#1545=ORIENTED_EDGE('',*,*,#3037,.T.);
#1546=ORIENTED_EDGE('',*,*,#3048,.F.);
#1547=ORIENTED_EDGE('',*,*,#3041,.F.);
#1548=ORIENTED_EDGE('',*,*,#3045,.T.);
#1549=ORIENTED_EDGE('',*,*,#3049,.F.);
#1550=ORIENTED_EDGE('',*,*,#3050,.F.);
#1551=ORIENTED_EDGE('',*,*,#3051,.F.);
#1552=ORIENTED_EDGE('',*,*,#3052,.F.);
#1553=ORIENTED_EDGE('',*,*,#3053,.T.);
#1554=ORIENTED_EDGE('',*,*,#3054,.T.);
#1555=ORIENTED_EDGE('',*,*,#3055,.T.);
#1556=ORIENTED_EDGE('',*,*,#3056,.T.);
#1557=ORIENTED_EDGE('',*,*,#3050,.T.);
#1558=ORIENTED_EDGE('',*,*,#3057,.F.);
#1559=ORIENTED_EDGE('',*,*,#3056,.F.);
#1560=ORIENTED_EDGE('',*,*,#3058,.T.);
#1561=ORIENTED_EDGE('',*,*,#3051,.T.);
#1562=ORIENTED_EDGE('',*,*,#3058,.F.);
#1563=ORIENTED_EDGE('',*,*,#3055,.F.);
#1564=ORIENTED_EDGE('',*,*,#3059,.T.);
#1565=ORIENTED_EDGE('',*,*,#3052,.T.);
#1566=ORIENTED_EDGE('',*,*,#3059,.F.);
#1567=ORIENTED_EDGE('',*,*,#3054,.F.);
#1568=ORIENTED_EDGE('',*,*,#3060,.T.);
#1569=ORIENTED_EDGE('',*,*,#3049,.T.);
#1570=ORIENTED_EDGE('',*,*,#3060,.F.);
#1571=ORIENTED_EDGE('',*,*,#3053,.F.);
#1572=ORIENTED_EDGE('',*,*,#3057,.T.);
#1573=ORIENTED_EDGE('',*,*,#3061,.F.);
#1574=ORIENTED_EDGE('',*,*,#3062,.F.);
#1575=ORIENTED_EDGE('',*,*,#3063,.F.);
#1576=ORIENTED_EDGE('',*,*,#3064,.F.);
#1577=ORIENTED_EDGE('',*,*,#3065,.T.);
#1578=ORIENTED_EDGE('',*,*,#3066,.T.);
#1579=ORIENTED_EDGE('',*,*,#3067,.T.);
#1580=ORIENTED_EDGE('',*,*,#3068,.T.);
#1581=ORIENTED_EDGE('',*,*,#3062,.T.);
#1582=ORIENTED_EDGE('',*,*,#3069,.F.);
#1583=ORIENTED_EDGE('',*,*,#3068,.F.);
#1584=ORIENTED_EDGE('',*,*,#3070,.T.);
#1585=ORIENTED_EDGE('',*,*,#3063,.T.);
#1586=ORIENTED_EDGE('',*,*,#3070,.F.);
#1587=ORIENTED_EDGE('',*,*,#3067,.F.);
#1588=ORIENTED_EDGE('',*,*,#3071,.T.);
#1589=ORIENTED_EDGE('',*,*,#3064,.T.);
#1590=ORIENTED_EDGE('',*,*,#3071,.F.);
#1591=ORIENTED_EDGE('',*,*,#3066,.F.);
#1592=ORIENTED_EDGE('',*,*,#3072,.T.);
#1593=ORIENTED_EDGE('',*,*,#3061,.T.);
#1594=ORIENTED_EDGE('',*,*,#3072,.F.);
#1595=ORIENTED_EDGE('',*,*,#3065,.F.);
#1596=ORIENTED_EDGE('',*,*,#3069,.T.);
#1597=ORIENTED_EDGE('',*,*,#3073,.F.);
#1598=ORIENTED_EDGE('',*,*,#3074,.F.);
#1599=ORIENTED_EDGE('',*,*,#3075,.F.);
#1600=ORIENTED_EDGE('',*,*,#3076,.F.);
#1601=ORIENTED_EDGE('',*,*,#3077,.T.);
#1602=ORIENTED_EDGE('',*,*,#3078,.T.);
#1603=ORIENTED_EDGE('',*,*,#3079,.T.);
#1604=ORIENTED_EDGE('',*,*,#3080,.T.);
#1605=ORIENTED_EDGE('',*,*,#3074,.T.);
#1606=ORIENTED_EDGE('',*,*,#3081,.F.);
#1607=ORIENTED_EDGE('',*,*,#3080,.F.);
#1608=ORIENTED_EDGE('',*,*,#3082,.T.);
#1609=ORIENTED_EDGE('',*,*,#3075,.T.);
#1610=ORIENTED_EDGE('',*,*,#3082,.F.);
#1611=ORIENTED_EDGE('',*,*,#3079,.F.);
#1612=ORIENTED_EDGE('',*,*,#3083,.T.);
#1613=ORIENTED_EDGE('',*,*,#3076,.T.);
#1614=ORIENTED_EDGE('',*,*,#3083,.F.);
#1615=ORIENTED_EDGE('',*,*,#3078,.F.);
#1616=ORIENTED_EDGE('',*,*,#3084,.T.);
#1617=ORIENTED_EDGE('',*,*,#3073,.T.);
#1618=ORIENTED_EDGE('',*,*,#3084,.F.);
#1619=ORIENTED_EDGE('',*,*,#3077,.F.);
#1620=ORIENTED_EDGE('',*,*,#3081,.T.);
#1621=ORIENTED_EDGE('',*,*,#3085,.F.);
#1622=ORIENTED_EDGE('',*,*,#3086,.F.);
#1623=ORIENTED_EDGE('',*,*,#3087,.F.);
#1624=ORIENTED_EDGE('',*,*,#3088,.F.);
#1625=ORIENTED_EDGE('',*,*,#3089,.T.);
#1626=ORIENTED_EDGE('',*,*,#3090,.T.);
#1627=ORIENTED_EDGE('',*,*,#3091,.T.);
#1628=ORIENTED_EDGE('',*,*,#3092,.T.);
#1629=ORIENTED_EDGE('',*,*,#3086,.T.);
#1630=ORIENTED_EDGE('',*,*,#3093,.F.);
#1631=ORIENTED_EDGE('',*,*,#3092,.F.);
#1632=ORIENTED_EDGE('',*,*,#3094,.T.);
#1633=ORIENTED_EDGE('',*,*,#3087,.T.);
#1634=ORIENTED_EDGE('',*,*,#3094,.F.);
#1635=ORIENTED_EDGE('',*,*,#3091,.F.);
#1636=ORIENTED_EDGE('',*,*,#3095,.T.);
#1637=ORIENTED_EDGE('',*,*,#3088,.T.);
#1638=ORIENTED_EDGE('',*,*,#3095,.F.);
#1639=ORIENTED_EDGE('',*,*,#3090,.F.);
#1640=ORIENTED_EDGE('',*,*,#3096,.T.);
#1641=ORIENTED_EDGE('',*,*,#3085,.T.);
#1642=ORIENTED_EDGE('',*,*,#3096,.F.);
#1643=ORIENTED_EDGE('',*,*,#3089,.F.);
#1644=ORIENTED_EDGE('',*,*,#3093,.T.);
#1645=ORIENTED_EDGE('',*,*,#3097,.F.);
#1646=ORIENTED_EDGE('',*,*,#3098,.F.);
#1647=ORIENTED_EDGE('',*,*,#3099,.F.);
#1648=ORIENTED_EDGE('',*,*,#3100,.F.);
#1649=ORIENTED_EDGE('',*,*,#3101,.T.);
#1650=ORIENTED_EDGE('',*,*,#3102,.T.);
#1651=ORIENTED_EDGE('',*,*,#3103,.T.);
#1652=ORIENTED_EDGE('',*,*,#3104,.T.);
#1653=ORIENTED_EDGE('',*,*,#3098,.T.);
#1654=ORIENTED_EDGE('',*,*,#3105,.F.);
#1655=ORIENTED_EDGE('',*,*,#3104,.F.);
#1656=ORIENTED_EDGE('',*,*,#3106,.T.);
#1657=ORIENTED_EDGE('',*,*,#3099,.T.);
#1658=ORIENTED_EDGE('',*,*,#3106,.F.);
#1659=ORIENTED_EDGE('',*,*,#3103,.F.);
#1660=ORIENTED_EDGE('',*,*,#3107,.T.);
#1661=ORIENTED_EDGE('',*,*,#3100,.T.);
#1662=ORIENTED_EDGE('',*,*,#3107,.F.);
#1663=ORIENTED_EDGE('',*,*,#3102,.F.);
#1664=ORIENTED_EDGE('',*,*,#3108,.T.);
#1665=ORIENTED_EDGE('',*,*,#3097,.T.);
#1666=ORIENTED_EDGE('',*,*,#3108,.F.);
#1667=ORIENTED_EDGE('',*,*,#3101,.F.);
#1668=ORIENTED_EDGE('',*,*,#3105,.T.);
#1669=ORIENTED_EDGE('',*,*,#3109,.F.);
#1670=ORIENTED_EDGE('',*,*,#3110,.F.);
#1671=ORIENTED_EDGE('',*,*,#3111,.F.);
#1672=ORIENTED_EDGE('',*,*,#3112,.F.);
#1673=ORIENTED_EDGE('',*,*,#3113,.T.);
#1674=ORIENTED_EDGE('',*,*,#3114,.T.);
#1675=ORIENTED_EDGE('',*,*,#3115,.T.);
#1676=ORIENTED_EDGE('',*,*,#3116,.T.);
#1677=ORIENTED_EDGE('',*,*,#3110,.T.);
#1678=ORIENTED_EDGE('',*,*,#3117,.F.);
#1679=ORIENTED_EDGE('',*,*,#3116,.F.);
#1680=ORIENTED_EDGE('',*,*,#3118,.T.);
#1681=ORIENTED_EDGE('',*,*,#3111,.T.);
#1682=ORIENTED_EDGE('',*,*,#3118,.F.);
#1683=ORIENTED_EDGE('',*,*,#3115,.F.);
#1684=ORIENTED_EDGE('',*,*,#3119,.T.);
#1685=ORIENTED_EDGE('',*,*,#3112,.T.);
#1686=ORIENTED_EDGE('',*,*,#3119,.F.);
#1687=ORIENTED_EDGE('',*,*,#3114,.F.);
#1688=ORIENTED_EDGE('',*,*,#3120,.T.);
#1689=ORIENTED_EDGE('',*,*,#3109,.T.);
#1690=ORIENTED_EDGE('',*,*,#3120,.F.);
#1691=ORIENTED_EDGE('',*,*,#3113,.F.);
#1692=ORIENTED_EDGE('',*,*,#3117,.T.);
#1693=ORIENTED_EDGE('',*,*,#3121,.T.);
#1694=ORIENTED_EDGE('',*,*,#3122,.T.);
#1695=ORIENTED_EDGE('',*,*,#3123,.T.);
#1696=ORIENTED_EDGE('',*,*,#3124,.T.);
#1697=ORIENTED_EDGE('',*,*,#3125,.F.);
#1698=ORIENTED_EDGE('',*,*,#3126,.F.);
#1699=ORIENTED_EDGE('',*,*,#3127,.F.);
#1700=ORIENTED_EDGE('',*,*,#3128,.F.);
#1701=ORIENTED_EDGE('',*,*,#3124,.F.);
#1702=ORIENTED_EDGE('',*,*,#3129,.F.);
#1703=ORIENTED_EDGE('',*,*,#3126,.T.);
#1704=ORIENTED_EDGE('',*,*,#3130,.T.);
#1705=ORIENTED_EDGE('',*,*,#3123,.F.);
#1706=ORIENTED_EDGE('',*,*,#3131,.F.);
#1707=ORIENTED_EDGE('',*,*,#3127,.T.);
#1708=ORIENTED_EDGE('',*,*,#3129,.T.);
#1709=ORIENTED_EDGE('',*,*,#3122,.F.);
#1710=ORIENTED_EDGE('',*,*,#3132,.F.);
#1711=ORIENTED_EDGE('',*,*,#3128,.T.);
#1712=ORIENTED_EDGE('',*,*,#3131,.T.);
#1713=ORIENTED_EDGE('',*,*,#3121,.F.);
#1714=ORIENTED_EDGE('',*,*,#3130,.F.);
#1715=ORIENTED_EDGE('',*,*,#3125,.T.);
#1716=ORIENTED_EDGE('',*,*,#3132,.T.);
#1717=ORIENTED_EDGE('',*,*,#3133,.T.);
#1718=ORIENTED_EDGE('',*,*,#3134,.T.);
#1719=ORIENTED_EDGE('',*,*,#3135,.T.);
#1720=ORIENTED_EDGE('',*,*,#3136,.T.);
#1721=ORIENTED_EDGE('',*,*,#3137,.F.);
#1722=ORIENTED_EDGE('',*,*,#3138,.F.);
#1723=ORIENTED_EDGE('',*,*,#3139,.F.);
#1724=ORIENTED_EDGE('',*,*,#3140,.F.);
#1725=ORIENTED_EDGE('',*,*,#3136,.F.);
#1726=ORIENTED_EDGE('',*,*,#3141,.F.);
#1727=ORIENTED_EDGE('',*,*,#3138,.T.);
#1728=ORIENTED_EDGE('',*,*,#3142,.T.);
#1729=ORIENTED_EDGE('',*,*,#3135,.F.);
#1730=ORIENTED_EDGE('',*,*,#3143,.F.);
#1731=ORIENTED_EDGE('',*,*,#3139,.T.);
#1732=ORIENTED_EDGE('',*,*,#3141,.T.);
#1733=ORIENTED_EDGE('',*,*,#3134,.F.);
#1734=ORIENTED_EDGE('',*,*,#3144,.F.);
#1735=ORIENTED_EDGE('',*,*,#3140,.T.);
#1736=ORIENTED_EDGE('',*,*,#3143,.T.);
#1737=ORIENTED_EDGE('',*,*,#3133,.F.);
#1738=ORIENTED_EDGE('',*,*,#3142,.F.);
#1739=ORIENTED_EDGE('',*,*,#3137,.T.);
#1740=ORIENTED_EDGE('',*,*,#3144,.T.);
#1741=ORIENTED_EDGE('',*,*,#3145,.T.);
#1742=ORIENTED_EDGE('',*,*,#3146,.T.);
#1743=ORIENTED_EDGE('',*,*,#3147,.T.);
#1744=ORIENTED_EDGE('',*,*,#3148,.T.);
#1745=ORIENTED_EDGE('',*,*,#3149,.F.);
#1746=ORIENTED_EDGE('',*,*,#3150,.F.);
#1747=ORIENTED_EDGE('',*,*,#3151,.F.);
#1748=ORIENTED_EDGE('',*,*,#3152,.F.);
#1749=ORIENTED_EDGE('',*,*,#3148,.F.);
#1750=ORIENTED_EDGE('',*,*,#3153,.F.);
#1751=ORIENTED_EDGE('',*,*,#3150,.T.);
#1752=ORIENTED_EDGE('',*,*,#3154,.T.);
#1753=ORIENTED_EDGE('',*,*,#3147,.F.);
#1754=ORIENTED_EDGE('',*,*,#3155,.F.);
#1755=ORIENTED_EDGE('',*,*,#3151,.T.);
#1756=ORIENTED_EDGE('',*,*,#3153,.T.);
#1757=ORIENTED_EDGE('',*,*,#3146,.F.);
#1758=ORIENTED_EDGE('',*,*,#3156,.F.);
#1759=ORIENTED_EDGE('',*,*,#3152,.T.);
#1760=ORIENTED_EDGE('',*,*,#3155,.T.);
#1761=ORIENTED_EDGE('',*,*,#3145,.F.);
#1762=ORIENTED_EDGE('',*,*,#3154,.F.);
#1763=ORIENTED_EDGE('',*,*,#3149,.T.);
#1764=ORIENTED_EDGE('',*,*,#3156,.T.);
#1765=ORIENTED_EDGE('',*,*,#3157,.F.);
#1766=ORIENTED_EDGE('',*,*,#3158,.F.);
#1767=ORIENTED_EDGE('',*,*,#3159,.F.);
#1768=ORIENTED_EDGE('',*,*,#3160,.F.);
#1769=ORIENTED_EDGE('',*,*,#3161,.F.);
#1770=ORIENTED_EDGE('',*,*,#3162,.F.);
#1771=ORIENTED_EDGE('',*,*,#3163,.F.);
#1772=ORIENTED_EDGE('',*,*,#3164,.F.);
#1773=ORIENTED_EDGE('',*,*,#3165,.F.);
#1774=ORIENTED_EDGE('',*,*,#3166,.F.);
#1775=ORIENTED_EDGE('',*,*,#3167,.F.);
#1776=ORIENTED_EDGE('',*,*,#3168,.F.);
#1777=ORIENTED_EDGE('',*,*,#3169,.F.);
#1778=ORIENTED_EDGE('',*,*,#3170,.F.);
#1779=ORIENTED_EDGE('',*,*,#3171,.F.);
#1780=ORIENTED_EDGE('',*,*,#3172,.F.);
#1781=ORIENTED_EDGE('',*,*,#3173,.F.);
#1782=ORIENTED_EDGE('',*,*,#3174,.F.);
#1783=ORIENTED_EDGE('',*,*,#3175,.F.);
#1784=ORIENTED_EDGE('',*,*,#3176,.F.);
#1785=ORIENTED_EDGE('',*,*,#3177,.F.);
#1786=ORIENTED_EDGE('',*,*,#3178,.F.);
#1787=ORIENTED_EDGE('',*,*,#3179,.F.);
#1788=ORIENTED_EDGE('',*,*,#3180,.F.);
#1789=ORIENTED_EDGE('',*,*,#3181,.T.);
#1790=ORIENTED_EDGE('',*,*,#3182,.T.);
#1791=ORIENTED_EDGE('',*,*,#3183,.T.);
#1792=ORIENTED_EDGE('',*,*,#3184,.T.);
#1793=ORIENTED_EDGE('',*,*,#3185,.T.);
#1794=ORIENTED_EDGE('',*,*,#3186,.T.);
#1795=ORIENTED_EDGE('',*,*,#3187,.T.);
#1796=ORIENTED_EDGE('',*,*,#3188,.T.);
#1797=ORIENTED_EDGE('',*,*,#3189,.T.);
#1798=ORIENTED_EDGE('',*,*,#3190,.T.);
#1799=ORIENTED_EDGE('',*,*,#3191,.T.);
#1800=ORIENTED_EDGE('',*,*,#3192,.T.);
#1801=ORIENTED_EDGE('',*,*,#3193,.T.);
#1802=ORIENTED_EDGE('',*,*,#3194,.T.);
#1803=ORIENTED_EDGE('',*,*,#3195,.T.);
#1804=ORIENTED_EDGE('',*,*,#3196,.T.);
#1805=ORIENTED_EDGE('',*,*,#3197,.T.);
#1806=ORIENTED_EDGE('',*,*,#3198,.T.);
#1807=ORIENTED_EDGE('',*,*,#3199,.T.);
#1808=ORIENTED_EDGE('',*,*,#3200,.T.);
#1809=ORIENTED_EDGE('',*,*,#3201,.T.);
#1810=ORIENTED_EDGE('',*,*,#3202,.T.);
#1811=ORIENTED_EDGE('',*,*,#3203,.T.);
#1812=ORIENTED_EDGE('',*,*,#3204,.T.);
#1813=ORIENTED_EDGE('',*,*,#3158,.T.);
#1814=ORIENTED_EDGE('',*,*,#3205,.F.);
#1815=ORIENTED_EDGE('',*,*,#3204,.F.);
#1816=ORIENTED_EDGE('',*,*,#3206,.T.);
#1817=ORIENTED_EDGE('',*,*,#3159,.T.);
#1818=ORIENTED_EDGE('',*,*,#3206,.F.);
#1819=ORIENTED_EDGE('',*,*,#3203,.F.);
#1820=ORIENTED_EDGE('',*,*,#3207,.T.);
#1821=ORIENTED_EDGE('',*,*,#3160,.T.);
#1822=ORIENTED_EDGE('',*,*,#3207,.F.);
#1823=ORIENTED_EDGE('',*,*,#3202,.F.);
#1824=ORIENTED_EDGE('',*,*,#3208,.T.);
#1825=ORIENTED_EDGE('',*,*,#3161,.T.);
#1826=ORIENTED_EDGE('',*,*,#3208,.F.);
#1827=ORIENTED_EDGE('',*,*,#3201,.F.);
#1828=ORIENTED_EDGE('',*,*,#3209,.T.);
#1829=ORIENTED_EDGE('',*,*,#3162,.T.);
#1830=ORIENTED_EDGE('',*,*,#3209,.F.);
#1831=ORIENTED_EDGE('',*,*,#3200,.F.);
#1832=ORIENTED_EDGE('',*,*,#3210,.T.);
#1833=ORIENTED_EDGE('',*,*,#3163,.T.);
#1834=ORIENTED_EDGE('',*,*,#3210,.F.);
#1835=ORIENTED_EDGE('',*,*,#3199,.F.);
#1836=ORIENTED_EDGE('',*,*,#3211,.T.);
#1837=ORIENTED_EDGE('',*,*,#3164,.T.);
#1838=ORIENTED_EDGE('',*,*,#3211,.F.);
#1839=ORIENTED_EDGE('',*,*,#3198,.F.);
#1840=ORIENTED_EDGE('',*,*,#3212,.T.);
#1841=ORIENTED_EDGE('',*,*,#3165,.T.);
#1842=ORIENTED_EDGE('',*,*,#3212,.F.);
#1843=ORIENTED_EDGE('',*,*,#3197,.F.);
#1844=ORIENTED_EDGE('',*,*,#3213,.T.);
#1845=ORIENTED_EDGE('',*,*,#3166,.T.);
#1846=ORIENTED_EDGE('',*,*,#3213,.F.);
#1847=ORIENTED_EDGE('',*,*,#3196,.F.);
#1848=ORIENTED_EDGE('',*,*,#3214,.T.);
#1849=ORIENTED_EDGE('',*,*,#3167,.T.);
#1850=ORIENTED_EDGE('',*,*,#3214,.F.);
#1851=ORIENTED_EDGE('',*,*,#3195,.F.);
#1852=ORIENTED_EDGE('',*,*,#3215,.T.);
#1853=ORIENTED_EDGE('',*,*,#3168,.T.);
#1854=ORIENTED_EDGE('',*,*,#3215,.F.);
#1855=ORIENTED_EDGE('',*,*,#3194,.F.);
#1856=ORIENTED_EDGE('',*,*,#3216,.T.);
#1857=ORIENTED_EDGE('',*,*,#3169,.T.);
#1858=ORIENTED_EDGE('',*,*,#3216,.F.);
#1859=ORIENTED_EDGE('',*,*,#3193,.F.);
#1860=ORIENTED_EDGE('',*,*,#3217,.T.);
#1861=ORIENTED_EDGE('',*,*,#3170,.T.);
#1862=ORIENTED_EDGE('',*,*,#3217,.F.);
#1863=ORIENTED_EDGE('',*,*,#3192,.F.);
#1864=ORIENTED_EDGE('',*,*,#3218,.T.);
#1865=ORIENTED_EDGE('',*,*,#3171,.T.);
#1866=ORIENTED_EDGE('',*,*,#3218,.F.);
#1867=ORIENTED_EDGE('',*,*,#3191,.F.);
#1868=ORIENTED_EDGE('',*,*,#3219,.T.);
#1869=ORIENTED_EDGE('',*,*,#3172,.T.);
#1870=ORIENTED_EDGE('',*,*,#3219,.F.);
#1871=ORIENTED_EDGE('',*,*,#3190,.F.);
#1872=ORIENTED_EDGE('',*,*,#3220,.T.);
#1873=ORIENTED_EDGE('',*,*,#3173,.T.);
#1874=ORIENTED_EDGE('',*,*,#3220,.F.);
#1875=ORIENTED_EDGE('',*,*,#3189,.F.);
#1876=ORIENTED_EDGE('',*,*,#3221,.T.);
#1877=ORIENTED_EDGE('',*,*,#3174,.T.);
#1878=ORIENTED_EDGE('',*,*,#3221,.F.);
#1879=ORIENTED_EDGE('',*,*,#3188,.F.);
#1880=ORIENTED_EDGE('',*,*,#3222,.T.);
#1881=ORIENTED_EDGE('',*,*,#3175,.T.);
#1882=ORIENTED_EDGE('',*,*,#3222,.F.);
#1883=ORIENTED_EDGE('',*,*,#3187,.F.);
#1884=ORIENTED_EDGE('',*,*,#3223,.T.);
#1885=ORIENTED_EDGE('',*,*,#3176,.T.);
#1886=ORIENTED_EDGE('',*,*,#3223,.F.);
#1887=ORIENTED_EDGE('',*,*,#3186,.F.);
#1888=ORIENTED_EDGE('',*,*,#3224,.T.);
#1889=ORIENTED_EDGE('',*,*,#3177,.T.);
#1890=ORIENTED_EDGE('',*,*,#3224,.F.);
#1891=ORIENTED_EDGE('',*,*,#3185,.F.);
#1892=ORIENTED_EDGE('',*,*,#3225,.T.);
#1893=ORIENTED_EDGE('',*,*,#3178,.T.);
#1894=ORIENTED_EDGE('',*,*,#3225,.F.);
#1895=ORIENTED_EDGE('',*,*,#3184,.F.);
#1896=ORIENTED_EDGE('',*,*,#3226,.T.);
#1897=ORIENTED_EDGE('',*,*,#3179,.T.);
#1898=ORIENTED_EDGE('',*,*,#3226,.F.);
#1899=ORIENTED_EDGE('',*,*,#3183,.F.);
#1900=ORIENTED_EDGE('',*,*,#3227,.T.);
#1901=ORIENTED_EDGE('',*,*,#3180,.T.);
#1902=ORIENTED_EDGE('',*,*,#3227,.F.);
#1903=ORIENTED_EDGE('',*,*,#3182,.F.);
#1904=ORIENTED_EDGE('',*,*,#3228,.T.);
#1905=ORIENTED_EDGE('',*,*,#3157,.T.);
#1906=ORIENTED_EDGE('',*,*,#3228,.F.);
#1907=ORIENTED_EDGE('',*,*,#3181,.F.);
#1908=ORIENTED_EDGE('',*,*,#3205,.T.);
#1909=ORIENTED_EDGE('',*,*,#3229,.F.);
#1910=ORIENTED_EDGE('',*,*,#3230,.F.);
#1911=ORIENTED_EDGE('',*,*,#3231,.F.);
#1912=ORIENTED_EDGE('',*,*,#3232,.F.);
#1913=ORIENTED_EDGE('',*,*,#3233,.T.);
#1914=ORIENTED_EDGE('',*,*,#3234,.T.);
#1915=ORIENTED_EDGE('',*,*,#3235,.T.);
#1916=ORIENTED_EDGE('',*,*,#3236,.T.);
#1917=ORIENTED_EDGE('',*,*,#3230,.T.);
#1918=ORIENTED_EDGE('',*,*,#3237,.F.);
#1919=ORIENTED_EDGE('',*,*,#3236,.F.);
#1920=ORIENTED_EDGE('',*,*,#3238,.T.);
#1921=ORIENTED_EDGE('',*,*,#3231,.T.);
#1922=ORIENTED_EDGE('',*,*,#3238,.F.);
#1923=ORIENTED_EDGE('',*,*,#3235,.F.);
#1924=ORIENTED_EDGE('',*,*,#3239,.T.);
#1925=ORIENTED_EDGE('',*,*,#3232,.T.);
#1926=ORIENTED_EDGE('',*,*,#3239,.F.);
#1927=ORIENTED_EDGE('',*,*,#3234,.F.);
#1928=ORIENTED_EDGE('',*,*,#3240,.T.);
#1929=ORIENTED_EDGE('',*,*,#3229,.T.);
#1930=ORIENTED_EDGE('',*,*,#3240,.F.);
#1931=ORIENTED_EDGE('',*,*,#3233,.F.);
#1932=ORIENTED_EDGE('',*,*,#3237,.T.);
#1933=ORIENTED_EDGE('',*,*,#3241,.F.);
#1934=ORIENTED_EDGE('',*,*,#3242,.F.);
#1935=ORIENTED_EDGE('',*,*,#3243,.F.);
#1936=ORIENTED_EDGE('',*,*,#3244,.F.);
#1937=ORIENTED_EDGE('',*,*,#3245,.F.);
#1938=ORIENTED_EDGE('',*,*,#3246,.F.);
#1939=ORIENTED_EDGE('',*,*,#3247,.F.);
#1940=ORIENTED_EDGE('',*,*,#3248,.F.);
#1941=ORIENTED_EDGE('',*,*,#3249,.F.);
#1942=ORIENTED_EDGE('',*,*,#3250,.F.);
#1943=ORIENTED_EDGE('',*,*,#3251,.F.);
#1944=ORIENTED_EDGE('',*,*,#3252,.F.);
#1945=ORIENTED_EDGE('',*,*,#3253,.F.);
#1946=ORIENTED_EDGE('',*,*,#3254,.F.);
#1947=ORIENTED_EDGE('',*,*,#3255,.F.);
#1948=ORIENTED_EDGE('',*,*,#3256,.F.);
#1949=ORIENTED_EDGE('',*,*,#3257,.F.);
#1950=ORIENTED_EDGE('',*,*,#3258,.F.);
#1951=ORIENTED_EDGE('',*,*,#3259,.F.);
#1952=ORIENTED_EDGE('',*,*,#3260,.F.);
#1953=ORIENTED_EDGE('',*,*,#3261,.F.);
#1954=ORIENTED_EDGE('',*,*,#3262,.F.);
#1955=ORIENTED_EDGE('',*,*,#3263,.F.);
#1956=ORIENTED_EDGE('',*,*,#3264,.F.);
#1957=ORIENTED_EDGE('',*,*,#3265,.F.);
#1958=ORIENTED_EDGE('',*,*,#3266,.F.);
#1959=ORIENTED_EDGE('',*,*,#3267,.F.);
#1960=ORIENTED_EDGE('',*,*,#3268,.F.);
#1961=ORIENTED_EDGE('',*,*,#3269,.F.);
#1962=ORIENTED_EDGE('',*,*,#3270,.F.);
#1963=ORIENTED_EDGE('',*,*,#3271,.F.);
#1964=ORIENTED_EDGE('',*,*,#3272,.F.);
#1965=ORIENTED_EDGE('',*,*,#3273,.F.);
#1966=ORIENTED_EDGE('',*,*,#3274,.F.);
#1967=ORIENTED_EDGE('',*,*,#3275,.F.);
#1968=ORIENTED_EDGE('',*,*,#3276,.F.);
#1969=ORIENTED_EDGE('',*,*,#3277,.F.);
#1970=ORIENTED_EDGE('',*,*,#3278,.F.);
#1971=ORIENTED_EDGE('',*,*,#3279,.F.);
#1972=ORIENTED_EDGE('',*,*,#3280,.T.);
#1973=ORIENTED_EDGE('',*,*,#3281,.T.);
#1974=ORIENTED_EDGE('',*,*,#3282,.T.);
#1975=ORIENTED_EDGE('',*,*,#3283,.T.);
#1976=ORIENTED_EDGE('',*,*,#3284,.T.);
#1977=ORIENTED_EDGE('',*,*,#3285,.T.);
#1978=ORIENTED_EDGE('',*,*,#3286,.T.);
#1979=ORIENTED_EDGE('',*,*,#3287,.T.);
#1980=ORIENTED_EDGE('',*,*,#3288,.T.);
#1981=ORIENTED_EDGE('',*,*,#3289,.T.);
#1982=ORIENTED_EDGE('',*,*,#3290,.T.);
#1983=ORIENTED_EDGE('',*,*,#3291,.T.);
#1984=ORIENTED_EDGE('',*,*,#3292,.T.);
#1985=ORIENTED_EDGE('',*,*,#3293,.T.);
#1986=ORIENTED_EDGE('',*,*,#3294,.T.);
#1987=ORIENTED_EDGE('',*,*,#3295,.T.);
#1988=ORIENTED_EDGE('',*,*,#3296,.T.);
#1989=ORIENTED_EDGE('',*,*,#3297,.T.);
#1990=ORIENTED_EDGE('',*,*,#3298,.T.);
#1991=ORIENTED_EDGE('',*,*,#3299,.T.);
#1992=ORIENTED_EDGE('',*,*,#3300,.T.);
#1993=ORIENTED_EDGE('',*,*,#3301,.T.);
#1994=ORIENTED_EDGE('',*,*,#3302,.T.);
#1995=ORIENTED_EDGE('',*,*,#3303,.T.);
#1996=ORIENTED_EDGE('',*,*,#3304,.T.);
#1997=ORIENTED_EDGE('',*,*,#3305,.T.);
#1998=ORIENTED_EDGE('',*,*,#3306,.T.);
#1999=ORIENTED_EDGE('',*,*,#3307,.T.);
#2000=ORIENTED_EDGE('',*,*,#3308,.T.);
#2001=ORIENTED_EDGE('',*,*,#3309,.T.);
#2002=ORIENTED_EDGE('',*,*,#3310,.T.);
#2003=ORIENTED_EDGE('',*,*,#3311,.T.);
#2004=ORIENTED_EDGE('',*,*,#3312,.T.);
#2005=ORIENTED_EDGE('',*,*,#3313,.T.);
#2006=ORIENTED_EDGE('',*,*,#3314,.T.);
#2007=ORIENTED_EDGE('',*,*,#3315,.T.);
#2008=ORIENTED_EDGE('',*,*,#3316,.T.);
#2009=ORIENTED_EDGE('',*,*,#3317,.T.);
#2010=ORIENTED_EDGE('',*,*,#3318,.T.);
#2011=ORIENTED_EDGE('',*,*,#3242,.T.);
#2012=ORIENTED_EDGE('',*,*,#3319,.F.);
#2013=ORIENTED_EDGE('',*,*,#3318,.F.);
#2014=ORIENTED_EDGE('',*,*,#3320,.T.);
#2015=ORIENTED_EDGE('',*,*,#3243,.T.);
#2016=ORIENTED_EDGE('',*,*,#3320,.F.);
#2017=ORIENTED_EDGE('',*,*,#3317,.F.);
#2018=ORIENTED_EDGE('',*,*,#3321,.T.);
#2019=ORIENTED_EDGE('',*,*,#3244,.T.);
#2020=ORIENTED_EDGE('',*,*,#3321,.F.);
#2021=ORIENTED_EDGE('',*,*,#3316,.F.);
#2022=ORIENTED_EDGE('',*,*,#3322,.T.);
#2023=ORIENTED_EDGE('',*,*,#3245,.T.);
#2024=ORIENTED_EDGE('',*,*,#3322,.F.);
#2025=ORIENTED_EDGE('',*,*,#3315,.F.);
#2026=ORIENTED_EDGE('',*,*,#3323,.T.);
#2027=ORIENTED_EDGE('',*,*,#3246,.T.);
#2028=ORIENTED_EDGE('',*,*,#3323,.F.);
#2029=ORIENTED_EDGE('',*,*,#3314,.F.);
#2030=ORIENTED_EDGE('',*,*,#3324,.T.);
#2031=ORIENTED_EDGE('',*,*,#3247,.T.);
#2032=ORIENTED_EDGE('',*,*,#3324,.F.);
#2033=ORIENTED_EDGE('',*,*,#3313,.F.);
#2034=ORIENTED_EDGE('',*,*,#3325,.T.);
#2035=ORIENTED_EDGE('',*,*,#3248,.T.);
#2036=ORIENTED_EDGE('',*,*,#3325,.F.);
#2037=ORIENTED_EDGE('',*,*,#3312,.F.);
#2038=ORIENTED_EDGE('',*,*,#3326,.T.);
#2039=ORIENTED_EDGE('',*,*,#3249,.T.);
#2040=ORIENTED_EDGE('',*,*,#3326,.F.);
#2041=ORIENTED_EDGE('',*,*,#3311,.F.);
#2042=ORIENTED_EDGE('',*,*,#3327,.T.);
#2043=ORIENTED_EDGE('',*,*,#3250,.T.);
#2044=ORIENTED_EDGE('',*,*,#3327,.F.);
#2045=ORIENTED_EDGE('',*,*,#3310,.F.);
#2046=ORIENTED_EDGE('',*,*,#3328,.T.);
#2047=ORIENTED_EDGE('',*,*,#3251,.T.);
#2048=ORIENTED_EDGE('',*,*,#3328,.F.);
#2049=ORIENTED_EDGE('',*,*,#3309,.F.);
#2050=ORIENTED_EDGE('',*,*,#3329,.T.);
#2051=ORIENTED_EDGE('',*,*,#3252,.T.);
#2052=ORIENTED_EDGE('',*,*,#3329,.F.);
#2053=ORIENTED_EDGE('',*,*,#3308,.F.);
#2054=ORIENTED_EDGE('',*,*,#3330,.T.);
#2055=ORIENTED_EDGE('',*,*,#3253,.T.);
#2056=ORIENTED_EDGE('',*,*,#3330,.F.);
#2057=ORIENTED_EDGE('',*,*,#3307,.F.);
#2058=ORIENTED_EDGE('',*,*,#3331,.T.);
#2059=ORIENTED_EDGE('',*,*,#3254,.T.);
#2060=ORIENTED_EDGE('',*,*,#3331,.F.);
#2061=ORIENTED_EDGE('',*,*,#3306,.F.);
#2062=ORIENTED_EDGE('',*,*,#3332,.T.);
#2063=ORIENTED_EDGE('',*,*,#3255,.T.);
#2064=ORIENTED_EDGE('',*,*,#3332,.F.);
#2065=ORIENTED_EDGE('',*,*,#3305,.F.);
#2066=ORIENTED_EDGE('',*,*,#3333,.T.);
#2067=ORIENTED_EDGE('',*,*,#3256,.T.);
#2068=ORIENTED_EDGE('',*,*,#3333,.F.);
#2069=ORIENTED_EDGE('',*,*,#3304,.F.);
#2070=ORIENTED_EDGE('',*,*,#3334,.T.);
#2071=ORIENTED_EDGE('',*,*,#3257,.T.);
#2072=ORIENTED_EDGE('',*,*,#3334,.F.);
#2073=ORIENTED_EDGE('',*,*,#3303,.F.);
#2074=ORIENTED_EDGE('',*,*,#3335,.T.);
#2075=ORIENTED_EDGE('',*,*,#3258,.T.);
#2076=ORIENTED_EDGE('',*,*,#3335,.F.);
#2077=ORIENTED_EDGE('',*,*,#3302,.F.);
#2078=ORIENTED_EDGE('',*,*,#3336,.T.);
#2079=ORIENTED_EDGE('',*,*,#3259,.T.);
#2080=ORIENTED_EDGE('',*,*,#3336,.F.);
#2081=ORIENTED_EDGE('',*,*,#3301,.F.);
#2082=ORIENTED_EDGE('',*,*,#3337,.T.);
#2083=ORIENTED_EDGE('',*,*,#3260,.T.);
#2084=ORIENTED_EDGE('',*,*,#3337,.F.);
#2085=ORIENTED_EDGE('',*,*,#3300,.F.);
#2086=ORIENTED_EDGE('',*,*,#3338,.T.);
#2087=ORIENTED_EDGE('',*,*,#3261,.T.);
#2088=ORIENTED_EDGE('',*,*,#3338,.F.);
#2089=ORIENTED_EDGE('',*,*,#3299,.F.);
#2090=ORIENTED_EDGE('',*,*,#3339,.T.);
#2091=ORIENTED_EDGE('',*,*,#3262,.T.);
#2092=ORIENTED_EDGE('',*,*,#3339,.F.);
#2093=ORIENTED_EDGE('',*,*,#3298,.F.);
#2094=ORIENTED_EDGE('',*,*,#3340,.T.);
#2095=ORIENTED_EDGE('',*,*,#3263,.T.);
#2096=ORIENTED_EDGE('',*,*,#3340,.F.);
#2097=ORIENTED_EDGE('',*,*,#3297,.F.);
#2098=ORIENTED_EDGE('',*,*,#3341,.T.);
#2099=ORIENTED_EDGE('',*,*,#3264,.T.);
#2100=ORIENTED_EDGE('',*,*,#3341,.F.);
#2101=ORIENTED_EDGE('',*,*,#3296,.F.);
#2102=ORIENTED_EDGE('',*,*,#3342,.T.);
#2103=ORIENTED_EDGE('',*,*,#3265,.T.);
#2104=ORIENTED_EDGE('',*,*,#3342,.F.);
#2105=ORIENTED_EDGE('',*,*,#3295,.F.);
#2106=ORIENTED_EDGE('',*,*,#3343,.T.);
#2107=ORIENTED_EDGE('',*,*,#3266,.T.);
#2108=ORIENTED_EDGE('',*,*,#3343,.F.);
#2109=ORIENTED_EDGE('',*,*,#3294,.F.);
#2110=ORIENTED_EDGE('',*,*,#3344,.T.);
#2111=ORIENTED_EDGE('',*,*,#3267,.T.);
#2112=ORIENTED_EDGE('',*,*,#3344,.F.);
#2113=ORIENTED_EDGE('',*,*,#3293,.F.);
#2114=ORIENTED_EDGE('',*,*,#3345,.T.);
#2115=ORIENTED_EDGE('',*,*,#3268,.T.);
#2116=ORIENTED_EDGE('',*,*,#3345,.F.);
#2117=ORIENTED_EDGE('',*,*,#3292,.F.);
#2118=ORIENTED_EDGE('',*,*,#3346,.T.);
#2119=ORIENTED_EDGE('',*,*,#3269,.T.);
#2120=ORIENTED_EDGE('',*,*,#3346,.F.);
#2121=ORIENTED_EDGE('',*,*,#3291,.F.);
#2122=ORIENTED_EDGE('',*,*,#3347,.T.);
#2123=ORIENTED_EDGE('',*,*,#3270,.T.);
#2124=ORIENTED_EDGE('',*,*,#3347,.F.);
#2125=ORIENTED_EDGE('',*,*,#3290,.F.);
#2126=ORIENTED_EDGE('',*,*,#3348,.T.);
#2127=ORIENTED_EDGE('',*,*,#3271,.T.);
#2128=ORIENTED_EDGE('',*,*,#3348,.F.);
#2129=ORIENTED_EDGE('',*,*,#3289,.F.);
#2130=ORIENTED_EDGE('',*,*,#3349,.T.);
#2131=ORIENTED_EDGE('',*,*,#3272,.T.);
#2132=ORIENTED_EDGE('',*,*,#3349,.F.);
#2133=ORIENTED_EDGE('',*,*,#3288,.F.);
#2134=ORIENTED_EDGE('',*,*,#3350,.T.);
#2135=ORIENTED_EDGE('',*,*,#3273,.T.);
#2136=ORIENTED_EDGE('',*,*,#3350,.F.);
#2137=ORIENTED_EDGE('',*,*,#3287,.F.);
#2138=ORIENTED_EDGE('',*,*,#3351,.T.);
#2139=ORIENTED_EDGE('',*,*,#3274,.T.);
#2140=ORIENTED_EDGE('',*,*,#3351,.F.);
#2141=ORIENTED_EDGE('',*,*,#3286,.F.);
#2142=ORIENTED_EDGE('',*,*,#3352,.T.);
#2143=ORIENTED_EDGE('',*,*,#3275,.T.);
#2144=ORIENTED_EDGE('',*,*,#3352,.F.);
#2145=ORIENTED_EDGE('',*,*,#3285,.F.);
#2146=ORIENTED_EDGE('',*,*,#3353,.T.);
#2147=ORIENTED_EDGE('',*,*,#3276,.T.);
#2148=ORIENTED_EDGE('',*,*,#3353,.F.);
#2149=ORIENTED_EDGE('',*,*,#3284,.F.);
#2150=ORIENTED_EDGE('',*,*,#3354,.T.);
#2151=ORIENTED_EDGE('',*,*,#3277,.T.);
#2152=ORIENTED_EDGE('',*,*,#3354,.F.);
#2153=ORIENTED_EDGE('',*,*,#3283,.F.);
#2154=ORIENTED_EDGE('',*,*,#3355,.T.);
#2155=ORIENTED_EDGE('',*,*,#3278,.T.);
#2156=ORIENTED_EDGE('',*,*,#3355,.F.);
#2157=ORIENTED_EDGE('',*,*,#3282,.F.);
#2158=ORIENTED_EDGE('',*,*,#3356,.T.);
#2159=ORIENTED_EDGE('',*,*,#3279,.T.);
#2160=ORIENTED_EDGE('',*,*,#3356,.F.);
#2161=ORIENTED_EDGE('',*,*,#3281,.F.);
#2162=ORIENTED_EDGE('',*,*,#3357,.T.);
#2163=ORIENTED_EDGE('',*,*,#3241,.T.);
#2164=ORIENTED_EDGE('',*,*,#3357,.F.);
#2165=ORIENTED_EDGE('',*,*,#3280,.F.);
#2166=ORIENTED_EDGE('',*,*,#3319,.T.);
#2167=ORIENTED_EDGE('',*,*,#3358,.F.);
#2168=ORIENTED_EDGE('',*,*,#3359,.F.);
#2169=ORIENTED_EDGE('',*,*,#3360,.F.);
#2170=ORIENTED_EDGE('',*,*,#3361,.F.);
#2171=ORIENTED_EDGE('',*,*,#3362,.T.);
#2172=ORIENTED_EDGE('',*,*,#3363,.T.);
#2173=ORIENTED_EDGE('',*,*,#3364,.T.);
#2174=ORIENTED_EDGE('',*,*,#3365,.T.);
#2175=ORIENTED_EDGE('',*,*,#3359,.T.);
#2176=ORIENTED_EDGE('',*,*,#3366,.F.);
#2177=ORIENTED_EDGE('',*,*,#3365,.F.);
#2178=ORIENTED_EDGE('',*,*,#3367,.T.);
#2179=ORIENTED_EDGE('',*,*,#3360,.T.);
#2180=ORIENTED_EDGE('',*,*,#3367,.F.);
#2181=ORIENTED_EDGE('',*,*,#3364,.F.);
#2182=ORIENTED_EDGE('',*,*,#3368,.T.);
#2183=ORIENTED_EDGE('',*,*,#3361,.T.);
#2184=ORIENTED_EDGE('',*,*,#3368,.F.);
#2185=ORIENTED_EDGE('',*,*,#3363,.F.);
#2186=ORIENTED_EDGE('',*,*,#3369,.T.);
#2187=ORIENTED_EDGE('',*,*,#3358,.T.);
#2188=ORIENTED_EDGE('',*,*,#3369,.F.);
#2189=ORIENTED_EDGE('',*,*,#3362,.F.);
#2190=ORIENTED_EDGE('',*,*,#3366,.T.);
#2191=ORIENTED_EDGE('',*,*,#3370,.F.);
#2192=ORIENTED_EDGE('',*,*,#3371,.F.);
#2193=ORIENTED_EDGE('',*,*,#3372,.F.);
#2194=ORIENTED_EDGE('',*,*,#3373,.F.);
#2195=ORIENTED_EDGE('',*,*,#3374,.T.);
#2196=ORIENTED_EDGE('',*,*,#3375,.T.);
#2197=ORIENTED_EDGE('',*,*,#3376,.T.);
#2198=ORIENTED_EDGE('',*,*,#3377,.T.);
#2199=ORIENTED_EDGE('',*,*,#3371,.T.);
#2200=ORIENTED_EDGE('',*,*,#3378,.F.);
#2201=ORIENTED_EDGE('',*,*,#3377,.F.);
#2202=ORIENTED_EDGE('',*,*,#3379,.T.);
#2203=ORIENTED_EDGE('',*,*,#3372,.T.);
#2204=ORIENTED_EDGE('',*,*,#3379,.F.);
#2205=ORIENTED_EDGE('',*,*,#3376,.F.);
#2206=ORIENTED_EDGE('',*,*,#3380,.T.);
#2207=ORIENTED_EDGE('',*,*,#3373,.T.);
#2208=ORIENTED_EDGE('',*,*,#3380,.F.);
#2209=ORIENTED_EDGE('',*,*,#3375,.F.);
#2210=ORIENTED_EDGE('',*,*,#3381,.T.);
#2211=ORIENTED_EDGE('',*,*,#3370,.T.);
#2212=ORIENTED_EDGE('',*,*,#3381,.F.);
#2213=ORIENTED_EDGE('',*,*,#3374,.F.);
#2214=ORIENTED_EDGE('',*,*,#3378,.T.);
#2215=ORIENTED_EDGE('',*,*,#3382,.F.);
#2216=ORIENTED_EDGE('',*,*,#3383,.F.);
#2217=ORIENTED_EDGE('',*,*,#3384,.F.);
#2218=ORIENTED_EDGE('',*,*,#3385,.F.);
#2219=ORIENTED_EDGE('',*,*,#3386,.T.);
#2220=ORIENTED_EDGE('',*,*,#3387,.T.);
#2221=ORIENTED_EDGE('',*,*,#3388,.T.);
#2222=ORIENTED_EDGE('',*,*,#3389,.T.);
#2223=ORIENTED_EDGE('',*,*,#3383,.T.);
#2224=ORIENTED_EDGE('',*,*,#3390,.F.);
#2225=ORIENTED_EDGE('',*,*,#3389,.F.);
#2226=ORIENTED_EDGE('',*,*,#3391,.T.);
#2227=ORIENTED_EDGE('',*,*,#3384,.T.);
#2228=ORIENTED_EDGE('',*,*,#3391,.F.);
#2229=ORIENTED_EDGE('',*,*,#3388,.F.);
#2230=ORIENTED_EDGE('',*,*,#3392,.T.);
#2231=ORIENTED_EDGE('',*,*,#3385,.T.);
#2232=ORIENTED_EDGE('',*,*,#3392,.F.);
#2233=ORIENTED_EDGE('',*,*,#3387,.F.);
#2234=ORIENTED_EDGE('',*,*,#3393,.T.);
#2235=ORIENTED_EDGE('',*,*,#3382,.T.);
#2236=ORIENTED_EDGE('',*,*,#3393,.F.);
#2237=ORIENTED_EDGE('',*,*,#3386,.F.);
#2238=ORIENTED_EDGE('',*,*,#3390,.T.);
#2239=ORIENTED_EDGE('',*,*,#3394,.F.);
#2240=ORIENTED_EDGE('',*,*,#3395,.F.);
#2241=ORIENTED_EDGE('',*,*,#3396,.F.);
#2242=ORIENTED_EDGE('',*,*,#3397,.F.);
#2243=ORIENTED_EDGE('',*,*,#3398,.T.);
#2244=ORIENTED_EDGE('',*,*,#3399,.T.);
#2245=ORIENTED_EDGE('',*,*,#3400,.T.);
#2246=ORIENTED_EDGE('',*,*,#3401,.T.);
#2247=ORIENTED_EDGE('',*,*,#3395,.T.);
#2248=ORIENTED_EDGE('',*,*,#3402,.F.);
#2249=ORIENTED_EDGE('',*,*,#3401,.F.);
#2250=ORIENTED_EDGE('',*,*,#3403,.T.);
#2251=ORIENTED_EDGE('',*,*,#3396,.T.);
#2252=ORIENTED_EDGE('',*,*,#3403,.F.);
#2253=ORIENTED_EDGE('',*,*,#3400,.F.);
#2254=ORIENTED_EDGE('',*,*,#3404,.T.);
#2255=ORIENTED_EDGE('',*,*,#3397,.T.);
#2256=ORIENTED_EDGE('',*,*,#3404,.F.);
#2257=ORIENTED_EDGE('',*,*,#3399,.F.);
#2258=ORIENTED_EDGE('',*,*,#3405,.T.);
#2259=ORIENTED_EDGE('',*,*,#3394,.T.);
#2260=ORIENTED_EDGE('',*,*,#3405,.F.);
#2261=ORIENTED_EDGE('',*,*,#3398,.F.);
#2262=ORIENTED_EDGE('',*,*,#3402,.T.);
#2263=ORIENTED_EDGE('',*,*,#3406,.F.);
#2264=ORIENTED_EDGE('',*,*,#3407,.F.);
#2265=ORIENTED_EDGE('',*,*,#3408,.F.);
#2266=ORIENTED_EDGE('',*,*,#3409,.F.);
#2267=ORIENTED_EDGE('',*,*,#3410,.T.);
#2268=ORIENTED_EDGE('',*,*,#3411,.T.);
#2269=ORIENTED_EDGE('',*,*,#3412,.T.);
#2270=ORIENTED_EDGE('',*,*,#3413,.T.);
#2271=ORIENTED_EDGE('',*,*,#3407,.T.);
#2272=ORIENTED_EDGE('',*,*,#3414,.F.);
#2273=ORIENTED_EDGE('',*,*,#3413,.F.);
#2274=ORIENTED_EDGE('',*,*,#3415,.T.);
#2275=ORIENTED_EDGE('',*,*,#3408,.T.);
#2276=ORIENTED_EDGE('',*,*,#3415,.F.);
#2277=ORIENTED_EDGE('',*,*,#3412,.F.);
#2278=ORIENTED_EDGE('',*,*,#3416,.T.);
#2279=ORIENTED_EDGE('',*,*,#3409,.T.);
#2280=ORIENTED_EDGE('',*,*,#3416,.F.);
#2281=ORIENTED_EDGE('',*,*,#3411,.F.);
#2282=ORIENTED_EDGE('',*,*,#3417,.T.);
#2283=ORIENTED_EDGE('',*,*,#3406,.T.);
#2284=ORIENTED_EDGE('',*,*,#3417,.F.);
#2285=ORIENTED_EDGE('',*,*,#3410,.F.);
#2286=ORIENTED_EDGE('',*,*,#3414,.T.);
#2287=ORIENTED_EDGE('',*,*,#3418,.F.);
#2288=ORIENTED_EDGE('',*,*,#3419,.F.);
#2289=ORIENTED_EDGE('',*,*,#3420,.F.);
#2290=ORIENTED_EDGE('',*,*,#3421,.F.);
#2291=ORIENTED_EDGE('',*,*,#3422,.T.);
#2292=ORIENTED_EDGE('',*,*,#3423,.T.);
#2293=ORIENTED_EDGE('',*,*,#3424,.T.);
#2294=ORIENTED_EDGE('',*,*,#3425,.T.);
#2295=ORIENTED_EDGE('',*,*,#3419,.T.);
#2296=ORIENTED_EDGE('',*,*,#3426,.F.);
#2297=ORIENTED_EDGE('',*,*,#3425,.F.);
#2298=ORIENTED_EDGE('',*,*,#3427,.T.);
#2299=ORIENTED_EDGE('',*,*,#3420,.T.);
#2300=ORIENTED_EDGE('',*,*,#3427,.F.);
#2301=ORIENTED_EDGE('',*,*,#3424,.F.);
#2302=ORIENTED_EDGE('',*,*,#3428,.T.);
#2303=ORIENTED_EDGE('',*,*,#3421,.T.);
#2304=ORIENTED_EDGE('',*,*,#3428,.F.);
#2305=ORIENTED_EDGE('',*,*,#3423,.F.);
#2306=ORIENTED_EDGE('',*,*,#3429,.T.);
#2307=ORIENTED_EDGE('',*,*,#3418,.T.);
#2308=ORIENTED_EDGE('',*,*,#3429,.F.);
#2309=ORIENTED_EDGE('',*,*,#3422,.F.);
#2310=ORIENTED_EDGE('',*,*,#3426,.T.);
#2311=ORIENTED_EDGE('',*,*,#3430,.F.);
#2312=ORIENTED_EDGE('',*,*,#3431,.F.);
#2313=ORIENTED_EDGE('',*,*,#3432,.F.);
#2314=ORIENTED_EDGE('',*,*,#3433,.F.);
#2315=ORIENTED_EDGE('',*,*,#3434,.T.);
#2316=ORIENTED_EDGE('',*,*,#3435,.T.);
#2317=ORIENTED_EDGE('',*,*,#3436,.T.);
#2318=ORIENTED_EDGE('',*,*,#3437,.T.);
#2319=ORIENTED_EDGE('',*,*,#3431,.T.);
#2320=ORIENTED_EDGE('',*,*,#3438,.F.);
#2321=ORIENTED_EDGE('',*,*,#3437,.F.);
#2322=ORIENTED_EDGE('',*,*,#3439,.T.);
#2323=ORIENTED_EDGE('',*,*,#3432,.T.);
#2324=ORIENTED_EDGE('',*,*,#3439,.F.);
#2325=ORIENTED_EDGE('',*,*,#3436,.F.);
#2326=ORIENTED_EDGE('',*,*,#3440,.T.);
#2327=ORIENTED_EDGE('',*,*,#3433,.T.);
#2328=ORIENTED_EDGE('',*,*,#3440,.F.);
#2329=ORIENTED_EDGE('',*,*,#3435,.F.);
#2330=ORIENTED_EDGE('',*,*,#3441,.T.);
#2331=ORIENTED_EDGE('',*,*,#3430,.T.);
#2332=ORIENTED_EDGE('',*,*,#3441,.F.);
#2333=ORIENTED_EDGE('',*,*,#3434,.F.);
#2334=ORIENTED_EDGE('',*,*,#3438,.T.);
#2335=ORIENTED_EDGE('',*,*,#3442,.F.);
#2336=ORIENTED_EDGE('',*,*,#3443,.F.);
#2337=ORIENTED_EDGE('',*,*,#3444,.F.);
#2338=ORIENTED_EDGE('',*,*,#3445,.F.);
#2339=ORIENTED_EDGE('',*,*,#3446,.F.);
#2340=ORIENTED_EDGE('',*,*,#3447,.F.);
#2341=ORIENTED_EDGE('',*,*,#3448,.F.);
#2342=ORIENTED_EDGE('',*,*,#3449,.F.);
#2343=ORIENTED_EDGE('',*,*,#3450,.F.);
#2344=ORIENTED_EDGE('',*,*,#3451,.F.);
#2345=ORIENTED_EDGE('',*,*,#3452,.F.);
#2346=ORIENTED_EDGE('',*,*,#3453,.F.);
#2347=ORIENTED_EDGE('',*,*,#3454,.F.);
#2348=ORIENTED_EDGE('',*,*,#3455,.F.);
#2349=ORIENTED_EDGE('',*,*,#3456,.F.);
#2350=ORIENTED_EDGE('',*,*,#3457,.F.);
#2351=ORIENTED_EDGE('',*,*,#3458,.F.);
#2352=ORIENTED_EDGE('',*,*,#3451,.T.);
#2353=ORIENTED_EDGE('',*,*,#3459,.T.);
#2354=ORIENTED_EDGE('',*,*,#3460,.T.);
#2355=ORIENTED_EDGE('',*,*,#3461,.F.);
#2356=ORIENTED_EDGE('',*,*,#3455,.T.);
#2357=ORIENTED_EDGE('',*,*,#3462,.T.);
#2358=ORIENTED_EDGE('',*,*,#3453,.T.);
#2359=ORIENTED_EDGE('',*,*,#3463,.T.);
#2360=ORIENTED_EDGE('',*,*,#3457,.T.);
#2361=ORIENTED_EDGE('',*,*,#3464,.F.);
#2362=ORIENTED_EDGE('',*,*,#3465,.F.);
#2363=ORIENTED_EDGE('',*,*,#3466,.F.);
#2364=ORIENTED_EDGE('',*,*,#3443,.T.);
#2365=ORIENTED_EDGE('',*,*,#3467,.T.);
#2366=ORIENTED_EDGE('',*,*,#3465,.T.);
#2367=ORIENTED_EDGE('',*,*,#3468,.F.);
#2368=ORIENTED_EDGE('',*,*,#3447,.T.);
#2369=ORIENTED_EDGE('',*,*,#3469,.T.);
#2370=ORIENTED_EDGE('',*,*,#3445,.T.);
#2371=ORIENTED_EDGE('',*,*,#3470,.T.);
#2372=ORIENTED_EDGE('',*,*,#3449,.T.);
#2373=ORIENTED_EDGE('',*,*,#3471,.F.);
#2374=ORIENTED_EDGE('',*,*,#3472,.F.);
#2375=ORIENTED_EDGE('',*,*,#3473,.F.);
#2376=ORIENTED_EDGE('',*,*,#3460,.F.);
#2377=ORIENTED_EDGE('',*,*,#3474,.T.);
#2378=ORIENTED_EDGE('',*,*,#3475,.T.);
#2379=ORIENTED_EDGE('',*,*,#3476,.T.);
#2380=ORIENTED_EDGE('',*,*,#3477,.T.);
#2381=ORIENTED_EDGE('',*,*,#3478,.T.);
#2382=ORIENTED_EDGE('',*,*,#3479,.T.);
#2383=ORIENTED_EDGE('',*,*,#3480,.T.);
#2384=ORIENTED_EDGE('',*,*,#3481,.T.);
#2385=ORIENTED_EDGE('',*,*,#3482,.T.);
#2386=ORIENTED_EDGE('',*,*,#3483,.T.);
#2387=ORIENTED_EDGE('',*,*,#3484,.T.);
#2388=ORIENTED_EDGE('',*,*,#3485,.T.);
#2389=ORIENTED_EDGE('',*,*,#3486,.T.);
#2390=ORIENTED_EDGE('',*,*,#3487,.T.);
#2391=ORIENTED_EDGE('',*,*,#3488,.T.);
#2392=ORIENTED_EDGE('',*,*,#3489,.T.);
#2393=ORIENTED_EDGE('',*,*,#3490,.T.);
#2394=ORIENTED_EDGE('',*,*,#3491,.T.);
#2395=ORIENTED_EDGE('',*,*,#3492,.F.);
#2396=ORIENTED_EDGE('',*,*,#3490,.F.);
#2397=ORIENTED_EDGE('',*,*,#3493,.F.);
#2398=ORIENTED_EDGE('',*,*,#3494,.F.);
#2399=ORIENTED_EDGE('',*,*,#3478,.F.);
#2400=ORIENTED_EDGE('',*,*,#3495,.F.);
#2401=ORIENTED_EDGE('',*,*,#3482,.F.);
#2402=ORIENTED_EDGE('',*,*,#3496,.F.);
#2403=ORIENTED_EDGE('',*,*,#3497,.T.);
#2404=ORIENTED_EDGE('',*,*,#3471,.T.);
#2405=ORIENTED_EDGE('',*,*,#3448,.T.);
#2406=ORIENTED_EDGE('',*,*,#3468,.T.);
#2407=ORIENTED_EDGE('',*,*,#3444,.T.);
#2408=ORIENTED_EDGE('',*,*,#3466,.T.);
#2409=ORIENTED_EDGE('',*,*,#3464,.T.);
#2410=ORIENTED_EDGE('',*,*,#3456,.T.);
#2411=ORIENTED_EDGE('',*,*,#3461,.T.);
#2412=ORIENTED_EDGE('',*,*,#3452,.T.);
#2413=ORIENTED_EDGE('',*,*,#3458,.T.);
#2414=ORIENTED_EDGE('',*,*,#3473,.T.);
#2415=ORIENTED_EDGE('',*,*,#3498,.T.);
#2416=ORIENTED_EDGE('',*,*,#3499,.F.);
#2417=ORIENTED_EDGE('',*,*,#3500,.F.);
#2418=ORIENTED_EDGE('',*,*,#3486,.F.);
#2419=ORIENTED_EDGE('',*,*,#3501,.T.);
#2420=ORIENTED_EDGE('',*,*,#3488,.F.);
#2421=ORIENTED_EDGE('',*,*,#3502,.T.);
#2422=ORIENTED_EDGE('',*,*,#3484,.F.);
#2423=ORIENTED_EDGE('',*,*,#3503,.T.);
#2424=ORIENTED_EDGE('',*,*,#3504,.T.);
#2425=ORIENTED_EDGE('',*,*,#3505,.F.);
#2426=ORIENTED_EDGE('',*,*,#3474,.F.);
#2427=ORIENTED_EDGE('',*,*,#3459,.F.);
#2428=ORIENTED_EDGE('',*,*,#3450,.T.);
#2429=ORIENTED_EDGE('',*,*,#3462,.F.);
#2430=ORIENTED_EDGE('',*,*,#3454,.T.);
#2431=ORIENTED_EDGE('',*,*,#3463,.F.);
#2432=ORIENTED_EDGE('',*,*,#3467,.F.);
#2433=ORIENTED_EDGE('',*,*,#3442,.T.);
#2434=ORIENTED_EDGE('',*,*,#3469,.F.);
#2435=ORIENTED_EDGE('',*,*,#3446,.T.);
#2436=ORIENTED_EDGE('',*,*,#3470,.F.);
#2437=ORIENTED_EDGE('',*,*,#3506,.F.);
#2438=ORIENTED_EDGE('',*,*,#3507,.T.);
#2439=ORIENTED_EDGE('',*,*,#3480,.F.);
#2440=ORIENTED_EDGE('',*,*,#3508,.T.);
#2441=ORIENTED_EDGE('',*,*,#3476,.F.);
#2442=ORIENTED_EDGE('',*,*,#3509,.T.);
#2443=ORIENTED_EDGE('',*,*,#3503,.F.);
#2444=ORIENTED_EDGE('',*,*,#3487,.F.);
#2445=ORIENTED_EDGE('',*,*,#3500,.T.);
#2446=ORIENTED_EDGE('',*,*,#3510,.F.);
#2447=ORIENTED_EDGE('',*,*,#3502,.F.);
#2448=ORIENTED_EDGE('',*,*,#3491,.F.);
#2449=ORIENTED_EDGE('',*,*,#3492,.T.);
#2450=ORIENTED_EDGE('',*,*,#3485,.F.);
#2451=ORIENTED_EDGE('',*,*,#3493,.T.);
#2452=ORIENTED_EDGE('',*,*,#3489,.F.);
#2453=ORIENTED_EDGE('',*,*,#3501,.F.);
#2454=ORIENTED_EDGE('',*,*,#3511,.T.);
#2455=ORIENTED_EDGE('',*,*,#3509,.F.);
#2456=ORIENTED_EDGE('',*,*,#3479,.F.);
#2457=ORIENTED_EDGE('',*,*,#3494,.T.);
#2458=ORIENTED_EDGE('',*,*,#3511,.F.);
#2459=ORIENTED_EDGE('',*,*,#3508,.F.);
#2460=ORIENTED_EDGE('',*,*,#3483,.F.);
#2461=ORIENTED_EDGE('',*,*,#3495,.T.);
#2462=ORIENTED_EDGE('',*,*,#3477,.F.);
#2463=ORIENTED_EDGE('',*,*,#3496,.T.);
#2464=ORIENTED_EDGE('',*,*,#3481,.F.);
#2465=ORIENTED_EDGE('',*,*,#3507,.F.);
#2466=ORIENTED_EDGE('',*,*,#3512,.T.);
#2467=ORIENTED_EDGE('',*,*,#3497,.F.);
#2468=ORIENTED_EDGE('',*,*,#3512,.F.);
#2469=ORIENTED_EDGE('',*,*,#3506,.T.);
#2470=ORIENTED_EDGE('',*,*,#3472,.T.);
#2471=ORIENTED_EDGE('',*,*,#3498,.F.);
#2472=ORIENTED_EDGE('',*,*,#3475,.F.);
#2473=ORIENTED_EDGE('',*,*,#3505,.T.);
#2474=ORIENTED_EDGE('',*,*,#3513,.T.);
#2475=ORIENTED_EDGE('',*,*,#3499,.T.);
#2476=ORIENTED_EDGE('',*,*,#3513,.F.);
#2477=ORIENTED_EDGE('',*,*,#3504,.F.);
#2478=ORIENTED_EDGE('',*,*,#3510,.T.);
#2479=ORIENTED_EDGE('',*,*,#3514,.T.);
#2480=ORIENTED_EDGE('',*,*,#3515,.T.);
#2481=ORIENTED_EDGE('',*,*,#3516,.T.);
#2482=ORIENTED_EDGE('',*,*,#3517,.T.);
#2483=ORIENTED_EDGE('',*,*,#3518,.F.);
#2484=ORIENTED_EDGE('',*,*,#3519,.T.);
#2485=ORIENTED_EDGE('',*,*,#3520,.T.);
#2486=ORIENTED_EDGE('',*,*,#3521,.T.);
#2487=ORIENTED_EDGE('',*,*,#3522,.T.);
#2488=ORIENTED_EDGE('',*,*,#3523,.T.);
#2489=ORIENTED_EDGE('',*,*,#3524,.T.);
#2490=ORIENTED_EDGE('',*,*,#3525,.T.);
#2491=ORIENTED_EDGE('',*,*,#3526,.T.);
#2492=ORIENTED_EDGE('',*,*,#3527,.T.);
#2493=ORIENTED_EDGE('',*,*,#3528,.T.);
#2494=ORIENTED_EDGE('',*,*,#3529,.T.);
#2495=ORIENTED_EDGE('',*,*,#3530,.T.);
#2496=ORIENTED_EDGE('',*,*,#3531,.T.);
#2497=ORIENTED_EDGE('',*,*,#3532,.T.);
#2498=ORIENTED_EDGE('',*,*,#3533,.T.);
#2499=ORIENTED_EDGE('',*,*,#3534,.T.);
#2500=ORIENTED_EDGE('',*,*,#3535,.T.);
#2501=ORIENTED_EDGE('',*,*,#3536,.T.);
#2502=ORIENTED_EDGE('',*,*,#3522,.F.);
#2503=ORIENTED_EDGE('',*,*,#3537,.T.);
#2504=ORIENTED_EDGE('',*,*,#3538,.T.);
#2505=ORIENTED_EDGE('',*,*,#3539,.T.);
#2506=ORIENTED_EDGE('',*,*,#3540,.T.);
#2507=ORIENTED_EDGE('',*,*,#3541,.T.);
#2508=ORIENTED_EDGE('',*,*,#3542,.T.);
#2509=ORIENTED_EDGE('',*,*,#3543,.T.);
#2510=ORIENTED_EDGE('',*,*,#3518,.T.);
#2511=ORIENTED_EDGE('',*,*,#3514,.F.);
#2512=ORIENTED_EDGE('',*,*,#3544,.T.);
#2513=ORIENTED_EDGE('',*,*,#3537,.F.);
#2514=ORIENTED_EDGE('',*,*,#3521,.F.);
#2515=ORIENTED_EDGE('',*,*,#3545,.F.);
#2516=ORIENTED_EDGE('',*,*,#3517,.F.);
#2517=ORIENTED_EDGE('',*,*,#3546,.T.);
#2518=ORIENTED_EDGE('',*,*,#3547,.T.);
#2519=ORIENTED_EDGE('',*,*,#3530,.F.);
#2520=ORIENTED_EDGE('',*,*,#3548,.T.);
#2521=ORIENTED_EDGE('',*,*,#3549,.T.);
#2522=ORIENTED_EDGE('',*,*,#3545,.T.);
#2523=ORIENTED_EDGE('',*,*,#3520,.F.);
#2524=ORIENTED_EDGE('',*,*,#3550,.F.);
#2525=ORIENTED_EDGE('',*,*,#3515,.F.);
#2526=ORIENTED_EDGE('',*,*,#3543,.F.);
#2527=ORIENTED_EDGE('',*,*,#3551,.T.);
#2528=ORIENTED_EDGE('',*,*,#3516,.F.);
#2529=ORIENTED_EDGE('',*,*,#3550,.T.);
#2530=ORIENTED_EDGE('',*,*,#3519,.F.);
#2531=ORIENTED_EDGE('',*,*,#3526,.F.);
#2532=ORIENTED_EDGE('',*,*,#3552,.T.);
#2533=ORIENTED_EDGE('',*,*,#3539,.F.);
#2534=ORIENTED_EDGE('',*,*,#3525,.F.);
#2535=ORIENTED_EDGE('',*,*,#3553,.F.);
#2536=ORIENTED_EDGE('',*,*,#3553,.T.);
#2537=ORIENTED_EDGE('',*,*,#3524,.F.);
#2538=ORIENTED_EDGE('',*,*,#3554,.F.);
#2539=ORIENTED_EDGE('',*,*,#3527,.F.);
#2540=ORIENTED_EDGE('',*,*,#3555,.T.);
#2541=ORIENTED_EDGE('',*,*,#3556,.T.);
#2542=ORIENTED_EDGE('',*,*,#3529,.F.);
#2543=ORIENTED_EDGE('',*,*,#3557,.T.);
#2544=ORIENTED_EDGE('',*,*,#3558,.T.);
#2545=ORIENTED_EDGE('',*,*,#3532,.F.);
#2546=ORIENTED_EDGE('',*,*,#3536,.F.);
#2547=ORIENTED_EDGE('',*,*,#3559,.T.);
#2548=ORIENTED_EDGE('',*,*,#3528,.F.);
#2549=ORIENTED_EDGE('',*,*,#3554,.T.);
#2550=ORIENTED_EDGE('',*,*,#3523,.F.);
#2551=ORIENTED_EDGE('',*,*,#3546,.F.);
#2552=ORIENTED_EDGE('',*,*,#3551,.F.);
#2553=ORIENTED_EDGE('',*,*,#3560,.F.);
#2554=ORIENTED_EDGE('',*,*,#3560,.T.);
#2555=ORIENTED_EDGE('',*,*,#3542,.F.);
#2556=ORIENTED_EDGE('',*,*,#3561,.F.);
#2557=ORIENTED_EDGE('',*,*,#3547,.F.);
#2558=ORIENTED_EDGE('',*,*,#3561,.T.);
#2559=ORIENTED_EDGE('',*,*,#3541,.F.);
#2560=ORIENTED_EDGE('',*,*,#3562,.F.);
#2561=ORIENTED_EDGE('',*,*,#3531,.F.);
#2562=ORIENTED_EDGE('',*,*,#3562,.T.);
#2563=ORIENTED_EDGE('',*,*,#3540,.F.);
#2564=ORIENTED_EDGE('',*,*,#3563,.F.);
#2565=ORIENTED_EDGE('',*,*,#3555,.F.);
#2566=ORIENTED_EDGE('',*,*,#3563,.T.);
#2567=ORIENTED_EDGE('',*,*,#3552,.F.);
#2568=ORIENTED_EDGE('',*,*,#3556,.F.);
#2569=ORIENTED_EDGE('',*,*,#3544,.F.);
#2570=ORIENTED_EDGE('',*,*,#3549,.F.);
#2571=ORIENTED_EDGE('',*,*,#3564,.F.);
#2572=ORIENTED_EDGE('',*,*,#3564,.T.);
#2573=ORIENTED_EDGE('',*,*,#3548,.F.);
#2574=ORIENTED_EDGE('',*,*,#3565,.F.);
#2575=ORIENTED_EDGE('',*,*,#3538,.F.);
#2576=ORIENTED_EDGE('',*,*,#3565,.T.);
#2577=ORIENTED_EDGE('',*,*,#3533,.F.);
#2578=ORIENTED_EDGE('',*,*,#3566,.F.);
#2579=ORIENTED_EDGE('',*,*,#3534,.F.);
#2580=ORIENTED_EDGE('',*,*,#3566,.T.);
#2581=ORIENTED_EDGE('',*,*,#3558,.F.);
#2582=ORIENTED_EDGE('',*,*,#3567,.F.);
#2583=ORIENTED_EDGE('',*,*,#3535,.F.);
#2584=ORIENTED_EDGE('',*,*,#3567,.T.);
#2585=ORIENTED_EDGE('',*,*,#3557,.F.);
#2586=ORIENTED_EDGE('',*,*,#3559,.F.);
#2587=VERTEX_POINT('',#6114);
#2588=VERTEX_POINT('',#6115);
#2589=VERTEX_POINT('',#6117);
#2590=VERTEX_POINT('',#6119);
#2591=VERTEX_POINT('',#6123);
#2592=VERTEX_POINT('',#6124);
#2593=VERTEX_POINT('',#6126);
#2594=VERTEX_POINT('',#6128);
#2595=VERTEX_POINT('',#6140);
#2596=VERTEX_POINT('',#6141);
#2597=VERTEX_POINT('',#6143);
#2598=VERTEX_POINT('',#6145);
#2599=VERTEX_POINT('',#6149);
#2600=VERTEX_POINT('',#6150);
#2601=VERTEX_POINT('',#6152);
#2602=VERTEX_POINT('',#6154);
#2603=VERTEX_POINT('',#6166);
#2604=VERTEX_POINT('',#6167);
#2605=VERTEX_POINT('',#6169);
#2606=VERTEX_POINT('',#6171);
#2607=VERTEX_POINT('',#6175);
#2608=VERTEX_POINT('',#6176);
#2609=VERTEX_POINT('',#6178);
#2610=VERTEX_POINT('',#6180);
#2611=VERTEX_POINT('',#6192);
#2612=VERTEX_POINT('',#6193);
#2613=VERTEX_POINT('',#6195);
#2614=VERTEX_POINT('',#6197);
#2615=VERTEX_POINT('',#6201);
#2616=VERTEX_POINT('',#6202);
#2617=VERTEX_POINT('',#6204);
#2618=VERTEX_POINT('',#6206);
#2619=VERTEX_POINT('',#6218);
#2620=VERTEX_POINT('',#6219);
#2621=VERTEX_POINT('',#6221);
#2622=VERTEX_POINT('',#6223);
#2623=VERTEX_POINT('',#6227);
#2624=VERTEX_POINT('',#6228);
#2625=VERTEX_POINT('',#6230);
#2626=VERTEX_POINT('',#6232);
#2627=VERTEX_POINT('',#6244);
#2628=VERTEX_POINT('',#6245);
#2629=VERTEX_POINT('',#6247);
#2630=VERTEX_POINT('',#6249);
#2631=VERTEX_POINT('',#6253);
#2632=VERTEX_POINT('',#6254);
#2633=VERTEX_POINT('',#6256);
#2634=VERTEX_POINT('',#6258);
#2635=VERTEX_POINT('',#6270);
#2636=VERTEX_POINT('',#6271);
#2637=VERTEX_POINT('',#6273);
#2638=VERTEX_POINT('',#6275);
#2639=VERTEX_POINT('',#6279);
#2640=VERTEX_POINT('',#6280);
#2641=VERTEX_POINT('',#6282);
#2642=VERTEX_POINT('',#6284);
#2643=VERTEX_POINT('',#6296);
#2644=VERTEX_POINT('',#6297);
#2645=VERTEX_POINT('',#6299);
#2646=VERTEX_POINT('',#6301);
#2647=VERTEX_POINT('',#6305);
#2648=VERTEX_POINT('',#6306);
#2649=VERTEX_POINT('',#6308);
#2650=VERTEX_POINT('',#6310);
#2651=VERTEX_POINT('',#6322);
#2652=VERTEX_POINT('',#6323);
#2653=VERTEX_POINT('',#6325);
#2654=VERTEX_POINT('',#6327);
#2655=VERTEX_POINT('',#6331);
#2656=VERTEX_POINT('',#6332);
#2657=VERTEX_POINT('',#6334);
#2658=VERTEX_POINT('',#6336);
#2659=VERTEX_POINT('',#6348);
#2660=VERTEX_POINT('',#6349);
#2661=VERTEX_POINT('',#6351);
#2662=VERTEX_POINT('',#6353);
#2663=VERTEX_POINT('',#6357);
#2664=VERTEX_POINT('',#6358);
#2665=VERTEX_POINT('',#6360);
#2666=VERTEX_POINT('',#6362);
#2667=VERTEX_POINT('',#6374);
#2668=VERTEX_POINT('',#6375);
#2669=VERTEX_POINT('',#6377);
#2670=VERTEX_POINT('',#6379);
#2671=VERTEX_POINT('',#6383);
#2672=VERTEX_POINT('',#6384);
#2673=VERTEX_POINT('',#6386);
#2674=VERTEX_POINT('',#6388);
#2675=VERTEX_POINT('',#6400);
#2676=VERTEX_POINT('',#6401);
#2677=VERTEX_POINT('',#6403);
#2678=VERTEX_POINT('',#6405);
#2679=VERTEX_POINT('',#6409);
#2680=VERTEX_POINT('',#6410);
#2681=VERTEX_POINT('',#6412);
#2682=VERTEX_POINT('',#6414);
#2683=VERTEX_POINT('',#6426);
#2684=VERTEX_POINT('',#6427);
#2685=VERTEX_POINT('',#6429);
#2686=VERTEX_POINT('',#6431);
#2687=VERTEX_POINT('',#6435);
#2688=VERTEX_POINT('',#6436);
#2689=VERTEX_POINT('',#6438);
#2690=VERTEX_POINT('',#6440);
#2691=VERTEX_POINT('',#6452);
#2692=VERTEX_POINT('',#6453);
#2693=VERTEX_POINT('',#6455);
#2694=VERTEX_POINT('',#6457);
#2695=VERTEX_POINT('',#6461);
#2696=VERTEX_POINT('',#6462);
#2697=VERTEX_POINT('',#6464);
#2698=VERTEX_POINT('',#6466);
#2699=VERTEX_POINT('',#6478);
#2700=VERTEX_POINT('',#6479);
#2701=VERTEX_POINT('',#6481);
#2702=VERTEX_POINT('',#6483);
#2703=VERTEX_POINT('',#6487);
#2704=VERTEX_POINT('',#6488);
#2705=VERTEX_POINT('',#6490);
#2706=VERTEX_POINT('',#6492);
#2707=VERTEX_POINT('',#6504);
#2708=VERTEX_POINT('',#6505);
#2709=VERTEX_POINT('',#6507);
#2710=VERTEX_POINT('',#6509);
#2711=VERTEX_POINT('',#6511);
#2712=VERTEX_POINT('',#6513);
#2713=VERTEX_POINT('',#6515);
#2714=VERTEX_POINT('',#6517);
#2715=VERTEX_POINT('',#6519);
#2716=VERTEX_POINT('',#6521);
#2717=VERTEX_POINT('',#6523);
#2718=VERTEX_POINT('',#6525);
#2719=VERTEX_POINT('',#6527);
#2720=VERTEX_POINT('',#6529);
#2721=VERTEX_POINT('',#6531);
#2722=VERTEX_POINT('',#6533);
#2723=VERTEX_POINT('',#6535);
#2724=VERTEX_POINT('',#6537);
#2725=VERTEX_POINT('',#6539);
#2726=VERTEX_POINT('',#6541);
#2727=VERTEX_POINT('',#6543);
#2728=VERTEX_POINT('',#6545);
#2729=VERTEX_POINT('',#6547);
#2730=VERTEX_POINT('',#6549);
#2731=VERTEX_POINT('',#6553);
#2732=VERTEX_POINT('',#6554);
#2733=VERTEX_POINT('',#6556);
#2734=VERTEX_POINT('',#6558);
#2735=VERTEX_POINT('',#6560);
#2736=VERTEX_POINT('',#6562);
#2737=VERTEX_POINT('',#6564);
#2738=VERTEX_POINT('',#6566);
#2739=VERTEX_POINT('',#6568);
#2740=VERTEX_POINT('',#6570);
#2741=VERTEX_POINT('',#6572);
#2742=VERTEX_POINT('',#6574);
#2743=VERTEX_POINT('',#6576);
#2744=VERTEX_POINT('',#6578);
#2745=VERTEX_POINT('',#6580);
#2746=VERTEX_POINT('',#6582);
#2747=VERTEX_POINT('',#6584);
#2748=VERTEX_POINT('',#6586);
#2749=VERTEX_POINT('',#6588);
#2750=VERTEX_POINT('',#6590);
#2751=VERTEX_POINT('',#6592);
#2752=VERTEX_POINT('',#6594);
#2753=VERTEX_POINT('',#6596);
#2754=VERTEX_POINT('',#6598);
#2755=VERTEX_POINT('',#6650);
#2756=VERTEX_POINT('',#6651);
#2757=VERTEX_POINT('',#6653);
#2758=VERTEX_POINT('',#6655);
#2759=VERTEX_POINT('',#6659);
#2760=VERTEX_POINT('',#6660);
#2761=VERTEX_POINT('',#6662);
#2762=VERTEX_POINT('',#6664);
#2763=VERTEX_POINT('',#6676);
#2764=VERTEX_POINT('',#6677);
#2765=VERTEX_POINT('',#6679);
#2766=VERTEX_POINT('',#6681);
#2767=VERTEX_POINT('',#6683);
#2768=VERTEX_POINT('',#6685);
#2769=VERTEX_POINT('',#6687);
#2770=VERTEX_POINT('',#6689);
#2771=VERTEX_POINT('',#6691);
#2772=VERTEX_POINT('',#6693);
#2773=VERTEX_POINT('',#6695);
#2774=VERTEX_POINT('',#6697);
#2775=VERTEX_POINT('',#6699);
#2776=VERTEX_POINT('',#6701);
#2777=VERTEX_POINT('',#6703);
#2778=VERTEX_POINT('',#6705);
#2779=VERTEX_POINT('',#6707);
#2780=VERTEX_POINT('',#6709);
#2781=VERTEX_POINT('',#6711);
#2782=VERTEX_POINT('',#6713);
#2783=VERTEX_POINT('',#6715);
#2784=VERTEX_POINT('',#6717);
#2785=VERTEX_POINT('',#6719);
#2786=VERTEX_POINT('',#6721);
#2787=VERTEX_POINT('',#6723);
#2788=VERTEX_POINT('',#6725);
#2789=VERTEX_POINT('',#6727);
#2790=VERTEX_POINT('',#6729);
#2791=VERTEX_POINT('',#6731);
#2792=VERTEX_POINT('',#6733);
#2793=VERTEX_POINT('',#6735);
#2794=VERTEX_POINT('',#6737);
#2795=VERTEX_POINT('',#6739);
#2796=VERTEX_POINT('',#6741);
#2797=VERTEX_POINT('',#6743);
#2798=VERTEX_POINT('',#6745);
#2799=VERTEX_POINT('',#6747);
#2800=VERTEX_POINT('',#6749);
#2801=VERTEX_POINT('',#6751);
#2802=VERTEX_POINT('',#6755);
#2803=VERTEX_POINT('',#6756);
#2804=VERTEX_POINT('',#6758);
#2805=VERTEX_POINT('',#6760);
#2806=VERTEX_POINT('',#6762);
#2807=VERTEX_POINT('',#6764);
#2808=VERTEX_POINT('',#6766);
#2809=VERTEX_POINT('',#6768);
#2810=VERTEX_POINT('',#6770);
#2811=VERTEX_POINT('',#6772);
#2812=VERTEX_POINT('',#6774);
#2813=VERTEX_POINT('',#6776);
#2814=VERTEX_POINT('',#6778);
#2815=VERTEX_POINT('',#6780);
#2816=VERTEX_POINT('',#6782);
#2817=VERTEX_POINT('',#6784);
#2818=VERTEX_POINT('',#6786);
#2819=VERTEX_POINT('',#6788);
#2820=VERTEX_POINT('',#6790);
#2821=VERTEX_POINT('',#6792);
#2822=VERTEX_POINT('',#6794);
#2823=VERTEX_POINT('',#6796);
#2824=VERTEX_POINT('',#6798);
#2825=VERTEX_POINT('',#6800);
#2826=VERTEX_POINT('',#6802);
#2827=VERTEX_POINT('',#6804);
#2828=VERTEX_POINT('',#6806);
#2829=VERTEX_POINT('',#6808);
#2830=VERTEX_POINT('',#6810);
#2831=VERTEX_POINT('',#6812);
#2832=VERTEX_POINT('',#6814);
#2833=VERTEX_POINT('',#6816);
#2834=VERTEX_POINT('',#6818);
#2835=VERTEX_POINT('',#6820);
#2836=VERTEX_POINT('',#6822);
#2837=VERTEX_POINT('',#6824);
#2838=VERTEX_POINT('',#6826);
#2839=VERTEX_POINT('',#6828);
#2840=VERTEX_POINT('',#6830);
#2841=VERTEX_POINT('',#6912);
#2842=VERTEX_POINT('',#6913);
#2843=VERTEX_POINT('',#6915);
#2844=VERTEX_POINT('',#6917);
#2845=VERTEX_POINT('',#6921);
#2846=VERTEX_POINT('',#6922);
#2847=VERTEX_POINT('',#6924);
#2848=VERTEX_POINT('',#6926);
#2849=VERTEX_POINT('',#6938);
#2850=VERTEX_POINT('',#6939);
#2851=VERTEX_POINT('',#6941);
#2852=VERTEX_POINT('',#6943);
#2853=VERTEX_POINT('',#6947);
#2854=VERTEX_POINT('',#6948);
#2855=VERTEX_POINT('',#6950);
#2856=VERTEX_POINT('',#6952);
#2857=VERTEX_POINT('',#6964);
#2858=VERTEX_POINT('',#6965);
#2859=VERTEX_POINT('',#6967);
#2860=VERTEX_POINT('',#6969);
#2861=VERTEX_POINT('',#6973);
#2862=VERTEX_POINT('',#6974);
#2863=VERTEX_POINT('',#6976);
#2864=VERTEX_POINT('',#6978);
#2865=VERTEX_POINT('',#6990);
#2866=VERTEX_POINT('',#6991);
#2867=VERTEX_POINT('',#6993);
#2868=VERTEX_POINT('',#6995);
#2869=VERTEX_POINT('',#6999);
#2870=VERTEX_POINT('',#7000);
#2871=VERTEX_POINT('',#7002);
#2872=VERTEX_POINT('',#7004);
#2873=VERTEX_POINT('',#7016);
#2874=VERTEX_POINT('',#7017);
#2875=VERTEX_POINT('',#7019);
#2876=VERTEX_POINT('',#7021);
#2877=VERTEX_POINT('',#7025);
#2878=VERTEX_POINT('',#7026);
#2879=VERTEX_POINT('',#7028);
#2880=VERTEX_POINT('',#7030);
#2881=VERTEX_POINT('',#7042);
#2882=VERTEX_POINT('',#7043);
#2883=VERTEX_POINT('',#7045);
#2884=VERTEX_POINT('',#7047);
#2885=VERTEX_POINT('',#7051);
#2886=VERTEX_POINT('',#7052);
#2887=VERTEX_POINT('',#7054);
#2888=VERTEX_POINT('',#7056);
#2889=VERTEX_POINT('',#7068);
#2890=VERTEX_POINT('',#7069);
#2891=VERTEX_POINT('',#7071);
#2892=VERTEX_POINT('',#7073);
#2893=VERTEX_POINT('',#7077);
#2894=VERTEX_POINT('',#7078);
#2895=VERTEX_POINT('',#7080);
#2896=VERTEX_POINT('',#7082);
#2897=VERTEX_POINT('',#7094);
#2898=VERTEX_POINT('',#7095);
#2899=VERTEX_POINT('',#7097);
#2900=VERTEX_POINT('',#7099);
#2901=VERTEX_POINT('',#7103);
#2902=VERTEX_POINT('',#7104);
#2903=VERTEX_POINT('',#7106);
#2904=VERTEX_POINT('',#7108);
#2905=VERTEX_POINT('',#7112);
#2906=VERTEX_POINT('',#7113);
#2907=VERTEX_POINT('',#7115);
#2908=VERTEX_POINT('',#7117);
#2909=VERTEX_POINT('',#7121);
#2910=VERTEX_POINT('',#7122);
#2911=VERTEX_POINT('',#7124);
#2912=VERTEX_POINT('',#7126);
#2913=VERTEX_POINT('',#7130);
#2914=VERTEX_POINT('',#7132);
#2915=VERTEX_POINT('',#7139);
#2916=VERTEX_POINT('',#7141);
#2917=VERTEX_POINT('',#7151);
#2918=VERTEX_POINT('',#7153);
#2919=VERTEX_POINT('',#7157);
#2920=VERTEX_POINT('',#7159);
#2921=VERTEX_POINT('',#7163);
#2922=VERTEX_POINT('',#7164);
#2923=VERTEX_POINT('',#7166);
#2924=VERTEX_POINT('',#7168);
#2925=VERTEX_POINT('',#7172);
#2926=VERTEX_POINT('',#7173);
#2927=VERTEX_POINT('',#7175);
#2928=VERTEX_POINT('',#7177);
#2929=VERTEX_POINT('',#7181);
#2930=VERTEX_POINT('',#7182);
#2931=VERTEX_POINT('',#7184);
#2932=VERTEX_POINT('',#7186);
#2933=VERTEX_POINT('',#7190);
#2934=VERTEX_POINT('',#7191);
#2935=VERTEX_POINT('',#7193);
#2936=VERTEX_POINT('',#7195);
#2937=VERTEX_POINT('',#7200);
#2938=VERTEX_POINT('',#7204);
#2939=VERTEX_POINT('',#7207);
#2940=VERTEX_POINT('',#7209);
#2941=VERTEX_POINT('',#7213);
#2942=VERTEX_POINT('',#7216);
#2943=VERTEX_POINT('',#7218);
#2944=VERTEX_POINT('',#7221);
#2945=VERTEX_POINT('',#7240);
#2946=VERTEX_POINT('',#7241);
#2947=VERTEX_POINT('',#7243);
#2948=VERTEX_POINT('',#7245);
#2949=VERTEX_POINT('',#7249);
#2950=VERTEX_POINT('',#7250);
#2951=VERTEX_POINT('',#7252);
#2952=VERTEX_POINT('',#7254);
#2953=VERTEX_POINT('',#7256);
#2954=VERTEX_POINT('',#7258);
#2955=VERTEX_POINT('',#7260);
#2956=VERTEX_POINT('',#7262);
#2957=VERTEX_POINT('',#7266);
#2958=VERTEX_POINT('',#7267);
#2959=VERTEX_POINT('',#7269);
#2960=VERTEX_POINT('',#7271);
#2961=VERTEX_POINT('',#7275);
#2962=VERTEX_POINT('',#7276);
#2963=VERTEX_POINT('',#7278);
#2964=VERTEX_POINT('',#7280);
#2965=VERTEX_POINT('',#7284);
#2966=VERTEX_POINT('',#7285);
#2967=VERTEX_POINT('',#7287);
#2968=VERTEX_POINT('',#7290);
#2969=VERTEX_POINT('',#7294);
#2970=VERTEX_POINT('',#7296);
#2971=VERTEX_POINT('',#7298);
#2972=VERTEX_POINT('',#7300);
#2973=VERTEX_POINT('',#7307);
#2974=VERTEX_POINT('',#7310);
#2975=VERTEX_POINT('',#7323);
#2976=VERTEX_POINT('',#7326);
#2977=EDGE_CURVE('',#2587,#2588,#3568,.T.);
#2978=EDGE_CURVE('',#2589,#2587,#3569,.T.);
#2979=EDGE_CURVE('',#2590,#2589,#3570,.T.);
#2980=EDGE_CURVE('',#2588,#2590,#3571,.T.);
#2981=EDGE_CURVE('',#2591,#2592,#3572,.T.);
#2982=EDGE_CURVE('',#2592,#2593,#3573,.T.);
#2983=EDGE_CURVE('',#2593,#2594,#3574,.T.);
#2984=EDGE_CURVE('',#2594,#2591,#3575,.T.);
#2985=EDGE_CURVE('',#2591,#2587,#3576,.T.);
#2986=EDGE_CURVE('',#2594,#2589,#3577,.T.);
#2987=EDGE_CURVE('',#2593,#2590,#3578,.T.);
#2988=EDGE_CURVE('',#2592,#2588,#3579,.T.);
#2989=EDGE_CURVE('',#2595,#2596,#3580,.T.);
#2990=EDGE_CURVE('',#2597,#2595,#3581,.T.);
#2991=EDGE_CURVE('',#2598,#2597,#3582,.T.);
#2992=EDGE_CURVE('',#2596,#2598,#3583,.T.);
#2993=EDGE_CURVE('',#2599,#2600,#3584,.T.);
#2994=EDGE_CURVE('',#2600,#2601,#3585,.T.);
#2995=EDGE_CURVE('',#2601,#2602,#3586,.T.);
#2996=EDGE_CURVE('',#2602,#2599,#3587,.T.);
#2997=EDGE_CURVE('',#2599,#2595,#3588,.T.);
#2998=EDGE_CURVE('',#2602,#2597,#3589,.T.);
#2999=EDGE_CURVE('',#2601,#2598,#3590,.T.);
#3000=EDGE_CURVE('',#2600,#2596,#3591,.T.);
#3001=EDGE_CURVE('',#2603,#2604,#3592,.T.);
#3002=EDGE_CURVE('',#2605,#2603,#3593,.T.);
#3003=EDGE_CURVE('',#2606,#2605,#3594,.T.);
#3004=EDGE_CURVE('',#2604,#2606,#3595,.T.);
#3005=EDGE_CURVE('',#2607,#2608,#3596,.T.);
#3006=EDGE_CURVE('',#2608,#2609,#3597,.T.);
#3007=EDGE_CURVE('',#2609,#2610,#3598,.T.);
#3008=EDGE_CURVE('',#2610,#2607,#3599,.T.);
#3009=EDGE_CURVE('',#2607,#2603,#3600,.T.);
#3010=EDGE_CURVE('',#2610,#2605,#3601,.T.);
#3011=EDGE_CURVE('',#2609,#2606,#3602,.T.);
#3012=EDGE_CURVE('',#2608,#2604,#3603,.T.);
#3013=EDGE_CURVE('',#2611,#2612,#3604,.T.);
#3014=EDGE_CURVE('',#2613,#2611,#3605,.T.);
#3015=EDGE_CURVE('',#2614,#2613,#3606,.T.);
#3016=EDGE_CURVE('',#2612,#2614,#3607,.T.);
#3017=EDGE_CURVE('',#2615,#2616,#3608,.T.);
#3018=EDGE_CURVE('',#2616,#2617,#3609,.T.);
#3019=EDGE_CURVE('',#2617,#2618,#3610,.T.);
#3020=EDGE_CURVE('',#2618,#2615,#3611,.T.);
#3021=EDGE_CURVE('',#2615,#2611,#3612,.T.);
#3022=EDGE_CURVE('',#2618,#2613,#3613,.T.);
#3023=EDGE_CURVE('',#2617,#2614,#3614,.T.);
#3024=EDGE_CURVE('',#2616,#2612,#3615,.T.);
#3025=EDGE_CURVE('',#2619,#2620,#3616,.T.);
#3026=EDGE_CURVE('',#2621,#2619,#3617,.T.);
#3027=EDGE_CURVE('',#2622,#2621,#3618,.T.);
#3028=EDGE_CURVE('',#2620,#2622,#3619,.T.);
#3029=EDGE_CURVE('',#2623,#2624,#3620,.T.);
#3030=EDGE_CURVE('',#2624,#2625,#3621,.T.);
#3031=EDGE_CURVE('',#2625,#2626,#3622,.T.);
#3032=EDGE_CURVE('',#2626,#2623,#3623,.T.);
#3033=EDGE_CURVE('',#2623,#2619,#3624,.T.);
#3034=EDGE_CURVE('',#2626,#2621,#3625,.T.);
#3035=EDGE_CURVE('',#2625,#2622,#3626,.T.);
#3036=EDGE_CURVE('',#2624,#2620,#3627,.T.);
#3037=EDGE_CURVE('',#2627,#2628,#3628,.T.);
#3038=EDGE_CURVE('',#2629,#2627,#3629,.T.);
#3039=EDGE_CURVE('',#2630,#2629,#3630,.T.);
#3040=EDGE_CURVE('',#2628,#2630,#3631,.T.);
#3041=EDGE_CURVE('',#2631,#2632,#3632,.T.);
#3042=EDGE_CURVE('',#2632,#2633,#3633,.T.);
#3043=EDGE_CURVE('',#2633,#2634,#3634,.T.);
#3044=EDGE_CURVE('',#2634,#2631,#3635,.T.);
#3045=EDGE_CURVE('',#2631,#2627,#3636,.T.);
#3046=EDGE_CURVE('',#2634,#2629,#3637,.T.);
#3047=EDGE_CURVE('',#2633,#2630,#3638,.T.);
#3048=EDGE_CURVE('',#2632,#2628,#3639,.T.);
#3049=EDGE_CURVE('',#2635,#2636,#3640,.T.);
#3050=EDGE_CURVE('',#2637,#2635,#3641,.T.);
#3051=EDGE_CURVE('',#2638,#2637,#3642,.T.);
#3052=EDGE_CURVE('',#2636,#2638,#3643,.T.);
#3053=EDGE_CURVE('',#2639,#2640,#3644,.T.);
#3054=EDGE_CURVE('',#2640,#2641,#3645,.T.);
#3055=EDGE_CURVE('',#2641,#2642,#3646,.T.);
#3056=EDGE_CURVE('',#2642,#2639,#3647,.T.);
#3057=EDGE_CURVE('',#2639,#2635,#3648,.T.);
#3058=EDGE_CURVE('',#2642,#2637,#3649,.T.);
#3059=EDGE_CURVE('',#2641,#2638,#3650,.T.);
#3060=EDGE_CURVE('',#2640,#2636,#3651,.T.);
#3061=EDGE_CURVE('',#2643,#2644,#3652,.T.);
#3062=EDGE_CURVE('',#2645,#2643,#3653,.T.);
#3063=EDGE_CURVE('',#2646,#2645,#3654,.T.);
#3064=EDGE_CURVE('',#2644,#2646,#3655,.T.);
#3065=EDGE_CURVE('',#2647,#2648,#3656,.T.);
#3066=EDGE_CURVE('',#2648,#2649,#3657,.T.);
#3067=EDGE_CURVE('',#2649,#2650,#3658,.T.);
#3068=EDGE_CURVE('',#2650,#2647,#3659,.T.);
#3069=EDGE_CURVE('',#2647,#2643,#3660,.T.);
#3070=EDGE_CURVE('',#2650,#2645,#3661,.T.);
#3071=EDGE_CURVE('',#2649,#2646,#3662,.T.);
#3072=EDGE_CURVE('',#2648,#2644,#3663,.T.);
#3073=EDGE_CURVE('',#2651,#2652,#3664,.T.);
#3074=EDGE_CURVE('',#2653,#2651,#3665,.T.);
#3075=EDGE_CURVE('',#2654,#2653,#3666,.T.);
#3076=EDGE_CURVE('',#2652,#2654,#3667,.T.);
#3077=EDGE_CURVE('',#2655,#2656,#3668,.T.);
#3078=EDGE_CURVE('',#2656,#2657,#3669,.T.);
#3079=EDGE_CURVE('',#2657,#2658,#3670,.T.);
#3080=EDGE_CURVE('',#2658,#2655,#3671,.T.);
#3081=EDGE_CURVE('',#2655,#2651,#3672,.T.);
#3082=EDGE_CURVE('',#2658,#2653,#3673,.T.);
#3083=EDGE_CURVE('',#2657,#2654,#3674,.T.);
#3084=EDGE_CURVE('',#2656,#2652,#3675,.T.);
#3085=EDGE_CURVE('',#2659,#2660,#3676,.T.);
#3086=EDGE_CURVE('',#2661,#2659,#3677,.T.);
#3087=EDGE_CURVE('',#2662,#2661,#3678,.T.);
#3088=EDGE_CURVE('',#2660,#2662,#3679,.T.);
#3089=EDGE_CURVE('',#2663,#2664,#3680,.T.);
#3090=EDGE_CURVE('',#2664,#2665,#3681,.T.);
#3091=EDGE_CURVE('',#2665,#2666,#3682,.T.);
#3092=EDGE_CURVE('',#2666,#2663,#3683,.T.);
#3093=EDGE_CURVE('',#2663,#2659,#3684,.T.);
#3094=EDGE_CURVE('',#2666,#2661,#3685,.T.);
#3095=EDGE_CURVE('',#2665,#2662,#3686,.T.);
#3096=EDGE_CURVE('',#2664,#2660,#3687,.T.);
#3097=EDGE_CURVE('',#2667,#2668,#3688,.T.);
#3098=EDGE_CURVE('',#2669,#2667,#3689,.T.);
#3099=EDGE_CURVE('',#2670,#2669,#3690,.T.);
#3100=EDGE_CURVE('',#2668,#2670,#3691,.T.);
#3101=EDGE_CURVE('',#2671,#2672,#3692,.T.);
#3102=EDGE_CURVE('',#2672,#2673,#3693,.T.);
#3103=EDGE_CURVE('',#2673,#2674,#3694,.T.);
#3104=EDGE_CURVE('',#2674,#2671,#3695,.T.);
#3105=EDGE_CURVE('',#2671,#2667,#3696,.T.);
#3106=EDGE_CURVE('',#2674,#2669,#3697,.T.);
#3107=EDGE_CURVE('',#2673,#2670,#3698,.T.);
#3108=EDGE_CURVE('',#2672,#2668,#3699,.T.);
#3109=EDGE_CURVE('',#2675,#2676,#3700,.T.);
#3110=EDGE_CURVE('',#2677,#2675,#3701,.T.);
#3111=EDGE_CURVE('',#2678,#2677,#3702,.T.);
#3112=EDGE_CURVE('',#2676,#2678,#3703,.T.);
#3113=EDGE_CURVE('',#2679,#2680,#3704,.T.);
#3114=EDGE_CURVE('',#2680,#2681,#3705,.T.);
#3115=EDGE_CURVE('',#2681,#2682,#3706,.T.);
#3116=EDGE_CURVE('',#2682,#2679,#3707,.T.);
#3117=EDGE_CURVE('',#2679,#2675,#3708,.T.);
#3118=EDGE_CURVE('',#2682,#2677,#3709,.T.);
#3119=EDGE_CURVE('',#2681,#2678,#3710,.T.);
#3120=EDGE_CURVE('',#2680,#2676,#3711,.T.);
#3121=EDGE_CURVE('',#2683,#2684,#3712,.T.);
#3122=EDGE_CURVE('',#2684,#2685,#123,.T.);
#3123=EDGE_CURVE('',#2685,#2686,#3713,.T.);
#3124=EDGE_CURVE('',#2686,#2683,#124,.T.);
#3125=EDGE_CURVE('',#2687,#2688,#3714,.T.);
#3126=EDGE_CURVE('',#2689,#2687,#125,.T.);
#3127=EDGE_CURVE('',#2690,#2689,#3715,.T.);
#3128=EDGE_CURVE('',#2688,#2690,#126,.T.);
#3129=EDGE_CURVE('',#2689,#2686,#3716,.T.);
#3130=EDGE_CURVE('',#2687,#2683,#3717,.T.);
#3131=EDGE_CURVE('',#2690,#2685,#3718,.T.);
#3132=EDGE_CURVE('',#2688,#2684,#3719,.T.);
#3133=EDGE_CURVE('',#2691,#2692,#3720,.T.);
#3134=EDGE_CURVE('',#2692,#2693,#127,.T.);
#3135=EDGE_CURVE('',#2693,#2694,#3721,.T.);
#3136=EDGE_CURVE('',#2694,#2691,#128,.T.);
#3137=EDGE_CURVE('',#2695,#2696,#3722,.T.);
#3138=EDGE_CURVE('',#2697,#2695,#129,.T.);
#3139=EDGE_CURVE('',#2698,#2697,#3723,.T.);
#3140=EDGE_CURVE('',#2696,#2698,#130,.T.);
#3141=EDGE_CURVE('',#2697,#2694,#3724,.T.);
#3142=EDGE_CURVE('',#2695,#2691,#3725,.T.);
#3143=EDGE_CURVE('',#2698,#2693,#3726,.T.);
#3144=EDGE_CURVE('',#2696,#2692,#3727,.T.);
#3145=EDGE_CURVE('',#2699,#2700,#3728,.T.);
#3146=EDGE_CURVE('',#2700,#2701,#131,.T.);
#3147=EDGE_CURVE('',#2701,#2702,#3729,.T.);
#3148=EDGE_CURVE('',#2702,#2699,#132,.T.);
#3149=EDGE_CURVE('',#2703,#2704,#3730,.T.);
#3150=EDGE_CURVE('',#2705,#2703,#133,.T.);
#3151=EDGE_CURVE('',#2706,#2705,#3731,.T.);
#3152=EDGE_CURVE('',#2704,#2706,#134,.T.);
#3153=EDGE_CURVE('',#2705,#2702,#3732,.T.);
#3154=EDGE_CURVE('',#2703,#2699,#3733,.T.);
#3155=EDGE_CURVE('',#2706,#2701,#3734,.T.);
#3156=EDGE_CURVE('',#2704,#2700,#3735,.T.);
#3157=EDGE_CURVE('',#2707,#2708,#3736,.T.);
#3158=EDGE_CURVE('',#2709,#2707,#3737,.T.);
#3159=EDGE_CURVE('',#2710,#2709,#3738,.T.);
#3160=EDGE_CURVE('',#2711,#2710,#3739,.T.);
#3161=EDGE_CURVE('',#2712,#2711,#3740,.T.);
#3162=EDGE_CURVE('',#2713,#2712,#3741,.T.);
#3163=EDGE_CURVE('',#2714,#2713,#3742,.T.);
#3164=EDGE_CURVE('',#2715,#2714,#3743,.T.);
#3165=EDGE_CURVE('',#2716,#2715,#3744,.T.);
#3166=EDGE_CURVE('',#2717,#2716,#3745,.T.);
#3167=EDGE_CURVE('',#2718,#2717,#3746,.T.);
#3168=EDGE_CURVE('',#2719,#2718,#3747,.T.);
#3169=EDGE_CURVE('',#2720,#2719,#3748,.T.);
#3170=EDGE_CURVE('',#2721,#2720,#3749,.T.);
#3171=EDGE_CURVE('',#2722,#2721,#3750,.T.);
#3172=EDGE_CURVE('',#2723,#2722,#3751,.T.);
#3173=EDGE_CURVE('',#2724,#2723,#3752,.T.);
#3174=EDGE_CURVE('',#2725,#2724,#3753,.T.);
#3175=EDGE_CURVE('',#2726,#2725,#3754,.T.);
#3176=EDGE_CURVE('',#2727,#2726,#3755,.T.);
#3177=EDGE_CURVE('',#2728,#2727,#3756,.T.);
#3178=EDGE_CURVE('',#2729,#2728,#3757,.T.);
#3179=EDGE_CURVE('',#2730,#2729,#3758,.T.);
#3180=EDGE_CURVE('',#2708,#2730,#3759,.T.);
#3181=EDGE_CURVE('',#2731,#2732,#3760,.T.);
#3182=EDGE_CURVE('',#2732,#2733,#3761,.T.);
#3183=EDGE_CURVE('',#2733,#2734,#3762,.T.);
#3184=EDGE_CURVE('',#2734,#2735,#3763,.T.);
#3185=EDGE_CURVE('',#2735,#2736,#3764,.T.);
#3186=EDGE_CURVE('',#2736,#2737,#3765,.T.);
#3187=EDGE_CURVE('',#2737,#2738,#3766,.T.);
#3188=EDGE_CURVE('',#2738,#2739,#3767,.T.);
#3189=EDGE_CURVE('',#2739,#2740,#3768,.T.);
#3190=EDGE_CURVE('',#2740,#2741,#3769,.T.);
#3191=EDGE_CURVE('',#2741,#2742,#3770,.T.);
#3192=EDGE_CURVE('',#2742,#2743,#3771,.T.);
#3193=EDGE_CURVE('',#2743,#2744,#3772,.T.);
#3194=EDGE_CURVE('',#2744,#2745,#3773,.T.);
#3195=EDGE_CURVE('',#2745,#2746,#3774,.T.);
#3196=EDGE_CURVE('',#2746,#2747,#3775,.T.);
#3197=EDGE_CURVE('',#2747,#2748,#3776,.T.);
#3198=EDGE_CURVE('',#2748,#2749,#3777,.T.);
#3199=EDGE_CURVE('',#2749,#2750,#3778,.T.);
#3200=EDGE_CURVE('',#2750,#2751,#3779,.T.);
#3201=EDGE_CURVE('',#2751,#2752,#3780,.T.);
#3202=EDGE_CURVE('',#2752,#2753,#3781,.T.);
#3203=EDGE_CURVE('',#2753,#2754,#3782,.T.);
#3204=EDGE_CURVE('',#2754,#2731,#3783,.T.);
#3205=EDGE_CURVE('',#2731,#2707,#3784,.T.);
#3206=EDGE_CURVE('',#2754,#2709,#3785,.T.);
#3207=EDGE_CURVE('',#2753,#2710,#3786,.T.);
#3208=EDGE_CURVE('',#2752,#2711,#3787,.T.);
#3209=EDGE_CURVE('',#2751,#2712,#3788,.T.);
#3210=EDGE_CURVE('',#2750,#2713,#3789,.T.);
#3211=EDGE_CURVE('',#2749,#2714,#3790,.T.);
#3212=EDGE_CURVE('',#2748,#2715,#3791,.T.);
#3213=EDGE_CURVE('',#2747,#2716,#3792,.T.);
#3214=EDGE_CURVE('',#2746,#2717,#3793,.T.);
#3215=EDGE_CURVE('',#2745,#2718,#3794,.T.);
#3216=EDGE_CURVE('',#2744,#2719,#3795,.T.);
#3217=EDGE_CURVE('',#2743,#2720,#3796,.T.);
#3218=EDGE_CURVE('',#2742,#2721,#3797,.T.);
#3219=EDGE_CURVE('',#2741,#2722,#3798,.T.);
#3220=EDGE_CURVE('',#2740,#2723,#3799,.T.);
#3221=EDGE_CURVE('',#2739,#2724,#3800,.T.);
#3222=EDGE_CURVE('',#2738,#2725,#3801,.T.);
#3223=EDGE_CURVE('',#2737,#2726,#3802,.T.);
#3224=EDGE_CURVE('',#2736,#2727,#3803,.T.);
#3225=EDGE_CURVE('',#2735,#2728,#3804,.T.);
#3226=EDGE_CURVE('',#2734,#2729,#3805,.T.);
#3227=EDGE_CURVE('',#2733,#2730,#3806,.T.);
#3228=EDGE_CURVE('',#2732,#2708,#3807,.T.);
#3229=EDGE_CURVE('',#2755,#2756,#3808,.T.);
#3230=EDGE_CURVE('',#2757,#2755,#3809,.T.);
#3231=EDGE_CURVE('',#2758,#2757,#3810,.T.);
#3232=EDGE_CURVE('',#2756,#2758,#3811,.T.);
#3233=EDGE_CURVE('',#2759,#2760,#3812,.T.);
#3234=EDGE_CURVE('',#2760,#2761,#3813,.T.);
#3235=EDGE_CURVE('',#2761,#2762,#3814,.T.);
#3236=EDGE_CURVE('',#2762,#2759,#3815,.T.);
#3237=EDGE_CURVE('',#2759,#2755,#3816,.T.);
#3238=EDGE_CURVE('',#2762,#2757,#3817,.T.);
#3239=EDGE_CURVE('',#2761,#2758,#3818,.T.);
#3240=EDGE_CURVE('',#2760,#2756,#3819,.T.);
#3241=EDGE_CURVE('',#2763,#2764,#3820,.T.);
#3242=EDGE_CURVE('',#2765,#2763,#3821,.T.);
#3243=EDGE_CURVE('',#2766,#2765,#3822,.T.);
#3244=EDGE_CURVE('',#2767,#2766,#3823,.T.);
#3245=EDGE_CURVE('',#2768,#2767,#3824,.T.);
#3246=EDGE_CURVE('',#2769,#2768,#3825,.T.);
#3247=EDGE_CURVE('',#2770,#2769,#135,.T.);
#3248=EDGE_CURVE('',#2771,#2770,#3826,.T.);
#3249=EDGE_CURVE('',#2772,#2771,#3827,.T.);
#3250=EDGE_CURVE('',#2773,#2772,#3828,.T.);
#3251=EDGE_CURVE('',#2774,#2773,#3829,.T.);
#3252=EDGE_CURVE('',#2775,#2774,#3830,.T.);
#3253=EDGE_CURVE('',#2776,#2775,#3831,.T.);
#3254=EDGE_CURVE('',#2777,#2776,#3832,.T.);
#3255=EDGE_CURVE('',#2778,#2777,#3833,.T.);
#3256=EDGE_CURVE('',#2779,#2778,#3834,.T.);
#3257=EDGE_CURVE('',#2780,#2779,#3835,.T.);
#3258=EDGE_CURVE('',#2781,#2780,#136,.T.);
#3259=EDGE_CURVE('',#2782,#2781,#3836,.T.);
#3260=EDGE_CURVE('',#2783,#2782,#3837,.T.);
#3261=EDGE_CURVE('',#2784,#2783,#3838,.T.);
#3262=EDGE_CURVE('',#2785,#2784,#137,.T.);
#3263=EDGE_CURVE('',#2786,#2785,#3839,.T.);
#3264=EDGE_CURVE('',#2787,#2786,#3840,.T.);
#3265=EDGE_CURVE('',#2788,#2787,#3841,.T.);
#3266=EDGE_CURVE('',#2789,#2788,#3842,.T.);
#3267=EDGE_CURVE('',#2790,#2789,#3843,.T.);
#3268=EDGE_CURVE('',#2791,#2790,#3844,.T.);
#3269=EDGE_CURVE('',#2792,#2791,#3845,.T.);
#3270=EDGE_CURVE('',#2793,#2792,#3846,.T.);
#3271=EDGE_CURVE('',#2794,#2793,#3847,.T.);
#3272=EDGE_CURVE('',#2795,#2794,#3848,.T.);
#3273=EDGE_CURVE('',#2796,#2795,#138,.T.);
#3274=EDGE_CURVE('',#2797,#2796,#3849,.T.);
#3275=EDGE_CURVE('',#2798,#2797,#3850,.T.);
#3276=EDGE_CURVE('',#2799,#2798,#3851,.T.);
#3277=EDGE_CURVE('',#2800,#2799,#3852,.T.);
#3278=EDGE_CURVE('',#2801,#2800,#3853,.T.);
#3279=EDGE_CURVE('',#2764,#2801,#139,.T.);
#3280=EDGE_CURVE('',#2802,#2803,#3854,.T.);
#3281=EDGE_CURVE('',#2803,#2804,#140,.T.);
#3282=EDGE_CURVE('',#2804,#2805,#3855,.T.);
#3283=EDGE_CURVE('',#2805,#2806,#3856,.T.);
#3284=EDGE_CURVE('',#2806,#2807,#3857,.T.);
#3285=EDGE_CURVE('',#2807,#2808,#3858,.T.);
#3286=EDGE_CURVE('',#2808,#2809,#3859,.T.);
#3287=EDGE_CURVE('',#2809,#2810,#141,.T.);
#3288=EDGE_CURVE('',#2810,#2811,#3860,.T.);
#3289=EDGE_CURVE('',#2811,#2812,#3861,.T.);
#3290=EDGE_CURVE('',#2812,#2813,#3862,.T.);
#3291=EDGE_CURVE('',#2813,#2814,#3863,.T.);
#3292=EDGE_CURVE('',#2814,#2815,#3864,.T.);
#3293=EDGE_CURVE('',#2815,#2816,#3865,.T.);
#3294=EDGE_CURVE('',#2816,#2817,#3866,.T.);
#3295=EDGE_CURVE('',#2817,#2818,#3867,.T.);
#3296=EDGE_CURVE('',#2818,#2819,#3868,.T.);
#3297=EDGE_CURVE('',#2819,#2820,#3869,.T.);
#3298=EDGE_CURVE('',#2820,#2821,#142,.T.);
#3299=EDGE_CURVE('',#2821,#2822,#3870,.T.);
#3300=EDGE_CURVE('',#2822,#2823,#3871,.T.);
#3301=EDGE_CURVE('',#2823,#2824,#3872,.T.);
#3302=EDGE_CURVE('',#2824,#2825,#143,.T.);
#3303=EDGE_CURVE('',#2825,#2826,#3873,.T.);
#3304=EDGE_CURVE('',#2826,#2827,#3874,.T.);
#3305=EDGE_CURVE('',#2827,#2828,#3875,.T.);
#3306=EDGE_CURVE('',#2828,#2829,#3876,.T.);
#3307=EDGE_CURVE('',#2829,#2830,#3877,.T.);
#3308=EDGE_CURVE('',#2830,#2831,#3878,.T.);
#3309=EDGE_CURVE('',#2831,#2832,#3879,.T.);
#3310=EDGE_CURVE('',#2832,#2833,#3880,.T.);
#3311=EDGE_CURVE('',#2833,#2834,#3881,.T.);
#3312=EDGE_CURVE('',#2834,#2835,#3882,.T.);
#3313=EDGE_CURVE('',#2835,#2836,#144,.T.);
#3314=EDGE_CURVE('',#2836,#2837,#3883,.T.);
#3315=EDGE_CURVE('',#2837,#2838,#3884,.T.);
#3316=EDGE_CURVE('',#2838,#2839,#3885,.T.);
#3317=EDGE_CURVE('',#2839,#2840,#3886,.T.);
#3318=EDGE_CURVE('',#2840,#2802,#3887,.T.);
#3319=EDGE_CURVE('',#2802,#2763,#3888,.T.);
#3320=EDGE_CURVE('',#2840,#2765,#3889,.T.);
#3321=EDGE_CURVE('',#2839,#2766,#3890,.T.);
#3322=EDGE_CURVE('',#2838,#2767,#3891,.T.);
#3323=EDGE_CURVE('',#2837,#2768,#3892,.T.);
#3324=EDGE_CURVE('',#2836,#2769,#3893,.T.);
#3325=EDGE_CURVE('',#2835,#2770,#3894,.T.);
#3326=EDGE_CURVE('',#2834,#2771,#3895,.T.);
#3327=EDGE_CURVE('',#2833,#2772,#3896,.T.);
#3328=EDGE_CURVE('',#2832,#2773,#3897,.T.);
#3329=EDGE_CURVE('',#2831,#2774,#3898,.T.);
#3330=EDGE_CURVE('',#2830,#2775,#3899,.T.);
#3331=EDGE_CURVE('',#2829,#2776,#3900,.T.);
#3332=EDGE_CURVE('',#2828,#2777,#3901,.T.);
#3333=EDGE_CURVE('',#2827,#2778,#3902,.T.);
#3334=EDGE_CURVE('',#2826,#2779,#3903,.T.);
#3335=EDGE_CURVE('',#2825,#2780,#3904,.T.);
#3336=EDGE_CURVE('',#2824,#2781,#3905,.T.);
#3337=EDGE_CURVE('',#2823,#2782,#3906,.T.);
#3338=EDGE_CURVE('',#2822,#2783,#3907,.T.);
#3339=EDGE_CURVE('',#2821,#2784,#3908,.T.);
#3340=EDGE_CURVE('',#2820,#2785,#3909,.T.);
#3341=EDGE_CURVE('',#2819,#2786,#3910,.T.);
#3342=EDGE_CURVE('',#2818,#2787,#3911,.T.);
#3343=EDGE_CURVE('',#2817,#2788,#3912,.T.);
#3344=EDGE_CURVE('',#2816,#2789,#3913,.T.);
#3345=EDGE_CURVE('',#2815,#2790,#3914,.T.);
#3346=EDGE_CURVE('',#2814,#2791,#3915,.T.);
#3347=EDGE_CURVE('',#2813,#2792,#3916,.T.);
#3348=EDGE_CURVE('',#2812,#2793,#3917,.T.);
#3349=EDGE_CURVE('',#2811,#2794,#3918,.T.);
#3350=EDGE_CURVE('',#2810,#2795,#3919,.T.);
#3351=EDGE_CURVE('',#2809,#2796,#3920,.T.);
#3352=EDGE_CURVE('',#2808,#2797,#3921,.T.);
#3353=EDGE_CURVE('',#2807,#2798,#3922,.T.);
#3354=EDGE_CURVE('',#2806,#2799,#3923,.T.);
#3355=EDGE_CURVE('',#2805,#2800,#3924,.T.);
#3356=EDGE_CURVE('',#2804,#2801,#3925,.T.);
#3357=EDGE_CURVE('',#2803,#2764,#3926,.T.);
#3358=EDGE_CURVE('',#2841,#2842,#3927,.T.);
#3359=EDGE_CURVE('',#2843,#2841,#3928,.T.);
#3360=EDGE_CURVE('',#2844,#2843,#3929,.T.);
#3361=EDGE_CURVE('',#2842,#2844,#3930,.T.);
#3362=EDGE_CURVE('',#2845,#2846,#3931,.T.);
#3363=EDGE_CURVE('',#2846,#2847,#3932,.T.);
#3364=EDGE_CURVE('',#2847,#2848,#3933,.T.);
#3365=EDGE_CURVE('',#2848,#2845,#3934,.T.);
#3366=EDGE_CURVE('',#2845,#2841,#3935,.T.);
#3367=EDGE_CURVE('',#2848,#2843,#3936,.T.);
#3368=EDGE_CURVE('',#2847,#2844,#3937,.T.);
#3369=EDGE_CURVE('',#2846,#2842,#3938,.T.);
#3370=EDGE_CURVE('',#2849,#2850,#3939,.T.);
#3371=EDGE_CURVE('',#2851,#2849,#3940,.T.);
#3372=EDGE_CURVE('',#2852,#2851,#3941,.T.);
#3373=EDGE_CURVE('',#2850,#2852,#3942,.T.);
#3374=EDGE_CURVE('',#2853,#2854,#3943,.T.);
#3375=EDGE_CURVE('',#2854,#2855,#3944,.T.);
#3376=EDGE_CURVE('',#2855,#2856,#3945,.T.);
#3377=EDGE_CURVE('',#2856,#2853,#3946,.T.);
#3378=EDGE_CURVE('',#2853,#2849,#3947,.T.);
#3379=EDGE_CURVE('',#2856,#2851,#3948,.T.);
#3380=EDGE_CURVE('',#2855,#2852,#3949,.T.);
#3381=EDGE_CURVE('',#2854,#2850,#3950,.T.);
#3382=EDGE_CURVE('',#2857,#2858,#3951,.T.);
#3383=EDGE_CURVE('',#2859,#2857,#3952,.T.);
#3384=EDGE_CURVE('',#2860,#2859,#3953,.T.);
#3385=EDGE_CURVE('',#2858,#2860,#3954,.T.);
#3386=EDGE_CURVE('',#2861,#2862,#3955,.T.);
#3387=EDGE_CURVE('',#2862,#2863,#3956,.T.);
#3388=EDGE_CURVE('',#2863,#2864,#3957,.T.);
#3389=EDGE_CURVE('',#2864,#2861,#3958,.T.);
#3390=EDGE_CURVE('',#2861,#2857,#3959,.T.);
#3391=EDGE_CURVE('',#2864,#2859,#3960,.T.);
#3392=EDGE_CURVE('',#2863,#2860,#3961,.T.);
#3393=EDGE_CURVE('',#2862,#2858,#3962,.T.);
#3394=EDGE_CURVE('',#2865,#2866,#3963,.T.);
#3395=EDGE_CURVE('',#2867,#2865,#3964,.T.);
#3396=EDGE_CURVE('',#2868,#2867,#3965,.T.);
#3397=EDGE_CURVE('',#2866,#2868,#3966,.T.);
#3398=EDGE_CURVE('',#2869,#2870,#3967,.T.);
#3399=EDGE_CURVE('',#2870,#2871,#3968,.T.);
#3400=EDGE_CURVE('',#2871,#2872,#3969,.T.);
#3401=EDGE_CURVE('',#2872,#2869,#3970,.T.);
#3402=EDGE_CURVE('',#2869,#2865,#3971,.T.);
#3403=EDGE_CURVE('',#2872,#2867,#3972,.T.);
#3404=EDGE_CURVE('',#2871,#2868,#3973,.T.);
#3405=EDGE_CURVE('',#2870,#2866,#3974,.T.);
#3406=EDGE_CURVE('',#2873,#2874,#3975,.T.);
#3407=EDGE_CURVE('',#2875,#2873,#3976,.T.);
#3408=EDGE_CURVE('',#2876,#2875,#3977,.T.);
#3409=EDGE_CURVE('',#2874,#2876,#3978,.T.);
#3410=EDGE_CURVE('',#2877,#2878,#3979,.T.);
#3411=EDGE_CURVE('',#2878,#2879,#3980,.T.);
#3412=EDGE_CURVE('',#2879,#2880,#3981,.T.);
#3413=EDGE_CURVE('',#2880,#2877,#3982,.T.);
#3414=EDGE_CURVE('',#2877,#2873,#3983,.T.);
#3415=EDGE_CURVE('',#2880,#2875,#3984,.T.);
#3416=EDGE_CURVE('',#2879,#2876,#3985,.T.);
#3417=EDGE_CURVE('',#2878,#2874,#3986,.T.);
#3418=EDGE_CURVE('',#2881,#2882,#3987,.T.);
#3419=EDGE_CURVE('',#2883,#2881,#3988,.T.);
#3420=EDGE_CURVE('',#2884,#2883,#3989,.T.);
#3421=EDGE_CURVE('',#2882,#2884,#3990,.T.);
#3422=EDGE_CURVE('',#2885,#2886,#3991,.T.);
#3423=EDGE_CURVE('',#2886,#2887,#3992,.T.);
#3424=EDGE_CURVE('',#2887,#2888,#3993,.T.);
#3425=EDGE_CURVE('',#2888,#2885,#3994,.T.);
#3426=EDGE_CURVE('',#2885,#2881,#3995,.T.);
#3427=EDGE_CURVE('',#2888,#2883,#3996,.T.);
#3428=EDGE_CURVE('',#2887,#2884,#3997,.T.);
#3429=EDGE_CURVE('',#2886,#2882,#3998,.T.);
#3430=EDGE_CURVE('',#2889,#2890,#3999,.T.);
#3431=EDGE_CURVE('',#2891,#2889,#4000,.T.);
#3432=EDGE_CURVE('',#2892,#2891,#4001,.T.);
#3433=EDGE_CURVE('',#2890,#2892,#4002,.T.);
#3434=EDGE_CURVE('',#2893,#2894,#4003,.T.);
#3435=EDGE_CURVE('',#2894,#2895,#4004,.T.);
#3436=EDGE_CURVE('',#2895,#2896,#4005,.T.);
#3437=EDGE_CURVE('',#2896,#2893,#4006,.T.);
#3438=EDGE_CURVE('',#2893,#2889,#4007,.T.);
#3439=EDGE_CURVE('',#2896,#2891,#4008,.T.);
#3440=EDGE_CURVE('',#2895,#2892,#4009,.T.);
#3441=EDGE_CURVE('',#2894,#2890,#4010,.T.);
#3442=EDGE_CURVE('',#2897,#2898,#145,.T.);
#3443=EDGE_CURVE('',#2899,#2897,#4011,.T.);
#3444=EDGE_CURVE('',#2900,#2899,#146,.T.);
#3445=EDGE_CURVE('',#2898,#2900,#4012,.T.);
#3446=EDGE_CURVE('',#2901,#2902,#147,.T.);
#3447=EDGE_CURVE('',#2903,#2901,#4013,.T.);
#3448=EDGE_CURVE('',#2904,#2903,#148,.T.);
#3449=EDGE_CURVE('',#2902,#2904,#4014,.T.);
#3450=EDGE_CURVE('',#2905,#2906,#149,.T.);
#3451=EDGE_CURVE('',#2907,#2905,#4015,.T.);
#3452=EDGE_CURVE('',#2908,#2907,#150,.T.);
#3453=EDGE_CURVE('',#2906,#2908,#4016,.T.);
#3454=EDGE_CURVE('',#2909,#2910,#151,.T.);
#3455=EDGE_CURVE('',#2911,#2909,#4017,.T.);
#3456=EDGE_CURVE('',#2912,#2911,#152,.T.);
#3457=EDGE_CURVE('',#2910,#2912,#4018,.T.);
#3458=EDGE_CURVE('',#2907,#2913,#4019,.T.);
#3459=EDGE_CURVE('',#2905,#2914,#4020,.T.);
#3460=EDGE_CURVE('',#2914,#2913,#4021,.T.);
#3461=EDGE_CURVE('',#2911,#2908,#4022,.T.);
#3462=EDGE_CURVE('',#2909,#2906,#4023,.T.);
#3463=EDGE_CURVE('',#2915,#2910,#4024,.T.);
#3464=EDGE_CURVE('',#2916,#2912,#4025,.T.);
#3465=EDGE_CURVE('',#2915,#2916,#4026,.T.);
#3466=EDGE_CURVE('',#2899,#2916,#4027,.T.);
#3467=EDGE_CURVE('',#2897,#2915,#4028,.T.);
#3468=EDGE_CURVE('',#2903,#2900,#4029,.T.);
#3469=EDGE_CURVE('',#2901,#2898,#4030,.T.);
#3470=EDGE_CURVE('',#2917,#2902,#4031,.T.);
#3471=EDGE_CURVE('',#2918,#2904,#4032,.T.);
#3472=EDGE_CURVE('',#2917,#2918,#4033,.T.);
#3473=EDGE_CURVE('',#2913,#2919,#4034,.T.);
#3474=EDGE_CURVE('',#2914,#2920,#4035,.T.);
#3475=EDGE_CURVE('',#2920,#2919,#4036,.T.);
#3476=EDGE_CURVE('',#2921,#2922,#153,.T.);
#3477=EDGE_CURVE('',#2922,#2923,#4037,.T.);
#3478=EDGE_CURVE('',#2923,#2924,#154,.T.);
#3479=EDGE_CURVE('',#2924,#2921,#4038,.T.);
#3480=EDGE_CURVE('',#2925,#2926,#155,.T.);
#3481=EDGE_CURVE('',#2926,#2927,#4039,.T.);
#3482=EDGE_CURVE('',#2927,#2928,#156,.T.);
#3483=EDGE_CURVE('',#2928,#2925,#4040,.T.);
#3484=EDGE_CURVE('',#2929,#2930,#157,.T.);
#3485=EDGE_CURVE('',#2930,#2931,#4041,.T.);
#3486=EDGE_CURVE('',#2931,#2932,#158,.T.);
#3487=EDGE_CURVE('',#2932,#2929,#4042,.T.);
#3488=EDGE_CURVE('',#2933,#2934,#159,.T.);
#3489=EDGE_CURVE('',#2934,#2935,#4043,.T.);
#3490=EDGE_CURVE('',#2935,#2936,#160,.T.);
#3491=EDGE_CURVE('',#2936,#2933,#4044,.T.);
#3492=EDGE_CURVE('',#2936,#2931,#4045,.T.);
#3493=EDGE_CURVE('',#2937,#2935,#4046,.T.);
#3494=EDGE_CURVE('',#2924,#2937,#4047,.T.);
#3495=EDGE_CURVE('',#2928,#2923,#4048,.T.);
#3496=EDGE_CURVE('',#2938,#2927,#4049,.T.);
#3497=EDGE_CURVE('',#2938,#2918,#4050,.T.);
#3498=EDGE_CURVE('',#2919,#2939,#4051,.T.);
#3499=EDGE_CURVE('',#2940,#2939,#4052,.T.);
#3500=EDGE_CURVE('',#2932,#2940,#4053,.T.);
#3501=EDGE_CURVE('',#2941,#2934,#4054,.T.);
#3502=EDGE_CURVE('',#2933,#2930,#4055,.T.);
#3503=EDGE_CURVE('',#2929,#2942,#4056,.T.);
#3504=EDGE_CURVE('',#2942,#2943,#4057,.T.);
#3505=EDGE_CURVE('',#2920,#2943,#4058,.T.);
#3506=EDGE_CURVE('',#2944,#2917,#4059,.T.);
#3507=EDGE_CURVE('',#2944,#2926,#4060,.T.);
#3508=EDGE_CURVE('',#2925,#2922,#4061,.T.);
#3509=EDGE_CURVE('',#2921,#2941,#4062,.T.);
#3510=EDGE_CURVE('',#2942,#2940,#4063,.T.);
#3511=EDGE_CURVE('',#2941,#2937,#4064,.T.);
#3512=EDGE_CURVE('',#2944,#2938,#4065,.T.);
#3513=EDGE_CURVE('',#2943,#2939,#4066,.T.);
#3514=EDGE_CURVE('',#2945,#2946,#4067,.T.);
#3515=EDGE_CURVE('',#2946,#2947,#4068,.T.);
#3516=EDGE_CURVE('',#2947,#2948,#4069,.T.);
#3517=EDGE_CURVE('',#2948,#2945,#4070,.T.);
#3518=EDGE_CURVE('',#2949,#2950,#4071,.T.);
#3519=EDGE_CURVE('',#2949,#2951,#78,.T.);
#3520=EDGE_CURVE('',#2951,#2952,#4072,.T.);
#3521=EDGE_CURVE('',#2952,#2953,#79,.T.);
#3522=EDGE_CURVE('',#2953,#2954,#4073,.T.);
#3523=EDGE_CURVE('',#2954,#2955,#80,.T.);
#3524=EDGE_CURVE('',#2955,#2956,#4074,.T.);
#3525=EDGE_CURVE('',#2956,#2950,#81,.T.);
#3526=EDGE_CURVE('',#2957,#2958,#4075,.T.);
#3527=EDGE_CURVE('',#2958,#2959,#4076,.T.);
#3528=EDGE_CURVE('',#2959,#2960,#4077,.T.);
#3529=EDGE_CURVE('',#2960,#2957,#4078,.T.);
#3530=EDGE_CURVE('',#2961,#2962,#4079,.T.);
#3531=EDGE_CURVE('',#2962,#2963,#4080,.T.);
#3532=EDGE_CURVE('',#2963,#2964,#4081,.T.);
#3533=EDGE_CURVE('',#2964,#2961,#4082,.T.);
#3534=EDGE_CURVE('',#2965,#2966,#4083,.T.);
#3535=EDGE_CURVE('',#2966,#2967,#161,.T.);
#3536=EDGE_CURVE('',#2967,#2954,#4084,.T.);
#3537=EDGE_CURVE('',#2953,#2968,#4085,.T.);
#3538=EDGE_CURVE('',#2968,#2965,#162,.T.);
#3539=EDGE_CURVE('',#2950,#2969,#4086,.T.);
#3540=EDGE_CURVE('',#2969,#2970,#163,.T.);
#3541=EDGE_CURVE('',#2970,#2971,#4087,.T.);
#3542=EDGE_CURVE('',#2971,#2972,#164,.T.);
#3543=EDGE_CURVE('',#2972,#2949,#4088,.T.);
#3544=EDGE_CURVE('',#2945,#2968,#82,.T.);
#3545=EDGE_CURVE('',#2946,#2952,#83,.T.);
#3546=EDGE_CURVE('',#2948,#2973,#84,.T.);
#3547=EDGE_CURVE('',#2973,#2962,#165,.T.);
#3548=EDGE_CURVE('',#2961,#2974,#166,.T.);
#3549=EDGE_CURVE('',#2974,#2945,#85,.T.);
#3550=EDGE_CURVE('',#2947,#2951,#86,.T.);
#3551=EDGE_CURVE('',#2972,#2948,#87,.T.);
#3552=EDGE_CURVE('',#2957,#2969,#88,.T.);
#3553=EDGE_CURVE('',#2958,#2956,#89,.T.);
#3554=EDGE_CURVE('',#2959,#2955,#90,.T.);
#3555=EDGE_CURVE('',#2963,#2975,#167,.T.);
#3556=EDGE_CURVE('',#2975,#2957,#91,.T.);
#3557=EDGE_CURVE('',#2960,#2976,#92,.T.);
#3558=EDGE_CURVE('',#2976,#2964,#168,.T.);
#3559=EDGE_CURVE('',#2967,#2960,#93,.T.);
#3560=EDGE_CURVE('',#2973,#2972,#169,.T.);
#3561=EDGE_CURVE('',#2962,#2971,#170,.T.);
#3562=EDGE_CURVE('',#2963,#2970,#171,.T.);
#3563=EDGE_CURVE('',#2975,#2969,#172,.T.);
#3564=EDGE_CURVE('',#2968,#2974,#173,.T.);
#3565=EDGE_CURVE('',#2965,#2961,#174,.T.);
#3566=EDGE_CURVE('',#2966,#2964,#175,.T.);
#3567=EDGE_CURVE('',#2967,#2976,#176,.T.);
#3568=LINE('',#6113,#4089);
#3569=LINE('',#6116,#4090);
#3570=LINE('',#6118,#4091);
#3571=LINE('',#6120,#4092);
#3572=LINE('',#6122,#4093);
#3573=LINE('',#6125,#4094);
#3574=LINE('',#6127,#4095);
#3575=LINE('',#6129,#4096);
#3576=LINE('',#6131,#4097);
#3577=LINE('',#6132,#4098);
#3578=LINE('',#6134,#4099);
#3579=LINE('',#6136,#4100);
#3580=LINE('',#6139,#4101);
#3581=LINE('',#6142,#4102);
#3582=LINE('',#6144,#4103);
#3583=LINE('',#6146,#4104);
#3584=LINE('',#6148,#4105);
#3585=LINE('',#6151,#4106);
#3586=LINE('',#6153,#4107);
#3587=LINE('',#6155,#4108);
#3588=LINE('',#6157,#4109);
#3589=LINE('',#6158,#4110);
#3590=LINE('',#6160,#4111);
#3591=LINE('',#6162,#4112);
#3592=LINE('',#6165,#4113);
#3593=LINE('',#6168,#4114);
#3594=LINE('',#6170,#4115);
#3595=LINE('',#6172,#4116);
#3596=LINE('',#6174,#4117);
#3597=LINE('',#6177,#4118);
#3598=LINE('',#6179,#4119);
#3599=LINE('',#6181,#4120);
#3600=LINE('',#6183,#4121);
#3601=LINE('',#6184,#4122);
#3602=LINE('',#6186,#4123);
#3603=LINE('',#6188,#4124);
#3604=LINE('',#6191,#4125);
#3605=LINE('',#6194,#4126);
#3606=LINE('',#6196,#4127);
#3607=LINE('',#6198,#4128);
#3608=LINE('',#6200,#4129);
#3609=LINE('',#6203,#4130);
#3610=LINE('',#6205,#4131);
#3611=LINE('',#6207,#4132);
#3612=LINE('',#6209,#4133);
#3613=LINE('',#6210,#4134);
#3614=LINE('',#6212,#4135);
#3615=LINE('',#6214,#4136);
#3616=LINE('',#6217,#4137);
#3617=LINE('',#6220,#4138);
#3618=LINE('',#6222,#4139);
#3619=LINE('',#6224,#4140);
#3620=LINE('',#6226,#4141);
#3621=LINE('',#6229,#4142);
#3622=LINE('',#6231,#4143);
#3623=LINE('',#6233,#4144);
#3624=LINE('',#6235,#4145);
#3625=LINE('',#6236,#4146);
#3626=LINE('',#6238,#4147);
#3627=LINE('',#6240,#4148);
#3628=LINE('',#6243,#4149);
#3629=LINE('',#6246,#4150);
#3630=LINE('',#6248,#4151);
#3631=LINE('',#6250,#4152);
#3632=LINE('',#6252,#4153);
#3633=LINE('',#6255,#4154);
#3634=LINE('',#6257,#4155);
#3635=LINE('',#6259,#4156);
#3636=LINE('',#6261,#4157);
#3637=LINE('',#6262,#4158);
#3638=LINE('',#6264,#4159);
#3639=LINE('',#6266,#4160);
#3640=LINE('',#6269,#4161);
#3641=LINE('',#6272,#4162);
#3642=LINE('',#6274,#4163);
#3643=LINE('',#6276,#4164);
#3644=LINE('',#6278,#4165);
#3645=LINE('',#6281,#4166);
#3646=LINE('',#6283,#4167);
#3647=LINE('',#6285,#4168);
#3648=LINE('',#6287,#4169);
#3649=LINE('',#6288,#4170);
#3650=LINE('',#6290,#4171);
#3651=LINE('',#6292,#4172);
#3652=LINE('',#6295,#4173);
#3653=LINE('',#6298,#4174);
#3654=LINE('',#6300,#4175);
#3655=LINE('',#6302,#4176);
#3656=LINE('',#6304,#4177);
#3657=LINE('',#6307,#4178);
#3658=LINE('',#6309,#4179);
#3659=LINE('',#6311,#4180);
#3660=LINE('',#6313,#4181);
#3661=LINE('',#6314,#4182);
#3662=LINE('',#6316,#4183);
#3663=LINE('',#6318,#4184);
#3664=LINE('',#6321,#4185);
#3665=LINE('',#6324,#4186);
#3666=LINE('',#6326,#4187);
#3667=LINE('',#6328,#4188);
#3668=LINE('',#6330,#4189);
#3669=LINE('',#6333,#4190);
#3670=LINE('',#6335,#4191);
#3671=LINE('',#6337,#4192);
#3672=LINE('',#6339,#4193);
#3673=LINE('',#6340,#4194);
#3674=LINE('',#6342,#4195);
#3675=LINE('',#6344,#4196);
#3676=LINE('',#6347,#4197);
#3677=LINE('',#6350,#4198);
#3678=LINE('',#6352,#4199);
#3679=LINE('',#6354,#4200);
#3680=LINE('',#6356,#4201);
#3681=LINE('',#6359,#4202);
#3682=LINE('',#6361,#4203);
#3683=LINE('',#6363,#4204);
#3684=LINE('',#6365,#4205);
#3685=LINE('',#6366,#4206);
#3686=LINE('',#6368,#4207);
#3687=LINE('',#6370,#4208);
#3688=LINE('',#6373,#4209);
#3689=LINE('',#6376,#4210);
#3690=LINE('',#6378,#4211);
#3691=LINE('',#6380,#4212);
#3692=LINE('',#6382,#4213);
#3693=LINE('',#6385,#4214);
#3694=LINE('',#6387,#4215);
#3695=LINE('',#6389,#4216);
#3696=LINE('',#6391,#4217);
#3697=LINE('',#6392,#4218);
#3698=LINE('',#6394,#4219);
#3699=LINE('',#6396,#4220);
#3700=LINE('',#6399,#4221);
#3701=LINE('',#6402,#4222);
#3702=LINE('',#6404,#4223);
#3703=LINE('',#6406,#4224);
#3704=LINE('',#6408,#4225);
#3705=LINE('',#6411,#4226);
#3706=LINE('',#6413,#4227);
#3707=LINE('',#6415,#4228);
#3708=LINE('',#6417,#4229);
#3709=LINE('',#6418,#4230);
#3710=LINE('',#6420,#4231);
#3711=LINE('',#6422,#4232);
#3712=LINE('',#6425,#4233);
#3713=LINE('',#6430,#4234);
#3714=LINE('',#6434,#4235);
#3715=LINE('',#6439,#4236);
#3716=LINE('',#6443,#4237);
#3717=LINE('',#6444,#4238);
#3718=LINE('',#6446,#4239);
#3719=LINE('',#6448,#4240);
#3720=LINE('',#6451,#4241);
#3721=LINE('',#6456,#4242);
#3722=LINE('',#6460,#4243);
#3723=LINE('',#6465,#4244);
#3724=LINE('',#6469,#4245);
#3725=LINE('',#6470,#4246);
#3726=LINE('',#6472,#4247);
#3727=LINE('',#6474,#4248);
#3728=LINE('',#6477,#4249);
#3729=LINE('',#6482,#4250);
#3730=LINE('',#6486,#4251);
#3731=LINE('',#6491,#4252);
#3732=LINE('',#6495,#4253);
#3733=LINE('',#6496,#4254);
#3734=LINE('',#6498,#4255);
#3735=LINE('',#6500,#4256);
#3736=LINE('',#6503,#4257);
#3737=LINE('',#6506,#4258);
#3738=LINE('',#6508,#4259);
#3739=LINE('',#6510,#4260);
#3740=LINE('',#6512,#4261);
#3741=LINE('',#6514,#4262);
#3742=LINE('',#6516,#4263);
#3743=LINE('',#6518,#4264);
#3744=LINE('',#6520,#4265);
#3745=LINE('',#6522,#4266);
#3746=LINE('',#6524,#4267);
#3747=LINE('',#6526,#4268);
#3748=LINE('',#6528,#4269);
#3749=LINE('',#6530,#4270);
#3750=LINE('',#6532,#4271);
#3751=LINE('',#6534,#4272);
#3752=LINE('',#6536,#4273);
#3753=LINE('',#6538,#4274);
#3754=LINE('',#6540,#4275);
#3755=LINE('',#6542,#4276);
#3756=LINE('',#6544,#4277);
#3757=LINE('',#6546,#4278);
#3758=LINE('',#6548,#4279);
#3759=LINE('',#6550,#4280);
#3760=LINE('',#6552,#4281);
#3761=LINE('',#6555,#4282);
#3762=LINE('',#6557,#4283);
#3763=LINE('',#6559,#4284);
#3764=LINE('',#6561,#4285);
#3765=LINE('',#6563,#4286);
#3766=LINE('',#6565,#4287);
#3767=LINE('',#6567,#4288);
#3768=LINE('',#6569,#4289);
#3769=LINE('',#6571,#4290);
#3770=LINE('',#6573,#4291);
#3771=LINE('',#6575,#4292);
#3772=LINE('',#6577,#4293);
#3773=LINE('',#6579,#4294);
#3774=LINE('',#6581,#4295);
#3775=LINE('',#6583,#4296);
#3776=LINE('',#6585,#4297);
#3777=LINE('',#6587,#4298);
#3778=LINE('',#6589,#4299);
#3779=LINE('',#6591,#4300);
#3780=LINE('',#6593,#4301);
#3781=LINE('',#6595,#4302);
#3782=LINE('',#6597,#4303);
#3783=LINE('',#6599,#4304);
#3784=LINE('',#6601,#4305);
#3785=LINE('',#6602,#4306);
#3786=LINE('',#6604,#4307);
#3787=LINE('',#6606,#4308);
#3788=LINE('',#6608,#4309);
#3789=LINE('',#6610,#4310);
#3790=LINE('',#6612,#4311);
#3791=LINE('',#6614,#4312);
#3792=LINE('',#6616,#4313);
#3793=LINE('',#6618,#4314);
#3794=LINE('',#6620,#4315);
#3795=LINE('',#6622,#4316);
#3796=LINE('',#6624,#4317);
#3797=LINE('',#6626,#4318);
#3798=LINE('',#6628,#4319);
#3799=LINE('',#6630,#4320);
#3800=LINE('',#6632,#4321);
#3801=LINE('',#6634,#4322);
#3802=LINE('',#6636,#4323);
#3803=LINE('',#6638,#4324);
#3804=LINE('',#6640,#4325);
#3805=LINE('',#6642,#4326);
#3806=LINE('',#6644,#4327);
#3807=LINE('',#6646,#4328);
#3808=LINE('',#6649,#4329);
#3809=LINE('',#6652,#4330);
#3810=LINE('',#6654,#4331);
#3811=LINE('',#6656,#4332);
#3812=LINE('',#6658,#4333);
#3813=LINE('',#6661,#4334);
#3814=LINE('',#6663,#4335);
#3815=LINE('',#6665,#4336);
#3816=LINE('',#6667,#4337);
#3817=LINE('',#6668,#4338);
#3818=LINE('',#6670,#4339);
#3819=LINE('',#6672,#4340);
#3820=LINE('',#6675,#4341);
#3821=LINE('',#6678,#4342);
#3822=LINE('',#6680,#4343);
#3823=LINE('',#6682,#4344);
#3824=LINE('',#6684,#4345);
#3825=LINE('',#6686,#4346);
#3826=LINE('',#6690,#4347);
#3827=LINE('',#6692,#4348);
#3828=LINE('',#6694,#4349);
#3829=LINE('',#6696,#4350);
#3830=LINE('',#6698,#4351);
#3831=LINE('',#6700,#4352);
#3832=LINE('',#6702,#4353);
#3833=LINE('',#6704,#4354);
#3834=LINE('',#6706,#4355);
#3835=LINE('',#6708,#4356);
#3836=LINE('',#6712,#4357);
#3837=LINE('',#6714,#4358);
#3838=LINE('',#6716,#4359);
#3839=LINE('',#6720,#4360);
#3840=LINE('',#6722,#4361);
#3841=LINE('',#6724,#4362);
#3842=LINE('',#6726,#4363);
#3843=LINE('',#6728,#4364);
#3844=LINE('',#6730,#4365);
#3845=LINE('',#6732,#4366);
#3846=LINE('',#6734,#4367);
#3847=LINE('',#6736,#4368);
#3848=LINE('',#6738,#4369);
#3849=LINE('',#6742,#4370);
#3850=LINE('',#6744,#4371);
#3851=LINE('',#6746,#4372);
#3852=LINE('',#6748,#4373);
#3853=LINE('',#6750,#4374);
#3854=LINE('',#6754,#4375);
#3855=LINE('',#6759,#4376);
#3856=LINE('',#6761,#4377);
#3857=LINE('',#6763,#4378);
#3858=LINE('',#6765,#4379);
#3859=LINE('',#6767,#4380);
#3860=LINE('',#6771,#4381);
#3861=LINE('',#6773,#4382);
#3862=LINE('',#6775,#4383);
#3863=LINE('',#6777,#4384);
#3864=LINE('',#6779,#4385);
#3865=LINE('',#6781,#4386);
#3866=LINE('',#6783,#4387);
#3867=LINE('',#6785,#4388);
#3868=LINE('',#6787,#4389);
#3869=LINE('',#6789,#4390);
#3870=LINE('',#6793,#4391);
#3871=LINE('',#6795,#4392);
#3872=LINE('',#6797,#4393);
#3873=LINE('',#6801,#4394);
#3874=LINE('',#6803,#4395);
#3875=LINE('',#6805,#4396);
#3876=LINE('',#6807,#4397);
#3877=LINE('',#6809,#4398);
#3878=LINE('',#6811,#4399);
#3879=LINE('',#6813,#4400);
#3880=LINE('',#6815,#4401);
#3881=LINE('',#6817,#4402);
#3882=LINE('',#6819,#4403);
#3883=LINE('',#6823,#4404);
#3884=LINE('',#6825,#4405);
#3885=LINE('',#6827,#4406);
#3886=LINE('',#6829,#4407);
#3887=LINE('',#6831,#4408);
#3888=LINE('',#6833,#4409);
#3889=LINE('',#6834,#4410);
#3890=LINE('',#6836,#4411);
#3891=LINE('',#6838,#4412);
#3892=LINE('',#6840,#4413);
#3893=LINE('',#6842,#4414);
#3894=LINE('',#6844,#4415);
#3895=LINE('',#6846,#4416);
#3896=LINE('',#6848,#4417);
#3897=LINE('',#6850,#4418);
#3898=LINE('',#6852,#4419);
#3899=LINE('',#6854,#4420);
#3900=LINE('',#6856,#4421);
#3901=LINE('',#6858,#4422);
#3902=LINE('',#6860,#4423);
#3903=LINE('',#6862,#4424);
#3904=LINE('',#6864,#4425);
#3905=LINE('',#6866,#4426);
#3906=LINE('',#6868,#4427);
#3907=LINE('',#6870,#4428);
#3908=LINE('',#6872,#4429);
#3909=LINE('',#6874,#4430);
#3910=LINE('',#6876,#4431);
#3911=LINE('',#6878,#4432);
#3912=LINE('',#6880,#4433);
#3913=LINE('',#6882,#4434);
#3914=LINE('',#6884,#4435);
#3915=LINE('',#6886,#4436);
#3916=LINE('',#6888,#4437);
#3917=LINE('',#6890,#4438);
#3918=LINE('',#6892,#4439);
#3919=LINE('',#6894,#4440);
#3920=LINE('',#6896,#4441);
#3921=LINE('',#6898,#4442);
#3922=LINE('',#6900,#4443);
#3923=LINE('',#6902,#4444);
#3924=LINE('',#6904,#4445);
#3925=LINE('',#6906,#4446);
#3926=LINE('',#6908,#4447);
#3927=LINE('',#6911,#4448);
#3928=LINE('',#6914,#4449);
#3929=LINE('',#6916,#4450);
#3930=LINE('',#6918,#4451);
#3931=LINE('',#6920,#4452);
#3932=LINE('',#6923,#4453);
#3933=LINE('',#6925,#4454);
#3934=LINE('',#6927,#4455);
#3935=LINE('',#6929,#4456);
#3936=LINE('',#6930,#4457);
#3937=LINE('',#6932,#4458);
#3938=LINE('',#6934,#4459);
#3939=LINE('',#6937,#4460);
#3940=LINE('',#6940,#4461);
#3941=LINE('',#6942,#4462);
#3942=LINE('',#6944,#4463);
#3943=LINE('',#6946,#4464);
#3944=LINE('',#6949,#4465);
#3945=LINE('',#6951,#4466);
#3946=LINE('',#6953,#4467);
#3947=LINE('',#6955,#4468);
#3948=LINE('',#6956,#4469);
#3949=LINE('',#6958,#4470);
#3950=LINE('',#6960,#4471);
#3951=LINE('',#6963,#4472);
#3952=LINE('',#6966,#4473);
#3953=LINE('',#6968,#4474);
#3954=LINE('',#6970,#4475);
#3955=LINE('',#6972,#4476);
#3956=LINE('',#6975,#4477);
#3957=LINE('',#6977,#4478);
#3958=LINE('',#6979,#4479);
#3959=LINE('',#6981,#4480);
#3960=LINE('',#6982,#4481);
#3961=LINE('',#6984,#4482);
#3962=LINE('',#6986,#4483);
#3963=LINE('',#6989,#4484);
#3964=LINE('',#6992,#4485);
#3965=LINE('',#6994,#4486);
#3966=LINE('',#6996,#4487);
#3967=LINE('',#6998,#4488);
#3968=LINE('',#7001,#4489);
#3969=LINE('',#7003,#4490);
#3970=LINE('',#7005,#4491);
#3971=LINE('',#7007,#4492);
#3972=LINE('',#7008,#4493);
#3973=LINE('',#7010,#4494);
#3974=LINE('',#7012,#4495);
#3975=LINE('',#7015,#4496);
#3976=LINE('',#7018,#4497);
#3977=LINE('',#7020,#4498);
#3978=LINE('',#7022,#4499);
#3979=LINE('',#7024,#4500);
#3980=LINE('',#7027,#4501);
#3981=LINE('',#7029,#4502);
#3982=LINE('',#7031,#4503);
#3983=LINE('',#7033,#4504);
#3984=LINE('',#7034,#4505);
#3985=LINE('',#7036,#4506);
#3986=LINE('',#7038,#4507);
#3987=LINE('',#7041,#4508);
#3988=LINE('',#7044,#4509);
#3989=LINE('',#7046,#4510);
#3990=LINE('',#7048,#4511);
#3991=LINE('',#7050,#4512);
#3992=LINE('',#7053,#4513);
#3993=LINE('',#7055,#4514);
#3994=LINE('',#7057,#4515);
#3995=LINE('',#7059,#4516);
#3996=LINE('',#7060,#4517);
#3997=LINE('',#7062,#4518);
#3998=LINE('',#7064,#4519);
#3999=LINE('',#7067,#4520);
#4000=LINE('',#7070,#4521);
#4001=LINE('',#7072,#4522);
#4002=LINE('',#7074,#4523);
#4003=LINE('',#7076,#4524);
#4004=LINE('',#7079,#4525);
#4005=LINE('',#7081,#4526);
#4006=LINE('',#7083,#4527);
#4007=LINE('',#7085,#4528);
#4008=LINE('',#7086,#4529);
#4009=LINE('',#7088,#4530);
#4010=LINE('',#7090,#4531);
#4011=LINE('',#7096,#4532);
#4012=LINE('',#7100,#4533);
#4013=LINE('',#7105,#4534);
#4014=LINE('',#7109,#4535);
#4015=LINE('',#7114,#4536);
#4016=LINE('',#7118,#4537);
#4017=LINE('',#7123,#4538);
#4018=LINE('',#7127,#4539);
#4019=LINE('',#7129,#4540);
#4020=LINE('',#7131,#4541);
#4021=LINE('',#7133,#4542);
#4022=LINE('',#7135,#4543);
#4023=LINE('',#7136,#4544);
#4024=LINE('',#7138,#4545);
#4025=LINE('',#7140,#4546);
#4026=LINE('',#7142,#4547);
#4027=LINE('',#7144,#4548);
#4028=LINE('',#7145,#4549);
#4029=LINE('',#7147,#4550);
#4030=LINE('',#7148,#4551);
#4031=LINE('',#7150,#4552);
#4032=LINE('',#7152,#4553);
#4033=LINE('',#7154,#4554);
#4034=LINE('',#7156,#4555);
#4035=LINE('',#7158,#4556);
#4036=LINE('',#7160,#4557);
#4037=LINE('',#7165,#4558);
#4038=LINE('',#7169,#4559);
#4039=LINE('',#7174,#4560);
#4040=LINE('',#7178,#4561);
#4041=LINE('',#7183,#4562);
#4042=LINE('',#7187,#4563);
#4043=LINE('',#7192,#4564);
#4044=LINE('',#7196,#4565);
#4045=LINE('',#7198,#4566);
#4046=LINE('',#7199,#4567);
#4047=LINE('',#7201,#4568);
#4048=LINE('',#7202,#4569);
#4049=LINE('',#7203,#4570);
#4050=LINE('',#7205,#4571);
#4051=LINE('',#7206,#4572);
#4052=LINE('',#7208,#4573);
#4053=LINE('',#7210,#4574);
#4054=LINE('',#7212,#4575);
#4055=LINE('',#7214,#4576);
#4056=LINE('',#7215,#4577);
#4057=LINE('',#7217,#4578);
#4058=LINE('',#7219,#4579);
#4059=LINE('',#7220,#4580);
#4060=LINE('',#7222,#4581);
#4061=LINE('',#7223,#4582);
#4062=LINE('',#7224,#4583);
#4063=LINE('',#7226,#4584);
#4064=LINE('',#7229,#4585);
#4065=LINE('',#7233,#4586);
#4066=LINE('',#7236,#4587);
#4067=LINE('',#7239,#4588);
#4068=LINE('',#7242,#4589);
#4069=LINE('',#7244,#4590);
#4070=LINE('',#7246,#4591);
#4071=LINE('',#7248,#4592);
#4072=LINE('',#7253,#4593);
#4073=LINE('',#7257,#4594);
#4074=LINE('',#7261,#4595);
#4075=LINE('',#7265,#4596);
#4076=LINE('',#7268,#4597);
#4077=LINE('',#7270,#4598);
#4078=LINE('',#7272,#4599);
#4079=LINE('',#7274,#4600);
#4080=LINE('',#7277,#4601);
#4081=LINE('',#7279,#4602);
#4082=LINE('',#7281,#4603);
#4083=LINE('',#7283,#4604);
#4084=LINE('',#7288,#4605);
#4085=LINE('',#7289,#4606);
#4086=LINE('',#7293,#4607);
#4087=LINE('',#7297,#4608);
#4088=LINE('',#7301,#4609);
#4089=VECTOR('',#4939,1.);
#4090=VECTOR('',#4940,1.);
#4091=VECTOR('',#4941,1.);
#4092=VECTOR('',#4942,1.);
#4093=VECTOR('',#4945,1.);
#4094=VECTOR('',#4946,1.);
#4095=VECTOR('',#4947,1.);
#4096=VECTOR('',#4948,1.);
#4097=VECTOR('',#4951,1.);
#4098=VECTOR('',#4952,1.);
#4099=VECTOR('',#4955,1.);
#4100=VECTOR('',#4958,1.);
#4101=VECTOR('',#4963,1.);
#4102=VECTOR('',#4964,1.);
#4103=VECTOR('',#4965,1.);
#4104=VECTOR('',#4966,1.);
#4105=VECTOR('',#4969,1.);
#4106=VECTOR('',#4970,1.);
#4107=VECTOR('',#4971,1.);
#4108=VECTOR('',#4972,1.);
#4109=VECTOR('',#4975,1.);
#4110=VECTOR('',#4976,1.);
#4111=VECTOR('',#4979,1.);
#4112=VECTOR('',#4982,1.);
#4113=VECTOR('',#4987,1.);
#4114=VECTOR('',#4988,1.);
#4115=VECTOR('',#4989,1.);
#4116=VECTOR('',#4990,1.);
#4117=VECTOR('',#4993,1.);
#4118=VECTOR('',#4994,1.);
#4119=VECTOR('',#4995,1.);
#4120=VECTOR('',#4996,1.);
#4121=VECTOR('',#4999,1.);
#4122=VECTOR('',#5000,1.);
#4123=VECTOR('',#5003,1.);
#4124=VECTOR('',#5006,1.);
#4125=VECTOR('',#5011,1.);
#4126=VECTOR('',#5012,1.);
#4127=VECTOR('',#5013,1.);
#4128=VECTOR('',#5014,1.);
#4129=VECTOR('',#5017,1.);
#4130=VECTOR('',#5018,1.);
#4131=VECTOR('',#5019,1.);
#4132=VECTOR('',#5020,1.);
#4133=VECTOR('',#5023,1.);
#4134=VECTOR('',#5024,1.);
#4135=VECTOR('',#5027,1.);
#4136=VECTOR('',#5030,1.);
#4137=VECTOR('',#5035,1.);
#4138=VECTOR('',#5036,1.);
#4139=VECTOR('',#5037,1.);
#4140=VECTOR('',#5038,1.);
#4141=VECTOR('',#5041,1.);
#4142=VECTOR('',#5042,1.);
#4143=VECTOR('',#5043,1.);
#4144=VECTOR('',#5044,1.);
#4145=VECTOR('',#5047,1.);
#4146=VECTOR('',#5048,1.);
#4147=VECTOR('',#5051,1.);
#4148=VECTOR('',#5054,1.);
#4149=VECTOR('',#5059,1.);
#4150=VECTOR('',#5060,1.);
#4151=VECTOR('',#5061,1.);
#4152=VECTOR('',#5062,1.);
#4153=VECTOR('',#5065,1.);
#4154=VECTOR('',#5066,1.);
#4155=VECTOR('',#5067,1.);
#4156=VECTOR('',#5068,1.);
#4157=VECTOR('',#5071,1.);
#4158=VECTOR('',#5072,1.);
#4159=VECTOR('',#5075,1.);
#4160=VECTOR('',#5078,1.);
#4161=VECTOR('',#5083,1.);
#4162=VECTOR('',#5084,1.);
#4163=VECTOR('',#5085,1.);
#4164=VECTOR('',#5086,1.);
#4165=VECTOR('',#5089,1.);
#4166=VECTOR('',#5090,1.);
#4167=VECTOR('',#5091,1.);
#4168=VECTOR('',#5092,1.);
#4169=VECTOR('',#5095,1.);
#4170=VECTOR('',#5096,1.);
#4171=VECTOR('',#5099,1.);
#4172=VECTOR('',#5102,1.);
#4173=VECTOR('',#5107,1.);
#4174=VECTOR('',#5108,1.);
#4175=VECTOR('',#5109,1.);
#4176=VECTOR('',#5110,1.);
#4177=VECTOR('',#5113,1.);
#4178=VECTOR('',#5114,1.);
#4179=VECTOR('',#5115,1.);
#4180=VECTOR('',#5116,1.);
#4181=VECTOR('',#5119,1.);
#4182=VECTOR('',#5120,1.);
#4183=VECTOR('',#5123,1.);
#4184=VECTOR('',#5126,1.);
#4185=VECTOR('',#5131,1.);
#4186=VECTOR('',#5132,1.);
#4187=VECTOR('',#5133,1.);
#4188=VECTOR('',#5134,1.);
#4189=VECTOR('',#5137,1.);
#4190=VECTOR('',#5138,1.);
#4191=VECTOR('',#5139,1.);
#4192=VECTOR('',#5140,1.);
#4193=VECTOR('',#5143,1.);
#4194=VECTOR('',#5144,1.);
#4195=VECTOR('',#5147,1.);
#4196=VECTOR('',#5150,1.);
#4197=VECTOR('',#5155,1.);
#4198=VECTOR('',#5156,1.);
#4199=VECTOR('',#5157,1.);
#4200=VECTOR('',#5158,1.);
#4201=VECTOR('',#5161,1.);
#4202=VECTOR('',#5162,1.);
#4203=VECTOR('',#5163,1.);
#4204=VECTOR('',#5164,1.);
#4205=VECTOR('',#5167,1.);
#4206=VECTOR('',#5168,1.);
#4207=VECTOR('',#5171,1.);
#4208=VECTOR('',#5174,1.);
#4209=VECTOR('',#5179,1.);
#4210=VECTOR('',#5180,1.);
#4211=VECTOR('',#5181,1.);
#4212=VECTOR('',#5182,1.);
#4213=VECTOR('',#5185,1.);
#4214=VECTOR('',#5186,1.);
#4215=VECTOR('',#5187,1.);
#4216=VECTOR('',#5188,1.);
#4217=VECTOR('',#5191,1.);
#4218=VECTOR('',#5192,1.);
#4219=VECTOR('',#5195,1.);
#4220=VECTOR('',#5198,1.);
#4221=VECTOR('',#5203,1.);
#4222=VECTOR('',#5204,1.);
#4223=VECTOR('',#5205,1.);
#4224=VECTOR('',#5206,1.);
#4225=VECTOR('',#5209,1.);
#4226=VECTOR('',#5210,1.);
#4227=VECTOR('',#5211,1.);
#4228=VECTOR('',#5212,1.);
#4229=VECTOR('',#5215,1.);
#4230=VECTOR('',#5216,1.);
#4231=VECTOR('',#5219,1.);
#4232=VECTOR('',#5222,1.);
#4233=VECTOR('',#5227,1.);
#4234=VECTOR('',#5230,1.);
#4235=VECTOR('',#5235,1.);
#4236=VECTOR('',#5238,1.);
#4237=VECTOR('',#5243,1.);
#4238=VECTOR('',#5244,1.);
#4239=VECTOR('',#5247,1.);
#4240=VECTOR('',#5250,1.);
#4241=VECTOR('',#5255,1.);
#4242=VECTOR('',#5258,1.);
#4243=VECTOR('',#5263,1.);
#4244=VECTOR('',#5266,1.);
#4245=VECTOR('',#5271,1.);
#4246=VECTOR('',#5272,1.);
#4247=VECTOR('',#5275,1.);
#4248=VECTOR('',#5278,1.);
#4249=VECTOR('',#5283,1.);
#4250=VECTOR('',#5286,1.);
#4251=VECTOR('',#5291,1.);
#4252=VECTOR('',#5294,1.);
#4253=VECTOR('',#5299,1.);
#4254=VECTOR('',#5300,1.);
#4255=VECTOR('',#5303,1.);
#4256=VECTOR('',#5306,1.);
#4257=VECTOR('',#5311,1.);
#4258=VECTOR('',#5312,1.);
#4259=VECTOR('',#5313,1.);
#4260=VECTOR('',#5314,1.);
#4261=VECTOR('',#5315,1.);
#4262=VECTOR('',#5316,1.);
#4263=VECTOR('',#5317,1.);
#4264=VECTOR('',#5318,1.);
#4265=VECTOR('',#5319,1.);
#4266=VECTOR('',#5320,1.);
#4267=VECTOR('',#5321,1.);
#4268=VECTOR('',#5322,1.);
#4269=VECTOR('',#5323,1.);
#4270=VECTOR('',#5324,1.);
#4271=VECTOR('',#5325,1.);
#4272=VECTOR('',#5326,1.);
#4273=VECTOR('',#5327,1.);
#4274=VECTOR('',#5328,1.);
#4275=VECTOR('',#5329,1.);
#4276=VECTOR('',#5330,1.);
#4277=VECTOR('',#5331,1.);
#4278=VECTOR('',#5332,1.);
#4279=VECTOR('',#5333,1.);
#4280=VECTOR('',#5334,1.);
#4281=VECTOR('',#5337,1.);
#4282=VECTOR('',#5338,1.);
#4283=VECTOR('',#5339,1.);
#4284=VECTOR('',#5340,1.);
#4285=VECTOR('',#5341,1.);
#4286=VECTOR('',#5342,1.);
#4287=VECTOR('',#5343,1.);
#4288=VECTOR('',#5344,1.);
#4289=VECTOR('',#5345,1.);
#4290=VECTOR('',#5346,1.);
#4291=VECTOR('',#5347,1.);
#4292=VECTOR('',#5348,1.);
#4293=VECTOR('',#5349,1.);
#4294=VECTOR('',#5350,1.);
#4295=VECTOR('',#5351,1.);
#4296=VECTOR('',#5352,1.);
#4297=VECTOR('',#5353,1.);
#4298=VECTOR('',#5354,1.);
#4299=VECTOR('',#5355,1.);
#4300=VECTOR('',#5356,1.);
#4301=VECTOR('',#5357,1.);
#4302=VECTOR('',#5358,1.);
#4303=VECTOR('',#5359,1.);
#4304=VECTOR('',#5360,1.);
#4305=VECTOR('',#5363,1.);
#4306=VECTOR('',#5364,1.);
#4307=VECTOR('',#5367,1.);
#4308=VECTOR('',#5370,1.);
#4309=VECTOR('',#5373,1.);
#4310=VECTOR('',#5376,1.);
#4311=VECTOR('',#5379,1.);
#4312=VECTOR('',#5382,1.);
#4313=VECTOR('',#5385,1.);
#4314=VECTOR('',#5388,1.);
#4315=VECTOR('',#5391,1.);
#4316=VECTOR('',#5394,1.);
#4317=VECTOR('',#5397,1.);
#4318=VECTOR('',#5400,1.);
#4319=VECTOR('',#5403,1.);
#4320=VECTOR('',#5406,1.);
#4321=VECTOR('',#5409,1.);
#4322=VECTOR('',#5412,1.);
#4323=VECTOR('',#5415,1.);
#4324=VECTOR('',#5418,1.);
#4325=VECTOR('',#5421,1.);
#4326=VECTOR('',#5424,1.);
#4327=VECTOR('',#5427,1.);
#4328=VECTOR('',#5430,1.);
#4329=VECTOR('',#5435,1.);
#4330=VECTOR('',#5436,1.);
#4331=VECTOR('',#5437,1.);
#4332=VECTOR('',#5438,1.);
#4333=VECTOR('',#5441,1.);
#4334=VECTOR('',#5442,1.);
#4335=VECTOR('',#5443,1.);
#4336=VECTOR('',#5444,1.);
#4337=VECTOR('',#5447,1.);
#4338=VECTOR('',#5448,1.);
#4339=VECTOR('',#5451,1.);
#4340=VECTOR('',#5454,1.);
#4341=VECTOR('',#5459,1.);
#4342=VECTOR('',#5460,1.);
#4343=VECTOR('',#5461,1.);
#4344=VECTOR('',#5462,1.);
#4345=VECTOR('',#5463,1.);
#4346=VECTOR('',#5464,1.);
#4347=VECTOR('',#5467,1.);
#4348=VECTOR('',#5468,1.);
#4349=VECTOR('',#5469,1.);
#4350=VECTOR('',#5470,1.);
#4351=VECTOR('',#5471,1.);
#4352=VECTOR('',#5472,1.);
#4353=VECTOR('',#5473,1.);
#4354=VECTOR('',#5474,1.);
#4355=VECTOR('',#5475,1.);
#4356=VECTOR('',#5476,1.);
#4357=VECTOR('',#5479,1.);
#4358=VECTOR('',#5480,1.);
#4359=VECTOR('',#5481,1.);
#4360=VECTOR('',#5484,1.);
#4361=VECTOR('',#5485,1.);
#4362=VECTOR('',#5486,1.);
#4363=VECTOR('',#5487,1.);
#4364=VECTOR('',#5488,1.);
#4365=VECTOR('',#5489,1.);
#4366=VECTOR('',#5490,1.);
#4367=VECTOR('',#5491,1.);
#4368=VECTOR('',#5492,1.);
#4369=VECTOR('',#5493,1.);
#4370=VECTOR('',#5496,1.);
#4371=VECTOR('',#5497,1.);
#4372=VECTOR('',#5498,1.);
#4373=VECTOR('',#5499,1.);
#4374=VECTOR('',#5500,1.);
#4375=VECTOR('',#5505,1.);
#4376=VECTOR('',#5508,1.);
#4377=VECTOR('',#5509,1.);
#4378=VECTOR('',#5510,1.);
#4379=VECTOR('',#5511,1.);
#4380=VECTOR('',#5512,1.);
#4381=VECTOR('',#5515,1.);
#4382=VECTOR('',#5516,1.);
#4383=VECTOR('',#5517,1.);
#4384=VECTOR('',#5518,1.);
#4385=VECTOR('',#5519,1.);
#4386=VECTOR('',#5520,1.);
#4387=VECTOR('',#5521,1.);
#4388=VECTOR('',#5522,1.);
#4389=VECTOR('',#5523,1.);
#4390=VECTOR('',#5524,1.);
#4391=VECTOR('',#5527,1.);
#4392=VECTOR('',#5528,1.);
#4393=VECTOR('',#5529,1.);
#4394=VECTOR('',#5532,1.);
#4395=VECTOR('',#5533,1.);
#4396=VECTOR('',#5534,1.);
#4397=VECTOR('',#5535,1.);
#4398=VECTOR('',#5536,1.);
#4399=VECTOR('',#5537,1.);
#4400=VECTOR('',#5538,1.);
#4401=VECTOR('',#5539,1.);
#4402=VECTOR('',#5540,1.);
#4403=VECTOR('',#5541,1.);
#4404=VECTOR('',#5544,1.);
#4405=VECTOR('',#5545,1.);
#4406=VECTOR('',#5546,1.);
#4407=VECTOR('',#5547,1.);
#4408=VECTOR('',#5548,1.);
#4409=VECTOR('',#5551,1.);
#4410=VECTOR('',#5552,1.);
#4411=VECTOR('',#5555,1.);
#4412=VECTOR('',#5558,1.);
#4413=VECTOR('',#5561,1.);
#4414=VECTOR('',#5564,1.);
#4415=VECTOR('',#5567,1.);
#4416=VECTOR('',#5570,1.);
#4417=VECTOR('',#5573,1.);
#4418=VECTOR('',#5576,1.);
#4419=VECTOR('',#5579,1.);
#4420=VECTOR('',#5582,1.);
#4421=VECTOR('',#5585,1.);
#4422=VECTOR('',#5588,1.);
#4423=VECTOR('',#5591,1.);
#4424=VECTOR('',#5594,1.);
#4425=VECTOR('',#5597,1.);
#4426=VECTOR('',#5600,1.);
#4427=VECTOR('',#5603,1.);
#4428=VECTOR('',#5606,1.);
#4429=VECTOR('',#5609,1.);
#4430=VECTOR('',#5612,1.);
#4431=VECTOR('',#5615,1.);
#4432=VECTOR('',#5618,1.);
#4433=VECTOR('',#5621,1.);
#4434=VECTOR('',#5624,1.);
#4435=VECTOR('',#5627,1.);
#4436=VECTOR('',#5630,1.);
#4437=VECTOR('',#5633,1.);
#4438=VECTOR('',#5636,1.);
#4439=VECTOR('',#5639,1.);
#4440=VECTOR('',#5642,1.);
#4441=VECTOR('',#5645,1.);
#4442=VECTOR('',#5648,1.);
#4443=VECTOR('',#5651,1.);
#4444=VECTOR('',#5654,1.);
#4445=VECTOR('',#5657,1.);
#4446=VECTOR('',#5660,1.);
#4447=VECTOR('',#5663,1.);
#4448=VECTOR('',#5668,1.);
#4449=VECTOR('',#5669,1.);
#4450=VECTOR('',#5670,1.);
#4451=VECTOR('',#5671,1.);
#4452=VECTOR('',#5674,1.);
#4453=VECTOR('',#5675,1.);
#4454=VECTOR('',#5676,1.);
#4455=VECTOR('',#5677,1.);
#4456=VECTOR('',#5680,1.);
#4457=VECTOR('',#5681,1.);
#4458=VECTOR('',#5684,1.);
#4459=VECTOR('',#5687,1.);
#4460=VECTOR('',#5692,1.);
#4461=VECTOR('',#5693,1.);
#4462=VECTOR('',#5694,1.);
#4463=VECTOR('',#5695,1.);
#4464=VECTOR('',#5698,1.);
#4465=VECTOR('',#5699,1.);
#4466=VECTOR('',#5700,1.);
#4467=VECTOR('',#5701,1.);
#4468=VECTOR('',#5704,1.);
#4469=VECTOR('',#5705,1.);
#4470=VECTOR('',#5708,1.);
#4471=VECTOR('',#5711,1.);
#4472=VECTOR('',#5716,1.);
#4473=VECTOR('',#5717,1.);
#4474=VECTOR('',#5718,1.);
#4475=VECTOR('',#5719,1.);
#4476=VECTOR('',#5722,1.);
#4477=VECTOR('',#5723,1.);
#4478=VECTOR('',#5724,1.);
#4479=VECTOR('',#5725,1.);
#4480=VECTOR('',#5728,1.);
#4481=VECTOR('',#5729,1.);
#4482=VECTOR('',#5732,1.);
#4483=VECTOR('',#5735,1.);
#4484=VECTOR('',#5740,1.);
#4485=VECTOR('',#5741,1.);
#4486=VECTOR('',#5742,1.);
#4487=VECTOR('',#5743,1.);
#4488=VECTOR('',#5746,1.);
#4489=VECTOR('',#5747,1.);
#4490=VECTOR('',#5748,1.);
#4491=VECTOR('',#5749,1.);
#4492=VECTOR('',#5752,1.);
#4493=VECTOR('',#5753,1.);
#4494=VECTOR('',#5756,1.);
#4495=VECTOR('',#5759,1.);
#4496=VECTOR('',#5764,1.);
#4497=VECTOR('',#5765,1.);
#4498=VECTOR('',#5766,1.);
#4499=VECTOR('',#5767,1.);
#4500=VECTOR('',#5770,1.);
#4501=VECTOR('',#5771,1.);
#4502=VECTOR('',#5772,1.);
#4503=VECTOR('',#5773,1.);
#4504=VECTOR('',#5776,1.);
#4505=VECTOR('',#5777,1.);
#4506=VECTOR('',#5780,1.);
#4507=VECTOR('',#5783,1.);
#4508=VECTOR('',#5788,1.);
#4509=VECTOR('',#5789,1.);
#4510=VECTOR('',#5790,1.);
#4511=VECTOR('',#5791,1.);
#4512=VECTOR('',#5794,1.);
#4513=VECTOR('',#5795,1.);
#4514=VECTOR('',#5796,1.);
#4515=VECTOR('',#5797,1.);
#4516=VECTOR('',#5800,1.);
#4517=VECTOR('',#5801,1.);
#4518=VECTOR('',#5804,1.);
#4519=VECTOR('',#5807,1.);
#4520=VECTOR('',#5812,1.);
#4521=VECTOR('',#5813,1.);
#4522=VECTOR('',#5814,1.);
#4523=VECTOR('',#5815,1.);
#4524=VECTOR('',#5818,1.);
#4525=VECTOR('',#5819,1.);
#4526=VECTOR('',#5820,1.);
#4527=VECTOR('',#5821,1.);
#4528=VECTOR('',#5824,1.);
#4529=VECTOR('',#5825,1.);
#4530=VECTOR('',#5828,1.);
#4531=VECTOR('',#5831,1.);
#4532=VECTOR('',#5838,1.);
#4533=VECTOR('',#5841,1.);
#4534=VECTOR('',#5846,1.);
#4535=VECTOR('',#5849,1.);
#4536=VECTOR('',#5854,1.);
#4537=VECTOR('',#5857,1.);
#4538=VECTOR('',#5862,1.);
#4539=VECTOR('',#5865,1.);
#4540=VECTOR('',#5868,1.);
#4541=VECTOR('',#5869,1.);
#4542=VECTOR('',#5870,1.);
#4543=VECTOR('',#5873,1.);
#4544=VECTOR('',#5874,1.);
#4545=VECTOR('',#5877,1.);
#4546=VECTOR('',#5878,1.);
#4547=VECTOR('',#5879,1.);
#4548=VECTOR('',#5882,1.);
#4549=VECTOR('',#5883,1.);
#4550=VECTOR('',#5886,1.);
#4551=VECTOR('',#5887,1.);
#4552=VECTOR('',#5890,1.);
#4553=VECTOR('',#5891,1.);
#4554=VECTOR('',#5892,1.);
#4555=VECTOR('',#5895,1.);
#4556=VECTOR('',#5896,1.);
#4557=VECTOR('',#5897,1.);
#4558=VECTOR('',#5902,1.);
#4559=VECTOR('',#5905,1.);
#4560=VECTOR('',#5910,1.);
#4561=VECTOR('',#5913,1.);
#4562=VECTOR('',#5918,1.);
#4563=VECTOR('',#5921,1.);
#4564=VECTOR('',#5926,1.);
#4565=VECTOR('',#5929,1.);
#4566=VECTOR('',#5932,1.);
#4567=VECTOR('',#5933,1.);
#4568=VECTOR('',#5934,1.);
#4569=VECTOR('',#5935,1.);
#4570=VECTOR('',#5936,1.);
#4571=VECTOR('',#5937,1.);
#4572=VECTOR('',#5938,1.);
#4573=VECTOR('',#5939,1.);
#4574=VECTOR('',#5940,1.);
#4575=VECTOR('',#5943,1.);
#4576=VECTOR('',#5944,1.);
#4577=VECTOR('',#5945,1.);
#4578=VECTOR('',#5946,1.);
#4579=VECTOR('',#5947,1.);
#4580=VECTOR('',#5948,1.);
#4581=VECTOR('',#5949,1.);
#4582=VECTOR('',#5950,1.);
#4583=VECTOR('',#5951,1.);
#4584=VECTOR('',#5954,1.);
#4585=VECTOR('',#5959,1.);
#4586=VECTOR('',#5966,1.);
#4587=VECTOR('',#5971,1.);
#4588=VECTOR('',#5976,1.);
#4589=VECTOR('',#5977,1.);
#4590=VECTOR('',#5978,1.);
#4591=VECTOR('',#5979,1.);
#4592=VECTOR('',#5982,1.);
#4593=VECTOR('',#5985,1.);
#4594=VECTOR('',#5988,1.);
#4595=VECTOR('',#5991,1.);
#4596=VECTOR('',#5996,1.);
#4597=VECTOR('',#5997,1.);
#4598=VECTOR('',#5998,1.);
#4599=VECTOR('',#5999,1.);
#4600=VECTOR('',#6002,1.);
#4601=VECTOR('',#6003,1.);
#4602=VECTOR('',#6004,1.);
#4603=VECTOR('',#6005,1.);
#4604=VECTOR('',#6008,1.);
#4605=VECTOR('',#6011,1.);
#4606=VECTOR('',#6012,1.);
#4607=VECTOR('',#6017,1.);
#4608=VECTOR('',#6020,1.);
#4609=VECTOR('',#6023,1.);
#4610=AXIS2_PLACEMENT_3D('',#6112,#4937,#4938);
#4611=AXIS2_PLACEMENT_3D('',#6121,#4943,#4944);
#4612=AXIS2_PLACEMENT_3D('',#6130,#4949,#4950);
#4613=AXIS2_PLACEMENT_3D('',#6133,#4953,#4954);
#4614=AXIS2_PLACEMENT_3D('',#6135,#4956,#4957);
#4615=AXIS2_PLACEMENT_3D('',#6137,#4959,#4960);
#4616=AXIS2_PLACEMENT_3D('',#6138,#4961,#4962);
#4617=AXIS2_PLACEMENT_3D('',#6147,#4967,#4968);
#4618=AXIS2_PLACEMENT_3D('',#6156,#4973,#4974);
#4619=AXIS2_PLACEMENT_3D('',#6159,#4977,#4978);
#4620=AXIS2_PLACEMENT_3D('',#6161,#4980,#4981);
#4621=AXIS2_PLACEMENT_3D('',#6163,#4983,#4984);
#4622=AXIS2_PLACEMENT_3D('',#6164,#4985,#4986);
#4623=AXIS2_PLACEMENT_3D('',#6173,#4991,#4992);
#4624=AXIS2_PLACEMENT_3D('',#6182,#4997,#4998);
#4625=AXIS2_PLACEMENT_3D('',#6185,#5001,#5002);
#4626=AXIS2_PLACEMENT_3D('',#6187,#5004,#5005);
#4627=AXIS2_PLACEMENT_3D('',#6189,#5007,#5008);
#4628=AXIS2_PLACEMENT_3D('',#6190,#5009,#5010);
#4629=AXIS2_PLACEMENT_3D('',#6199,#5015,#5016);
#4630=AXIS2_PLACEMENT_3D('',#6208,#5021,#5022);
#4631=AXIS2_PLACEMENT_3D('',#6211,#5025,#5026);
#4632=AXIS2_PLACEMENT_3D('',#6213,#5028,#5029);
#4633=AXIS2_PLACEMENT_3D('',#6215,#5031,#5032);
#4634=AXIS2_PLACEMENT_3D('',#6216,#5033,#5034);
#4635=AXIS2_PLACEMENT_3D('',#6225,#5039,#5040);
#4636=AXIS2_PLACEMENT_3D('',#6234,#5045,#5046);
#4637=AXIS2_PLACEMENT_3D('',#6237,#5049,#5050);
#4638=AXIS2_PLACEMENT_3D('',#6239,#5052,#5053);
#4639=AXIS2_PLACEMENT_3D('',#6241,#5055,#5056);
#4640=AXIS2_PLACEMENT_3D('',#6242,#5057,#5058);
#4641=AXIS2_PLACEMENT_3D('',#6251,#5063,#5064);
#4642=AXIS2_PLACEMENT_3D('',#6260,#5069,#5070);
#4643=AXIS2_PLACEMENT_3D('',#6263,#5073,#5074);
#4644=AXIS2_PLACEMENT_3D('',#6265,#5076,#5077);
#4645=AXIS2_PLACEMENT_3D('',#6267,#5079,#5080);
#4646=AXIS2_PLACEMENT_3D('',#6268,#5081,#5082);
#4647=AXIS2_PLACEMENT_3D('',#6277,#5087,#5088);
#4648=AXIS2_PLACEMENT_3D('',#6286,#5093,#5094);
#4649=AXIS2_PLACEMENT_3D('',#6289,#5097,#5098);
#4650=AXIS2_PLACEMENT_3D('',#6291,#5100,#5101);
#4651=AXIS2_PLACEMENT_3D('',#6293,#5103,#5104);
#4652=AXIS2_PLACEMENT_3D('',#6294,#5105,#5106);
#4653=AXIS2_PLACEMENT_3D('',#6303,#5111,#5112);
#4654=AXIS2_PLACEMENT_3D('',#6312,#5117,#5118);
#4655=AXIS2_PLACEMENT_3D('',#6315,#5121,#5122);
#4656=AXIS2_PLACEMENT_3D('',#6317,#5124,#5125);
#4657=AXIS2_PLACEMENT_3D('',#6319,#5127,#5128);
#4658=AXIS2_PLACEMENT_3D('',#6320,#5129,#5130);
#4659=AXIS2_PLACEMENT_3D('',#6329,#5135,#5136);
#4660=AXIS2_PLACEMENT_3D('',#6338,#5141,#5142);
#4661=AXIS2_PLACEMENT_3D('',#6341,#5145,#5146);
#4662=AXIS2_PLACEMENT_3D('',#6343,#5148,#5149);
#4663=AXIS2_PLACEMENT_3D('',#6345,#5151,#5152);
#4664=AXIS2_PLACEMENT_3D('',#6346,#5153,#5154);
#4665=AXIS2_PLACEMENT_3D('',#6355,#5159,#5160);
#4666=AXIS2_PLACEMENT_3D('',#6364,#5165,#5166);
#4667=AXIS2_PLACEMENT_3D('',#6367,#5169,#5170);
#4668=AXIS2_PLACEMENT_3D('',#6369,#5172,#5173);
#4669=AXIS2_PLACEMENT_3D('',#6371,#5175,#5176);
#4670=AXIS2_PLACEMENT_3D('',#6372,#5177,#5178);
#4671=AXIS2_PLACEMENT_3D('',#6381,#5183,#5184);
#4672=AXIS2_PLACEMENT_3D('',#6390,#5189,#5190);
#4673=AXIS2_PLACEMENT_3D('',#6393,#5193,#5194);
#4674=AXIS2_PLACEMENT_3D('',#6395,#5196,#5197);
#4675=AXIS2_PLACEMENT_3D('',#6397,#5199,#5200);
#4676=AXIS2_PLACEMENT_3D('',#6398,#5201,#5202);
#4677=AXIS2_PLACEMENT_3D('',#6407,#5207,#5208);
#4678=AXIS2_PLACEMENT_3D('',#6416,#5213,#5214);
#4679=AXIS2_PLACEMENT_3D('',#6419,#5217,#5218);
#4680=AXIS2_PLACEMENT_3D('',#6421,#5220,#5221);
#4681=AXIS2_PLACEMENT_3D('',#6423,#5223,#5224);
#4682=AXIS2_PLACEMENT_3D('',#6424,#5225,#5226);
#4683=AXIS2_PLACEMENT_3D('',#6428,#5228,#5229);
#4684=AXIS2_PLACEMENT_3D('',#6432,#5231,#5232);
#4685=AXIS2_PLACEMENT_3D('',#6433,#5233,#5234);
#4686=AXIS2_PLACEMENT_3D('',#6437,#5236,#5237);
#4687=AXIS2_PLACEMENT_3D('',#6441,#5239,#5240);
#4688=AXIS2_PLACEMENT_3D('',#6442,#5241,#5242);
#4689=AXIS2_PLACEMENT_3D('',#6445,#5245,#5246);
#4690=AXIS2_PLACEMENT_3D('',#6447,#5248,#5249);
#4691=AXIS2_PLACEMENT_3D('',#6449,#5251,#5252);
#4692=AXIS2_PLACEMENT_3D('',#6450,#5253,#5254);
#4693=AXIS2_PLACEMENT_3D('',#6454,#5256,#5257);
#4694=AXIS2_PLACEMENT_3D('',#6458,#5259,#5260);
#4695=AXIS2_PLACEMENT_3D('',#6459,#5261,#5262);
#4696=AXIS2_PLACEMENT_3D('',#6463,#5264,#5265);
#4697=AXIS2_PLACEMENT_3D('',#6467,#5267,#5268);
#4698=AXIS2_PLACEMENT_3D('',#6468,#5269,#5270);
#4699=AXIS2_PLACEMENT_3D('',#6471,#5273,#5274);
#4700=AXIS2_PLACEMENT_3D('',#6473,#5276,#5277);
#4701=AXIS2_PLACEMENT_3D('',#6475,#5279,#5280);
#4702=AXIS2_PLACEMENT_3D('',#6476,#5281,#5282);
#4703=AXIS2_PLACEMENT_3D('',#6480,#5284,#5285);
#4704=AXIS2_PLACEMENT_3D('',#6484,#5287,#5288);
#4705=AXIS2_PLACEMENT_3D('',#6485,#5289,#5290);
#4706=AXIS2_PLACEMENT_3D('',#6489,#5292,#5293);
#4707=AXIS2_PLACEMENT_3D('',#6493,#5295,#5296);
#4708=AXIS2_PLACEMENT_3D('',#6494,#5297,#5298);
#4709=AXIS2_PLACEMENT_3D('',#6497,#5301,#5302);
#4710=AXIS2_PLACEMENT_3D('',#6499,#5304,#5305);
#4711=AXIS2_PLACEMENT_3D('',#6501,#5307,#5308);
#4712=AXIS2_PLACEMENT_3D('',#6502,#5309,#5310);
#4713=AXIS2_PLACEMENT_3D('',#6551,#5335,#5336);
#4714=AXIS2_PLACEMENT_3D('',#6600,#5361,#5362);
#4715=AXIS2_PLACEMENT_3D('',#6603,#5365,#5366);
#4716=AXIS2_PLACEMENT_3D('',#6605,#5368,#5369);
#4717=AXIS2_PLACEMENT_3D('',#6607,#5371,#5372);
#4718=AXIS2_PLACEMENT_3D('',#6609,#5374,#5375);
#4719=AXIS2_PLACEMENT_3D('',#6611,#5377,#5378);
#4720=AXIS2_PLACEMENT_3D('',#6613,#5380,#5381);
#4721=AXIS2_PLACEMENT_3D('',#6615,#5383,#5384);
#4722=AXIS2_PLACEMENT_3D('',#6617,#5386,#5387);
#4723=AXIS2_PLACEMENT_3D('',#6619,#5389,#5390);
#4724=AXIS2_PLACEMENT_3D('',#6621,#5392,#5393);
#4725=AXIS2_PLACEMENT_3D('',#6623,#5395,#5396);
#4726=AXIS2_PLACEMENT_3D('',#6625,#5398,#5399);
#4727=AXIS2_PLACEMENT_3D('',#6627,#5401,#5402);
#4728=AXIS2_PLACEMENT_3D('',#6629,#5404,#5405);
#4729=AXIS2_PLACEMENT_3D('',#6631,#5407,#5408);
#4730=AXIS2_PLACEMENT_3D('',#6633,#5410,#5411);
#4731=AXIS2_PLACEMENT_3D('',#6635,#5413,#5414);
#4732=AXIS2_PLACEMENT_3D('',#6637,#5416,#5417);
#4733=AXIS2_PLACEMENT_3D('',#6639,#5419,#5420);
#4734=AXIS2_PLACEMENT_3D('',#6641,#5422,#5423);
#4735=AXIS2_PLACEMENT_3D('',#6643,#5425,#5426);
#4736=AXIS2_PLACEMENT_3D('',#6645,#5428,#5429);
#4737=AXIS2_PLACEMENT_3D('',#6647,#5431,#5432);
#4738=AXIS2_PLACEMENT_3D('',#6648,#5433,#5434);
#4739=AXIS2_PLACEMENT_3D('',#6657,#5439,#5440);
#4740=AXIS2_PLACEMENT_3D('',#6666,#5445,#5446);
#4741=AXIS2_PLACEMENT_3D('',#6669,#5449,#5450);
#4742=AXIS2_PLACEMENT_3D('',#6671,#5452,#5453);
#4743=AXIS2_PLACEMENT_3D('',#6673,#5455,#5456);
#4744=AXIS2_PLACEMENT_3D('',#6674,#5457,#5458);
#4745=AXIS2_PLACEMENT_3D('',#6688,#5465,#5466);
#4746=AXIS2_PLACEMENT_3D('',#6710,#5477,#5478);
#4747=AXIS2_PLACEMENT_3D('',#6718,#5482,#5483);
#4748=AXIS2_PLACEMENT_3D('',#6740,#5494,#5495);
#4749=AXIS2_PLACEMENT_3D('',#6752,#5501,#5502);
#4750=AXIS2_PLACEMENT_3D('',#6753,#5503,#5504);
#4751=AXIS2_PLACEMENT_3D('',#6757,#5506,#5507);
#4752=AXIS2_PLACEMENT_3D('',#6769,#5513,#5514);
#4753=AXIS2_PLACEMENT_3D('',#6791,#5525,#5526);
#4754=AXIS2_PLACEMENT_3D('',#6799,#5530,#5531);
#4755=AXIS2_PLACEMENT_3D('',#6821,#5542,#5543);
#4756=AXIS2_PLACEMENT_3D('',#6832,#5549,#5550);
#4757=AXIS2_PLACEMENT_3D('',#6835,#5553,#5554);
#4758=AXIS2_PLACEMENT_3D('',#6837,#5556,#5557);
#4759=AXIS2_PLACEMENT_3D('',#6839,#5559,#5560);
#4760=AXIS2_PLACEMENT_3D('',#6841,#5562,#5563);
#4761=AXIS2_PLACEMENT_3D('',#6843,#5565,#5566);
#4762=AXIS2_PLACEMENT_3D('',#6845,#5568,#5569);
#4763=AXIS2_PLACEMENT_3D('',#6847,#5571,#5572);
#4764=AXIS2_PLACEMENT_3D('',#6849,#5574,#5575);
#4765=AXIS2_PLACEMENT_3D('',#6851,#5577,#5578);
#4766=AXIS2_PLACEMENT_3D('',#6853,#5580,#5581);
#4767=AXIS2_PLACEMENT_3D('',#6855,#5583,#5584);
#4768=AXIS2_PLACEMENT_3D('',#6857,#5586,#5587);
#4769=AXIS2_PLACEMENT_3D('',#6859,#5589,#5590);
#4770=AXIS2_PLACEMENT_3D('',#6861,#5592,#5593);
#4771=AXIS2_PLACEMENT_3D('',#6863,#5595,#5596);
#4772=AXIS2_PLACEMENT_3D('',#6865,#5598,#5599);
#4773=AXIS2_PLACEMENT_3D('',#6867,#5601,#5602);
#4774=AXIS2_PLACEMENT_3D('',#6869,#5604,#5605);
#4775=AXIS2_PLACEMENT_3D('',#6871,#5607,#5608);
#4776=AXIS2_PLACEMENT_3D('',#6873,#5610,#5611);
#4777=AXIS2_PLACEMENT_3D('',#6875,#5613,#5614);
#4778=AXIS2_PLACEMENT_3D('',#6877,#5616,#5617);
#4779=AXIS2_PLACEMENT_3D('',#6879,#5619,#5620);
#4780=AXIS2_PLACEMENT_3D('',#6881,#5622,#5623);
#4781=AXIS2_PLACEMENT_3D('',#6883,#5625,#5626);
#4782=AXIS2_PLACEMENT_3D('',#6885,#5628,#5629);
#4783=AXIS2_PLACEMENT_3D('',#6887,#5631,#5632);
#4784=AXIS2_PLACEMENT_3D('',#6889,#5634,#5635);
#4785=AXIS2_PLACEMENT_3D('',#6891,#5637,#5638);
#4786=AXIS2_PLACEMENT_3D('',#6893,#5640,#5641);
#4787=AXIS2_PLACEMENT_3D('',#6895,#5643,#5644);
#4788=AXIS2_PLACEMENT_3D('',#6897,#5646,#5647);
#4789=AXIS2_PLACEMENT_3D('',#6899,#5649,#5650);
#4790=AXIS2_PLACEMENT_3D('',#6901,#5652,#5653);
#4791=AXIS2_PLACEMENT_3D('',#6903,#5655,#5656);
#4792=AXIS2_PLACEMENT_3D('',#6905,#5658,#5659);
#4793=AXIS2_PLACEMENT_3D('',#6907,#5661,#5662);
#4794=AXIS2_PLACEMENT_3D('',#6909,#5664,#5665);
#4795=AXIS2_PLACEMENT_3D('',#6910,#5666,#5667);
#4796=AXIS2_PLACEMENT_3D('',#6919,#5672,#5673);
#4797=AXIS2_PLACEMENT_3D('',#6928,#5678,#5679);
#4798=AXIS2_PLACEMENT_3D('',#6931,#5682,#5683);
#4799=AXIS2_PLACEMENT_3D('',#6933,#5685,#5686);
#4800=AXIS2_PLACEMENT_3D('',#6935,#5688,#5689);
#4801=AXIS2_PLACEMENT_3D('',#6936,#5690,#5691);
#4802=AXIS2_PLACEMENT_3D('',#6945,#5696,#5697);
#4803=AXIS2_PLACEMENT_3D('',#6954,#5702,#5703);
#4804=AXIS2_PLACEMENT_3D('',#6957,#5706,#5707);
#4805=AXIS2_PLACEMENT_3D('',#6959,#5709,#5710);
#4806=AXIS2_PLACEMENT_3D('',#6961,#5712,#5713);
#4807=AXIS2_PLACEMENT_3D('',#6962,#5714,#5715);
#4808=AXIS2_PLACEMENT_3D('',#6971,#5720,#5721);
#4809=AXIS2_PLACEMENT_3D('',#6980,#5726,#5727);
#4810=AXIS2_PLACEMENT_3D('',#6983,#5730,#5731);
#4811=AXIS2_PLACEMENT_3D('',#6985,#5733,#5734);
#4812=AXIS2_PLACEMENT_3D('',#6987,#5736,#5737);
#4813=AXIS2_PLACEMENT_3D('',#6988,#5738,#5739);
#4814=AXIS2_PLACEMENT_3D('',#6997,#5744,#5745);
#4815=AXIS2_PLACEMENT_3D('',#7006,#5750,#5751);
#4816=AXIS2_PLACEMENT_3D('',#7009,#5754,#5755);
#4817=AXIS2_PLACEMENT_3D('',#7011,#5757,#5758);
#4818=AXIS2_PLACEMENT_3D('',#7013,#5760,#5761);
#4819=AXIS2_PLACEMENT_3D('',#7014,#5762,#5763);
#4820=AXIS2_PLACEMENT_3D('',#7023,#5768,#5769);
#4821=AXIS2_PLACEMENT_3D('',#7032,#5774,#5775);
#4822=AXIS2_PLACEMENT_3D('',#7035,#5778,#5779);
#4823=AXIS2_PLACEMENT_3D('',#7037,#5781,#5782);
#4824=AXIS2_PLACEMENT_3D('',#7039,#5784,#5785);
#4825=AXIS2_PLACEMENT_3D('',#7040,#5786,#5787);
#4826=AXIS2_PLACEMENT_3D('',#7049,#5792,#5793);
#4827=AXIS2_PLACEMENT_3D('',#7058,#5798,#5799);
#4828=AXIS2_PLACEMENT_3D('',#7061,#5802,#5803);
#4829=AXIS2_PLACEMENT_3D('',#7063,#5805,#5806);
#4830=AXIS2_PLACEMENT_3D('',#7065,#5808,#5809);
#4831=AXIS2_PLACEMENT_3D('',#7066,#5810,#5811);
#4832=AXIS2_PLACEMENT_3D('',#7075,#5816,#5817);
#4833=AXIS2_PLACEMENT_3D('',#7084,#5822,#5823);
#4834=AXIS2_PLACEMENT_3D('',#7087,#5826,#5827);
#4835=AXIS2_PLACEMENT_3D('',#7089,#5829,#5830);
#4836=AXIS2_PLACEMENT_3D('',#7091,#5832,#5833);
#4837=AXIS2_PLACEMENT_3D('',#7092,#5834,#5835);
#4838=AXIS2_PLACEMENT_3D('',#7093,#5836,#5837);
#4839=AXIS2_PLACEMENT_3D('',#7098,#5839,#5840);
#4840=AXIS2_PLACEMENT_3D('',#7101,#5842,#5843);
#4841=AXIS2_PLACEMENT_3D('',#7102,#5844,#5845);
#4842=AXIS2_PLACEMENT_3D('',#7107,#5847,#5848);
#4843=AXIS2_PLACEMENT_3D('',#7110,#5850,#5851);
#4844=AXIS2_PLACEMENT_3D('',#7111,#5852,#5853);
#4845=AXIS2_PLACEMENT_3D('',#7116,#5855,#5856);
#4846=AXIS2_PLACEMENT_3D('',#7119,#5858,#5859);
#4847=AXIS2_PLACEMENT_3D('',#7120,#5860,#5861);
#4848=AXIS2_PLACEMENT_3D('',#7125,#5863,#5864);
#4849=AXIS2_PLACEMENT_3D('',#7128,#5866,#5867);
#4850=AXIS2_PLACEMENT_3D('',#7134,#5871,#5872);
#4851=AXIS2_PLACEMENT_3D('',#7137,#5875,#5876);
#4852=AXIS2_PLACEMENT_3D('',#7143,#5880,#5881);
#4853=AXIS2_PLACEMENT_3D('',#7146,#5884,#5885);
#4854=AXIS2_PLACEMENT_3D('',#7149,#5888,#5889);
#4855=AXIS2_PLACEMENT_3D('',#7155,#5893,#5894);
#4856=AXIS2_PLACEMENT_3D('',#7161,#5898,#5899);
#4857=AXIS2_PLACEMENT_3D('',#7162,#5900,#5901);
#4858=AXIS2_PLACEMENT_3D('',#7167,#5903,#5904);
#4859=AXIS2_PLACEMENT_3D('',#7170,#5906,#5907);
#4860=AXIS2_PLACEMENT_3D('',#7171,#5908,#5909);
#4861=AXIS2_PLACEMENT_3D('',#7176,#5911,#5912);
#4862=AXIS2_PLACEMENT_3D('',#7179,#5914,#5915);
#4863=AXIS2_PLACEMENT_3D('',#7180,#5916,#5917);
#4864=AXIS2_PLACEMENT_3D('',#7185,#5919,#5920);
#4865=AXIS2_PLACEMENT_3D('',#7188,#5922,#5923);
#4866=AXIS2_PLACEMENT_3D('',#7189,#5924,#5925);
#4867=AXIS2_PLACEMENT_3D('',#7194,#5927,#5928);
#4868=AXIS2_PLACEMENT_3D('',#7197,#5930,#5931);
#4869=AXIS2_PLACEMENT_3D('',#7211,#5941,#5942);
#4870=AXIS2_PLACEMENT_3D('',#7225,#5952,#5953);
#4871=AXIS2_PLACEMENT_3D('',#7227,#5955,#5956);
#4872=AXIS2_PLACEMENT_3D('',#7228,#5957,#5958);
#4873=AXIS2_PLACEMENT_3D('',#7230,#5960,#5961);
#4874=AXIS2_PLACEMENT_3D('',#7231,#5962,#5963);
#4875=AXIS2_PLACEMENT_3D('',#7232,#5964,#5965);
#4876=AXIS2_PLACEMENT_3D('',#7234,#5967,#5968);
#4877=AXIS2_PLACEMENT_3D('',#7235,#5969,#5970);
#4878=AXIS2_PLACEMENT_3D('',#7237,#5972,#5973);
#4879=AXIS2_PLACEMENT_3D('',#7238,#5974,#5975);
#4880=AXIS2_PLACEMENT_3D('',#7247,#5980,#5981);
#4881=AXIS2_PLACEMENT_3D('',#7251,#5983,#5984);
#4882=AXIS2_PLACEMENT_3D('',#7255,#5986,#5987);
#4883=AXIS2_PLACEMENT_3D('',#7259,#5989,#5990);
#4884=AXIS2_PLACEMENT_3D('',#7263,#5992,#5993);
#4885=AXIS2_PLACEMENT_3D('',#7264,#5994,#5995);
#4886=AXIS2_PLACEMENT_3D('',#7273,#6000,#6001);
#4887=AXIS2_PLACEMENT_3D('',#7282,#6006,#6007);
#4888=AXIS2_PLACEMENT_3D('',#7286,#6009,#6010);
#4889=AXIS2_PLACEMENT_3D('',#7291,#6013,#6014);
#4890=AXIS2_PLACEMENT_3D('',#7292,#6015,#6016);
#4891=AXIS2_PLACEMENT_3D('',#7295,#6018,#6019);
#4892=AXIS2_PLACEMENT_3D('',#7299,#6021,#6022);
#4893=AXIS2_PLACEMENT_3D('',#7302,#6024,#6025);
#4894=AXIS2_PLACEMENT_3D('',#7303,#6026,#6027);
#4895=AXIS2_PLACEMENT_3D('',#7304,#6028,#6029);
#4896=AXIS2_PLACEMENT_3D('',#7305,#6030,#6031);
#4897=AXIS2_PLACEMENT_3D('',#7306,#6032,#6033);
#4898=AXIS2_PLACEMENT_3D('',#7308,#6034,#6035);
#4899=AXIS2_PLACEMENT_3D('',#7309,#6036,#6037);
#4900=AXIS2_PLACEMENT_3D('',#7311,#6038,#6039);
#4901=AXIS2_PLACEMENT_3D('',#7312,#6040,#6041);
#4902=AXIS2_PLACEMENT_3D('',#7313,#6042,#6043);
#4903=AXIS2_PLACEMENT_3D('',#7314,#6044,#6045);
#4904=AXIS2_PLACEMENT_3D('',#7315,#6046,#6047);
#4905=AXIS2_PLACEMENT_3D('',#7316,#6048,#6049);
#4906=AXIS2_PLACEMENT_3D('',#7317,#6050,#6051);
#4907=AXIS2_PLACEMENT_3D('',#7318,#6052,#6053);
#4908=AXIS2_PLACEMENT_3D('',#7319,#6054,#6055);
#4909=AXIS2_PLACEMENT_3D('',#7320,#6056,#6057);
#4910=AXIS2_PLACEMENT_3D('',#7321,#6058,#6059);
#4911=AXIS2_PLACEMENT_3D('',#7322,#6060,#6061);
#4912=AXIS2_PLACEMENT_3D('',#7324,#6062,#6063);
#4913=AXIS2_PLACEMENT_3D('',#7325,#6064,#6065);
#4914=AXIS2_PLACEMENT_3D('',#7327,#6066,#6067);
#4915=AXIS2_PLACEMENT_3D('',#7328,#6068,#6069);
#4916=AXIS2_PLACEMENT_3D('',#7329,#6070,#6071);
#4917=AXIS2_PLACEMENT_3D('',#7330,#6072,#6073);
#4918=AXIS2_PLACEMENT_3D('',#7331,#6074,#6075);
#4919=AXIS2_PLACEMENT_3D('',#7350,#6076,#6077);
#4920=AXIS2_PLACEMENT_3D('',#7351,#6078,#6079);
#4921=AXIS2_PLACEMENT_3D('',#7352,#6080,#6081);
#4922=AXIS2_PLACEMENT_3D('',#7353,#6082,#6083);
#4923=AXIS2_PLACEMENT_3D('',#7354,#6084,#6085);
#4924=AXIS2_PLACEMENT_3D('',#7355,#6086,#6087);
#4925=AXIS2_PLACEMENT_3D('',#7374,#6088,#6089);
#4926=AXIS2_PLACEMENT_3D('',#7393,#6090,#6091);
#4927=AXIS2_PLACEMENT_3D('',#7394,#6092,#6093);
#4928=AXIS2_PLACEMENT_3D('',#7395,#6094,#6095);
#4929=AXIS2_PLACEMENT_3D('',#7396,#6096,#6097);
#4930=AXIS2_PLACEMENT_3D('',#7397,#6098,#6099);
#4931=AXIS2_PLACEMENT_3D('',#7398,#6100,#6101);
#4932=AXIS2_PLACEMENT_3D('',#7417,#6102,#6103);
#4933=AXIS2_PLACEMENT_3D('',#7418,#6104,#6105);
#4934=AXIS2_PLACEMENT_3D('',#7419,#6106,#6107);
#4935=AXIS2_PLACEMENT_3D('',#7420,#6108,#6109);
#4936=AXIS2_PLACEMENT_3D('',#7421,#6110,#6111);
#4937=DIRECTION('',(0.,0.,1.));
#4938=DIRECTION('',(1.,0.,0.));
#4939=DIRECTION('',(-0.54242762321239,0.,-0.84010253753703));
#4940=DIRECTION('',(-0.841429178013599,0.,0.540367410552634));
#4941=DIRECTION('',(0.542427623212389,0.,0.840102537537031));
#4942=DIRECTION('',(0.840102537537031,0.,-0.542427623212389));
#4943=DIRECTION('',(0.,-1.,0.));
#4944=DIRECTION('',(0.,0.,-1.));
#4945=DIRECTION('',(-0.54242762321239,0.,-0.84010253753703));
#4946=DIRECTION('',(0.840102537537031,0.,-0.542427623212389));
#4947=DIRECTION('',(0.542427623212389,0.,0.840102537537031));
#4948=DIRECTION('',(-0.841429178013599,0.,0.540367410552634));
#4949=DIRECTION('',(0.,-1.,0.));
#4950=DIRECTION('',(0.,0.,-1.));
#4951=DIRECTION('',(0.,1.,0.));
#4952=DIRECTION('',(0.,1.,0.));
#4953=DIRECTION('',(-0.540367410552634,0.,-0.841429178013599));
#4954=DIRECTION('',(-0.841429178013599,0.,0.540367410552634));
#4955=DIRECTION('',(0.,1.,0.));
#4956=DIRECTION('',(-0.840102537537031,0.,0.542427623212388));
#4957=DIRECTION('',(0.542427623212389,0.,0.840102537537031));
#4958=DIRECTION('',(0.,1.,0.));
#4959=DIRECTION('',(0.542427623212389,0.,0.840102537537031));
#4960=DIRECTION('',(0.840102537537031,0.,-0.542427623212389));
#4961=DIRECTION('',(0.84010253753703,0.,-0.54242762321239));
#4962=DIRECTION('',(-0.54242762321239,0.,-0.84010253753703));
#4963=DIRECTION('',(-0.542427623212389,0.,-0.840102537537031));
#4964=DIRECTION('',(-0.840102537537031,0.,0.54242762321239));
#4965=DIRECTION('',(0.542427623212389,0.,0.840102537537031));
#4966=DIRECTION('',(0.840102537537031,0.,-0.542427623212389));
#4967=DIRECTION('',(0.,-1.,0.));
#4968=DIRECTION('',(0.,0.,-1.));
#4969=DIRECTION('',(-0.542427623212389,0.,-0.840102537537031));
#4970=DIRECTION('',(0.840102537537031,0.,-0.542427623212389));
#4971=DIRECTION('',(0.542427623212389,0.,0.840102537537031));
#4972=DIRECTION('',(-0.840102537537031,0.,0.54242762321239));
#4973=DIRECTION('',(0.,-1.,0.));
#4974=DIRECTION('',(0.,0.,-1.));
#4975=DIRECTION('',(0.,1.,0.));
#4976=DIRECTION('',(0.,1.,0.));
#4977=DIRECTION('',(-0.54242762321239,0.,-0.840102537537031));
#4978=DIRECTION('',(-0.840102537537031,0.,0.54242762321239));
#4979=DIRECTION('',(0.,1.,0.));
#4980=DIRECTION('',(-0.840102537537031,0.,0.542427623212389));
#4981=DIRECTION('',(0.542427623212389,0.,0.840102537537031));
#4982=DIRECTION('',(0.,1.,0.));
#4983=DIRECTION('',(0.542427623212389,0.,0.840102537537031));
#4984=DIRECTION('',(0.840102537537031,0.,-0.542427623212389));
#4985=DIRECTION('',(0.840102537537031,0.,-0.542427623212389));
#4986=DIRECTION('',(-0.542427623212389,0.,-0.840102537537031));
#4987=DIRECTION('',(-0.544639035015031,0.,-0.838670567945422));
#4988=DIRECTION('',(-0.813203036556366,0.,0.581980086717325));
#4989=DIRECTION('',(0.544639035015034,0.,0.83867056794542));
#4990=DIRECTION('',(0.83867056794542,0.,-0.544639035015033));
#4991=DIRECTION('',(0.,-1.,0.));
#4992=DIRECTION('',(0.,0.,-1.));
#4993=DIRECTION('',(-0.544639035015031,0.,-0.838670567945422));
#4994=DIRECTION('',(0.83867056794542,0.,-0.544639035015033));
#4995=DIRECTION('',(0.544639035015034,0.,0.83867056794542));
#4996=DIRECTION('',(-0.813203036556366,0.,0.581980086717325));
#4997=DIRECTION('',(0.,-1.,0.));
#4998=DIRECTION('',(0.,0.,-1.));
#4999=DIRECTION('',(0.,1.,0.));
#5000=DIRECTION('',(0.,1.,0.));
#5001=DIRECTION('',(-0.581980086717325,0.,-0.813203036556366));
#5002=DIRECTION('',(-0.813203036556366,0.,0.581980086717325));
#5003=DIRECTION('',(0.,1.,0.));
#5004=DIRECTION('',(-0.83867056794542,0.,0.544639035015034));
#5005=DIRECTION('',(0.544639035015034,0.,0.83867056794542));
#5006=DIRECTION('',(0.,1.,0.));
#5007=DIRECTION('',(0.544639035015033,0.,0.83867056794542));
#5008=DIRECTION('',(0.83867056794542,0.,-0.544639035015033));
#5009=DIRECTION('',(0.838670567945421,0.,-0.544639035015031));
#5010=DIRECTION('',(-0.544639035015031,0.,-0.838670567945422));
#5011=DIRECTION('',(-0.54242762321239,0.,-0.84010253753703));
#5012=DIRECTION('',(-0.836858999800545,0.,0.547418500283679));
#5013=DIRECTION('',(0.542427623212383,0.,0.840102537537035));
#5014=DIRECTION('',(0.840102537537031,0.,-0.542427623212389));
#5015=DIRECTION('',(0.,-1.,0.));
#5016=DIRECTION('',(0.,0.,-1.));
#5017=DIRECTION('',(-0.54242762321239,0.,-0.84010253753703));
#5018=DIRECTION('',(0.840102537537031,0.,-0.542427623212389));
#5019=DIRECTION('',(0.542427623212383,0.,0.840102537537035));
#5020=DIRECTION('',(-0.836858999800545,0.,0.547418500283679));
#5021=DIRECTION('',(0.,-1.,0.));
#5022=DIRECTION('',(0.,0.,-1.));
#5023=DIRECTION('',(0.,1.,0.));
#5024=DIRECTION('',(0.,1.,0.));
#5025=DIRECTION('',(-0.547418500283678,0.,-0.836858999800545));
#5026=DIRECTION('',(-0.836858999800545,0.,0.547418500283678));
#5027=DIRECTION('',(0.,1.,0.));
#5028=DIRECTION('',(-0.840102537537035,0.,0.542427623212383));
#5029=DIRECTION('',(0.542427623212383,0.,0.840102537537035));
#5030=DIRECTION('',(0.,1.,0.));
#5031=DIRECTION('',(0.542427623212389,0.,0.840102537537031));
#5032=DIRECTION('',(0.840102537537031,0.,-0.542427623212389));
#5033=DIRECTION('',(0.84010253753703,0.,-0.54242762321239));
#5034=DIRECTION('',(-0.54242762321239,0.,-0.84010253753703));
#5035=DIRECTION('',(-0.581980086717327,0.,-0.813203036556365));
#5036=DIRECTION('',(-0.818624361875027,0.,0.574329308101811));
#5037=DIRECTION('',(0.581980086717326,0.,0.813203036556365));
#5038=DIRECTION('',(0.813203036556364,0.,-0.581980086717329));
#5039=DIRECTION('',(0.,-1.,0.));
#5040=DIRECTION('',(0.,0.,-1.));
#5041=DIRECTION('',(-0.581980086717327,0.,-0.813203036556365));
#5042=DIRECTION('',(0.813203036556364,0.,-0.581980086717329));
#5043=DIRECTION('',(0.581980086717326,0.,0.813203036556365));
#5044=DIRECTION('',(-0.818624361875027,0.,0.574329308101811));
#5045=DIRECTION('',(0.,-1.,0.));
#5046=DIRECTION('',(0.,0.,-1.));
#5047=DIRECTION('',(0.,1.,0.));
#5048=DIRECTION('',(0.,1.,0.));
#5049=DIRECTION('',(-0.574329308101811,0.,-0.818624361875027));
#5050=DIRECTION('',(-0.818624361875027,0.,0.574329308101811));
#5051=DIRECTION('',(0.,1.,0.));
#5052=DIRECTION('',(-0.813203036556365,0.,0.581980086717326));
#5053=DIRECTION('',(0.581980086717326,0.,0.813203036556366));
#5054=DIRECTION('',(0.,1.,0.));
#5055=DIRECTION('',(0.581980086717329,0.,0.813203036556364));
#5056=DIRECTION('',(0.813203036556364,0.,-0.581980086717329));
#5057=DIRECTION('',(0.813203036556365,0.,-0.581980086717327));
#5058=DIRECTION('',(-0.581980086717327,0.,-0.813203036556365));
#5059=DIRECTION('',(-0.544639035015032,0.,-0.838670567945421));
#5060=DIRECTION('',(-0.828243686605023,0.,0.560368089383148));
#5061=DIRECTION('',(0.544639035015026,0.,0.838670567945425));
#5062=DIRECTION('',(0.838670567945421,0.,-0.544639035015031));
#5063=DIRECTION('',(0.,-1.,0.));
#5064=DIRECTION('',(0.,0.,-1.));
#5065=DIRECTION('',(-0.544639035015032,0.,-0.838670567945421));
#5066=DIRECTION('',(0.838670567945421,0.,-0.544639035015031));
#5067=DIRECTION('',(0.544639035015026,0.,0.838670567945425));
#5068=DIRECTION('',(-0.828243686605023,0.,0.560368089383148));
#5069=DIRECTION('',(0.,-1.,0.));
#5070=DIRECTION('',(0.,0.,-1.));
#5071=DIRECTION('',(0.,1.,0.));
#5072=DIRECTION('',(0.,1.,0.));
#5073=DIRECTION('',(-0.560368089383148,0.,-0.828243686605023));
#5074=DIRECTION('',(-0.828243686605023,0.,0.560368089383148));
#5075=DIRECTION('',(0.,1.,0.));
#5076=DIRECTION('',(-0.838670567945425,0.,0.544639035015026));
#5077=DIRECTION('',(0.544639035015026,0.,0.838670567945425));
#5078=DIRECTION('',(0.,1.,0.));
#5079=DIRECTION('',(0.544639035015031,0.,0.838670567945421));
#5080=DIRECTION('',(0.838670567945422,0.,-0.544639035015031));
#5081=DIRECTION('',(0.838670567945421,0.,-0.544639035015032));
#5082=DIRECTION('',(-0.544639035015032,0.,-0.838670567945421));
#5083=DIRECTION('',(-0.581980086717326,0.,-0.813203036556365));
#5084=DIRECTION('',(-0.825639112282385,0.,0.564198596479604));
#5085=DIRECTION('',(0.581980086717318,0.,0.813203036556371));
#5086=DIRECTION('',(0.813203036556367,0.,-0.581980086717324));
#5087=DIRECTION('',(0.,-1.,0.));
#5088=DIRECTION('',(0.,0.,-1.));
#5089=DIRECTION('',(-0.581980086717326,0.,-0.813203036556365));
#5090=DIRECTION('',(0.813203036556367,0.,-0.581980086717324));
#5091=DIRECTION('',(0.581980086717318,0.,0.813203036556371));
#5092=DIRECTION('',(-0.825639112282385,0.,0.564198596479604));
#5093=DIRECTION('',(0.,-1.,0.));
#5094=DIRECTION('',(0.,0.,-1.));
#5095=DIRECTION('',(0.,1.,0.));
#5096=DIRECTION('',(0.,1.,0.));
#5097=DIRECTION('',(-0.564198596479604,0.,-0.825639112282385));
#5098=DIRECTION('',(-0.825639112282385,0.,0.564198596479604));
#5099=DIRECTION('',(0.,1.,0.));
#5100=DIRECTION('',(-0.813203036556371,0.,0.581980086717318));
#5101=DIRECTION('',(0.581980086717318,0.,0.813203036556371));
#5102=DIRECTION('',(0.,1.,0.));
#5103=DIRECTION('',(0.581980086717324,0.,0.813203036556367));
#5104=DIRECTION('',(0.813203036556367,0.,-0.581980086717324));
#5105=DIRECTION('',(0.813203036556365,0.,-0.581980086717326));
#5106=DIRECTION('',(-0.581980086717326,0.,-0.813203036556366));
#5107=DIRECTION('',(-0.560368089383147,0.,-0.828243686605024));
#5108=DIRECTION('',(-0.826752567276847,0.,0.562565722828136));
#5109=DIRECTION('',(0.560368089383146,0.,0.828243686605025));
#5110=DIRECTION('',(0.828243686605023,0.,-0.560368089383148));
#5111=DIRECTION('',(0.,-1.,0.));
#5112=DIRECTION('',(0.,0.,-1.));
#5113=DIRECTION('',(-0.560368089383147,0.,-0.828243686605024));
#5114=DIRECTION('',(0.828243686605023,0.,-0.560368089383148));
#5115=DIRECTION('',(0.560368089383146,0.,0.828243686605025));
#5116=DIRECTION('',(-0.826752567276847,0.,0.562565722828136));
#5117=DIRECTION('',(0.,-1.,0.));
#5118=DIRECTION('',(0.,0.,-1.));
#5119=DIRECTION('',(0.,1.,0.));
#5120=DIRECTION('',(0.,1.,0.));
#5121=DIRECTION('',(-0.562565722828136,0.,-0.826752567276847));
#5122=DIRECTION('',(-0.826752567276847,0.,0.562565722828136));
#5123=DIRECTION('',(0.,1.,0.));
#5124=DIRECTION('',(-0.828243686605025,0.,0.560368089383146));
#5125=DIRECTION('',(0.560368089383146,0.,0.828243686605025));
#5126=DIRECTION('',(0.,1.,0.));
#5127=DIRECTION('',(0.560368089383148,0.,0.828243686605023));
#5128=DIRECTION('',(0.828243686605023,0.,-0.560368089383148));
#5129=DIRECTION('',(0.828243686605024,0.,-0.560368089383147));
#5130=DIRECTION('',(-0.560368089383147,0.,-0.828243686605024));
#5131=DIRECTION('',(-0.681998360062507,0.,-0.731353701619162));
#5132=DIRECTION('',(-0.739907317059166,0.,0.672708824204281));
#5133=DIRECTION('',(0.670599898797128,0.,0.741819233865826));
#5134=DIRECTION('',(0.741819233865812,0.,-0.670599898797144));
#5135=DIRECTION('',(0.,1.,0.));
#5136=DIRECTION('',(0.,0.,1.));
#5137=DIRECTION('',(-0.681998360062507,0.,-0.731353701619162));
#5138=DIRECTION('',(0.741819233865812,0.,-0.670599898797144));
#5139=DIRECTION('',(0.670599898797128,0.,0.741819233865826));
#5140=DIRECTION('',(-0.739907317059166,0.,0.672708824204281));
#5141=DIRECTION('',(0.,1.,0.));
#5142=DIRECTION('',(0.,0.,1.));
#5143=DIRECTION('',(0.,1.,0.));
#5144=DIRECTION('',(0.,1.,0.));
#5145=DIRECTION('',(-0.672708824204281,0.,-0.739907317059166));
#5146=DIRECTION('',(-0.739907317059166,0.,0.672708824204281));
#5147=DIRECTION('',(0.,1.,0.));
#5148=DIRECTION('',(-0.741819233865826,0.,0.670599898797128));
#5149=DIRECTION('',(0.670599898797128,0.,0.741819233865826));
#5150=DIRECTION('',(0.,1.,0.));
#5151=DIRECTION('',(0.670599898797144,0.,0.741819233865812));
#5152=DIRECTION('',(0.741819233865812,0.,-0.670599898797144));
#5153=DIRECTION('',(0.731353701619162,0.,-0.681998360062507));
#5154=DIRECTION('',(-0.681998360062508,0.,-0.731353701619162));
#5155=DIRECTION('',(-0.560368089383147,0.,-0.828243686605024));
#5156=DIRECTION('',(-0.810448131869802,0.,0.585810400683317));
#5157=DIRECTION('',(0.560368089383148,0.,0.828243686605024));
#5158=DIRECTION('',(0.828243686605024,0.,-0.560368089383148));
#5159=DIRECTION('',(0.,-1.,0.));
#5160=DIRECTION('',(0.,0.,-1.));
#5161=DIRECTION('',(-0.560368089383147,0.,-0.828243686605024));
#5162=DIRECTION('',(0.828243686605024,0.,-0.560368089383148));
#5163=DIRECTION('',(0.560368089383148,0.,0.828243686605024));
#5164=DIRECTION('',(-0.810448131869802,0.,0.585810400683317));
#5165=DIRECTION('',(0.,-1.,0.));
#5166=DIRECTION('',(0.,0.,-1.));
#5167=DIRECTION('',(0.,1.,0.));
#5168=DIRECTION('',(0.,1.,0.));
#5169=DIRECTION('',(-0.585810400683317,0.,-0.810448131869802));
#5170=DIRECTION('',(-0.810448131869802,0.,0.585810400683317));
#5171=DIRECTION('',(0.,1.,0.));
#5172=DIRECTION('',(-0.828243686605024,0.,0.560368089383148));
#5173=DIRECTION('',(0.560368089383148,0.,0.828243686605024));
#5174=DIRECTION('',(0.,1.,0.));
#5175=DIRECTION('',(0.560368089383148,0.,0.828243686605024));
#5176=DIRECTION('',(0.828243686605024,0.,-0.560368089383148));
#5177=DIRECTION('',(0.828243686605024,0.,-0.560368089383147));
#5178=DIRECTION('',(-0.560368089383147,0.,-0.828243686605024));
#5179=DIRECTION('',(-0.560368089383204,0.,-0.828243686604985));
#5180=DIRECTION('',(-0.741819233865812,0.,0.670599898797144));
#5181=DIRECTION('',(0.672708824204291,0.,0.739907317059157));
#5182=DIRECTION('',(0.742627864788119,0.,-0.669704303734297));
#5183=DIRECTION('',(0.,-1.,0.));
#5184=DIRECTION('',(0.,0.,-1.));
#5185=DIRECTION('',(-0.560368089383204,0.,-0.828243686604985));
#5186=DIRECTION('',(0.742627864788119,0.,-0.669704303734297));
#5187=DIRECTION('',(0.672708824204291,0.,0.739907317059157));
#5188=DIRECTION('',(-0.741819233865812,0.,0.670599898797144));
#5189=DIRECTION('',(0.,-1.,0.));
#5190=DIRECTION('',(0.,0.,-1.));
#5191=DIRECTION('',(0.,1.,0.));
#5192=DIRECTION('',(0.,1.,0.));
#5193=DIRECTION('',(-0.670599898797144,0.,-0.741819233865812));
#5194=DIRECTION('',(-0.741819233865812,0.,0.670599898797144));
#5195=DIRECTION('',(0.,1.,0.));
#5196=DIRECTION('',(-0.739907317059157,0.,0.672708824204291));
#5197=DIRECTION('',(0.672708824204291,0.,0.739907317059157));
#5198=DIRECTION('',(0.,1.,0.));
#5199=DIRECTION('',(0.669704303734297,0.,0.742627864788119));
#5200=DIRECTION('',(0.742627864788119,0.,-0.669704303734297));
#5201=DIRECTION('',(0.828243686604985,0.,-0.560368089383204));
#5202=DIRECTION('',(-0.560368089383204,0.,-0.828243686604985));
#5203=DIRECTION('',(-0.581980086717303,0.,-0.813203036556382));
#5204=DIRECTION('',(-0.740100087515756,0.,0.672496736392951));
#5205=DIRECTION('',(0.719339800338674,0.,0.694658370458974));
#5206=DIRECTION('',(0.741819233865812,0.,-0.670599898797144));
#5207=DIRECTION('',(0.,-1.,0.));
#5208=DIRECTION('',(0.,0.,-1.));
#5209=DIRECTION('',(-0.581980086717303,0.,-0.813203036556382));
#5210=DIRECTION('',(0.741819233865812,0.,-0.670599898797144));
#5211=DIRECTION('',(0.719339800338674,0.,0.694658370458974));
#5212=DIRECTION('',(-0.740100087515756,0.,0.672496736392951));
#5213=DIRECTION('',(0.,-1.,0.));
#5214=DIRECTION('',(0.,0.,-1.));
#5215=DIRECTION('',(0.,1.,0.));
#5216=DIRECTION('',(0.,1.,0.));
#5217=DIRECTION('',(-0.672496736392951,0.,-0.740100087515756));
#5218=DIRECTION('',(-0.740100087515756,0.,0.672496736392951));
#5219=DIRECTION('',(0.,1.,0.));
#5220=DIRECTION('',(-0.694658370458974,0.,0.719339800338674));
#5221=DIRECTION('',(0.719339800338674,0.,0.694658370458974));
#5222=DIRECTION('',(0.,1.,0.));
#5223=DIRECTION('',(0.670599898797144,0.,0.741819233865812));
#5224=DIRECTION('',(0.741819233865812,0.,-0.670599898797144));
#5225=DIRECTION('',(0.813203036556382,0.,-0.581980086717303));
#5226=DIRECTION('',(-0.581980086717303,0.,-0.813203036556382));
#5227=DIRECTION('',(1.,0.,0.));
#5228=DIRECTION('',(0.,-1.,0.));
#5229=DIRECTION('',(1.,0.,0.));
#5230=DIRECTION('',(0.,0.,-1.));
#5231=DIRECTION('',(0.,1.,0.));
#5232=DIRECTION('',(1.,0.,0.));
#5233=DIRECTION('',(0.,-1.,0.));
#5234=DIRECTION('',(0.,0.,-1.));
#5235=DIRECTION('',(1.,0.,0.));
#5236=DIRECTION('',(0.,1.,0.));
#5237=DIRECTION('',(1.,0.,0.));
#5238=DIRECTION('',(0.,0.,-1.));
#5239=DIRECTION('',(0.,-1.,0.));
#5240=DIRECTION('',(1.,0.,0.));
#5241=DIRECTION('',(0.,-1.,0.));
#5242=DIRECTION('',(0.,0.,-1.));
#5243=DIRECTION('',(0.,1.,0.));
#5244=DIRECTION('',(0.,1.,0.));
#5245=DIRECTION('',(0.,1.,0.));
#5246=DIRECTION('',(0.,0.,1.));
#5247=DIRECTION('',(0.,1.,0.));
#5248=DIRECTION('',(1.,0.,0.));
#5249=DIRECTION('',(0.,0.,-1.));
#5250=DIRECTION('',(0.,1.,0.));
#5251=DIRECTION('',(0.,1.,0.));
#5252=DIRECTION('',(0.,0.,1.));
#5253=DIRECTION('',(0.,0.,1.));
#5254=DIRECTION('',(1.,0.,0.));
#5255=DIRECTION('',(1.,0.,0.));
#5256=DIRECTION('',(0.,-1.,0.));
#5257=DIRECTION('',(1.,0.,0.));
#5258=DIRECTION('',(0.672672793996296,0.,-0.739940073395958));
#5259=DIRECTION('',(0.,1.,0.));
#5260=DIRECTION('',(1.,0.,0.));
#5261=DIRECTION('',(0.,-1.,0.));
#5262=DIRECTION('',(0.,0.,-1.));
#5263=DIRECTION('',(1.,0.,0.));
#5264=DIRECTION('',(0.,1.,0.));
#5265=DIRECTION('',(1.,0.,0.));
#5266=DIRECTION('',(0.672672793996296,0.,-0.739940073395958));
#5267=DIRECTION('',(0.,-1.,0.));
#5268=DIRECTION('',(1.,0.,0.));
#5269=DIRECTION('',(0.,-1.,0.));
#5270=DIRECTION('',(0.,0.,-1.));
#5271=DIRECTION('',(0.,1.,0.));
#5272=DIRECTION('',(0.,1.,0.));
#5273=DIRECTION('',(0.,1.,0.));
#5274=DIRECTION('',(0.,0.,1.));
#5275=DIRECTION('',(0.,1.,0.));
#5276=DIRECTION('',(0.739940073395958,0.,0.672672793996296));
#5277=DIRECTION('',(0.672672793996296,0.,-0.739940073395958));
#5278=DIRECTION('',(0.,1.,0.));
#5279=DIRECTION('',(0.,1.,0.));
#5280=DIRECTION('',(0.,0.,1.));
#5281=DIRECTION('',(0.,0.,1.));
#5282=DIRECTION('',(1.,0.,0.));
#5283=DIRECTION('',(1.,0.,0.));
#5284=DIRECTION('',(0.,-1.,0.));
#5285=DIRECTION('',(1.,0.,0.));
#5286=DIRECTION('',(0.,0.,-1.));
#5287=DIRECTION('',(0.,1.,0.));
#5288=DIRECTION('',(1.,0.,0.));
#5289=DIRECTION('',(0.,-1.,0.));
#5290=DIRECTION('',(0.,0.,-1.));
#5291=DIRECTION('',(1.,0.,0.));
#5292=DIRECTION('',(0.,1.,0.));
#5293=DIRECTION('',(1.,0.,0.));
#5294=DIRECTION('',(0.,0.,-1.));
#5295=DIRECTION('',(0.,-1.,0.));
#5296=DIRECTION('',(1.,0.,0.));
#5297=DIRECTION('',(0.,-1.,0.));
#5298=DIRECTION('',(0.,0.,-1.));
#5299=DIRECTION('',(0.,1.,0.));
#5300=DIRECTION('',(0.,1.,0.));
#5301=DIRECTION('',(0.,1.,0.));
#5302=DIRECTION('',(0.,0.,1.));
#5303=DIRECTION('',(0.,1.,0.));
#5304=DIRECTION('',(1.,0.,0.));
#5305=DIRECTION('',(0.,0.,-1.));
#5306=DIRECTION('',(0.,1.,0.));
#5307=DIRECTION('',(0.,1.,0.));
#5308=DIRECTION('',(0.,0.,0.999999999999999));
#5309=DIRECTION('',(0.,0.,1.));
#5310=DIRECTION('',(1.,0.,0.));
#5311=DIRECTION('',(-0.670599898797143,0.,-0.741819233865813));
#5312=DIRECTION('',(-0.742627864788119,0.,0.669704303734296));
#5313=DIRECTION('',(0.7141891972233,0.,0.699952705952009));
#5314=DIRECTION('',(-0.741819233865822,0.,0.670599898797133));
#5315=DIRECTION('',(-0.67059989879714,0.,-0.741819233865816));
#5316=DIRECTION('',(-0.741819233865812,0.,0.670599898797144));
#5317=DIRECTION('',(0.670599898797137,0.,0.741819233865818));
#5318=DIRECTION('',(-0.741819233865816,0.,0.670599898797139));
#5319=DIRECTION('',(-0.670599898797143,0.,-0.741819233865812));
#5320=DIRECTION('',(-0.741819233865812,0.,0.670599898797144));
#5321=DIRECTION('',(0.670599898797145,0.,0.741819233865811));
#5322=DIRECTION('',(0.741819233865813,0.,-0.670599898797143));
#5323=DIRECTION('',(-0.670599898797145,0.,-0.741819233865811));
#5324=DIRECTION('',(0.741819233865812,0.,-0.670599898797144));
#5325=DIRECTION('',(0.670599898797146,0.,0.741819233865811));
#5326=DIRECTION('',(0.741819233865815,0.,-0.67059989879714));
#5327=DIRECTION('',(0.670599898797141,0.,0.741819233865814));
#5328=DIRECTION('',(0.741819233865811,0.,-0.670599898797145));
#5329=DIRECTION('',(-0.670599898797135,0.,-0.74181923386582));
#5330=DIRECTION('',(0.741819233865818,0.,-0.670599898797137));
#5331=DIRECTION('',(-0.670599898797144,0.,-0.741819233865812));
#5332=DIRECTION('',(0.741819233865812,0.,-0.670599898797144));
#5333=DIRECTION('',(0.670599898797144,0.,0.741819233865812));
#5334=DIRECTION('',(0.741819233865811,0.,-0.670599898797145));
#5335=DIRECTION('',(0.,-1.,0.));
#5336=DIRECTION('',(0.,0.,-1.));
#5337=DIRECTION('',(-0.670599898797143,0.,-0.741819233865813));
#5338=DIRECTION('',(0.741819233865811,0.,-0.670599898797145));
#5339=DIRECTION('',(0.670599898797144,0.,0.741819233865812));
#5340=DIRECTION('',(0.741819233865812,0.,-0.670599898797144));
#5341=DIRECTION('',(-0.670599898797144,0.,-0.741819233865812));
#5342=DIRECTION('',(0.741819233865818,0.,-0.670599898797137));
#5343=DIRECTION('',(-0.670599898797135,0.,-0.74181923386582));
#5344=DIRECTION('',(0.741819233865811,0.,-0.670599898797145));
#5345=DIRECTION('',(0.670599898797141,0.,0.741819233865814));
#5346=DIRECTION('',(0.741819233865815,0.,-0.67059989879714));
#5347=DIRECTION('',(0.670599898797146,0.,0.741819233865811));
#5348=DIRECTION('',(0.741819233865812,0.,-0.670599898797144));
#5349=DIRECTION('',(-0.670599898797145,0.,-0.741819233865811));
#5350=DIRECTION('',(0.741819233865813,0.,-0.670599898797143));
#5351=DIRECTION('',(0.670599898797145,0.,0.741819233865811));
#5352=DIRECTION('',(-0.741819233865812,0.,0.670599898797144));
#5353=DIRECTION('',(-0.670599898797143,0.,-0.741819233865812));
#5354=DIRECTION('',(-0.741819233865816,0.,0.670599898797139));
#5355=DIRECTION('',(0.670599898797137,0.,0.741819233865818));
#5356=DIRECTION('',(-0.741819233865812,0.,0.670599898797144));
#5357=DIRECTION('',(-0.67059989879714,0.,-0.741819233865816));
#5358=DIRECTION('',(-0.741819233865822,0.,0.670599898797133));
#5359=DIRECTION('',(0.7141891972233,0.,0.699952705952009));
#5360=DIRECTION('',(-0.742627864788119,0.,0.669704303734296));
#5361=DIRECTION('',(0.,-1.,0.));
#5362=DIRECTION('',(0.,0.,-1.));
#5363=DIRECTION('',(0.,1.,0.));
#5364=DIRECTION('',(0.,1.,0.));
#5365=DIRECTION('',(-0.669704303734296,0.,-0.742627864788119));
#5366=DIRECTION('',(-0.742627864788119,0.,0.669704303734296));
#5367=DIRECTION('',(0.,1.,0.));
#5368=DIRECTION('',(-0.699952705952009,0.,0.714189197223299));
#5369=DIRECTION('',(0.7141891972233,0.,0.699952705952009));
#5370=DIRECTION('',(0.,1.,0.));
#5371=DIRECTION('',(-0.670599898797133,0.,-0.741819233865822));
#5372=DIRECTION('',(-0.741819233865822,0.,0.670599898797133));
#5373=DIRECTION('',(0.,1.,0.));
#5374=DIRECTION('',(0.741819233865816,0.,-0.67059989879714));
#5375=DIRECTION('',(-0.67059989879714,0.,-0.741819233865816));
#5376=DIRECTION('',(0.,1.,0.));
#5377=DIRECTION('',(-0.670599898797144,0.,-0.741819233865812));
#5378=DIRECTION('',(-0.741819233865812,0.,0.670599898797144));
#5379=DIRECTION('',(0.,1.,0.));
#5380=DIRECTION('',(-0.741819233865818,0.,0.670599898797137));
#5381=DIRECTION('',(0.670599898797137,0.,0.741819233865818));
#5382=DIRECTION('',(0.,1.,0.));
#5383=DIRECTION('',(-0.670599898797139,0.,-0.741819233865816));
#5384=DIRECTION('',(-0.741819233865816,0.,0.670599898797139));
#5385=DIRECTION('',(0.,1.,0.));
#5386=DIRECTION('',(0.741819233865812,0.,-0.670599898797144));
#5387=DIRECTION('',(-0.670599898797144,0.,-0.741819233865812));
#5388=DIRECTION('',(0.,1.,0.));
#5389=DIRECTION('',(-0.670599898797144,0.,-0.741819233865812));
#5390=DIRECTION('',(-0.741819233865812,0.,0.670599898797144));
#5391=DIRECTION('',(0.,1.,0.));
#5392=DIRECTION('',(-0.741819233865811,0.,0.670599898797145));
#5393=DIRECTION('',(0.670599898797145,0.,0.741819233865811));
#5394=DIRECTION('',(0.,1.,0.));
#5395=DIRECTION('',(0.670599898797143,0.,0.741819233865813));
#5396=DIRECTION('',(0.741819233865813,0.,-0.670599898797143));
#5397=DIRECTION('',(0.,1.,0.));
#5398=DIRECTION('',(0.741819233865811,0.,-0.670599898797145));
#5399=DIRECTION('',(-0.670599898797145,0.,-0.741819233865811));
#5400=DIRECTION('',(0.,1.,0.));
#5401=DIRECTION('',(0.670599898797144,0.,0.741819233865812));
#5402=DIRECTION('',(0.741819233865812,0.,-0.670599898797144));
#5403=DIRECTION('',(0.,1.,0.));
#5404=DIRECTION('',(-0.741819233865811,0.,0.670599898797146));
#5405=DIRECTION('',(0.670599898797146,0.,0.741819233865811));
#5406=DIRECTION('',(0.,1.,0.));
#5407=DIRECTION('',(0.67059989879714,0.,0.741819233865815));
#5408=DIRECTION('',(0.741819233865815,0.,-0.67059989879714));
#5409=DIRECTION('',(0.,1.,0.));
#5410=DIRECTION('',(-0.741819233865814,0.,0.670599898797141));
#5411=DIRECTION('',(0.670599898797141,0.,0.741819233865814));
#5412=DIRECTION('',(0.,1.,0.));
#5413=DIRECTION('',(0.670599898797145,0.,0.741819233865811));
#5414=DIRECTION('',(0.741819233865811,0.,-0.670599898797145));
#5415=DIRECTION('',(0.,1.,0.));
#5416=DIRECTION('',(0.74181923386582,0.,-0.670599898797135));
#5417=DIRECTION('',(-0.670599898797135,0.,-0.74181923386582));
#5418=DIRECTION('',(0.,1.,0.));
#5419=DIRECTION('',(0.670599898797137,0.,0.741819233865818));
#5420=DIRECTION('',(0.741819233865818,0.,-0.670599898797137));
#5421=DIRECTION('',(0.,1.,0.));
#5422=DIRECTION('',(0.741819233865812,0.,-0.670599898797144));
#5423=DIRECTION('',(-0.670599898797144,0.,-0.741819233865812));
#5424=DIRECTION('',(0.,1.,0.));
#5425=DIRECTION('',(0.670599898797144,0.,0.741819233865812));
#5426=DIRECTION('',(0.741819233865812,0.,-0.670599898797144));
#5427=DIRECTION('',(0.,1.,0.));
#5428=DIRECTION('',(-0.741819233865812,0.,0.670599898797144));
#5429=DIRECTION('',(0.670599898797144,0.,0.741819233865812));
#5430=DIRECTION('',(0.,1.,0.));
#5431=DIRECTION('',(0.670599898797145,0.,0.741819233865811));
#5432=DIRECTION('',(0.741819233865811,0.,-0.670599898797145));
#5433=DIRECTION('',(0.741819233865813,0.,-0.670599898797143));
#5434=DIRECTION('',(-0.670599898797143,0.,-0.741819233865813));
#5435=DIRECTION('',(-0.920504853452439,0.,-0.390731128489276));
#5436=DIRECTION('',(-0.734174202682074,0.,0.678961147722122));
#5437=DIRECTION('',(1.,0.,0.));
#5438=DIRECTION('',(0.743144825477391,0.,-0.669130606358862));
#5439=DIRECTION('',(0.,1.,0.));
#5440=DIRECTION('',(0.,0.,1.));
#5441=DIRECTION('',(-0.920504853452439,0.,-0.390731128489276));
#5442=DIRECTION('',(0.743144825477391,0.,-0.669130606358862));
#5443=DIRECTION('',(1.,0.,0.));
#5444=DIRECTION('',(-0.734174202682074,0.,0.678961147722122));
#5445=DIRECTION('',(0.,1.,0.));
#5446=DIRECTION('',(0.,0.,1.));
#5447=DIRECTION('',(0.,1.,0.));
#5448=DIRECTION('',(0.,1.,0.));
#5449=DIRECTION('',(-0.678961147722122,0.,-0.734174202682074));
#5450=DIRECTION('',(-0.734174202682074,0.,0.678961147722122));
#5451=DIRECTION('',(0.,1.,0.));
#5452=DIRECTION('',(0.,0.,1.));
#5453=DIRECTION('',(1.,0.,0.));
#5454=DIRECTION('',(0.,1.,0.));
#5455=DIRECTION('',(0.669130606358862,0.,0.743144825477391));
#5456=DIRECTION('',(0.743144825477391,0.,-0.669130606358862));
#5457=DIRECTION('',(0.390731128489277,0.,-0.920504853452439));
#5458=DIRECTION('',(-0.920504853452439,0.,-0.390731128489277));
#5459=DIRECTION('',(-0.582337097575928,0.,-0.812947418217712));
#5460=DIRECTION('',(-0.856211111735727,0.,-0.516626104780111));
#5461=DIRECTION('',(-0.999844197788413,0.,-0.0176516330361802));
#5462=DIRECTION('',(-0.72352598366441,0.,0.690297146859559));
#5463=DIRECTION('',(-0.406736643075783,0.,0.913545457642609));
#5464=DIRECTION('',(-0.699125868139602,0.,0.714998615731561));
#5465=DIRECTION('',(0.,-1.,0.));
#5466=DIRECTION('',(1.,0.,0.));
#5467=DIRECTION('',(-0.995037190209988,0.,0.09950371902101));
#5468=DIRECTION('',(-0.972652585941152,0.,0.232264820973798));
#5469=DIRECTION('',(-0.877634090655676,0.,0.479331203781878));
#5470=DIRECTION('',(0.00367869644901145,0.,0.999993233573326));
#5471=DIRECTION('',(0.309016994374952,0.,0.951056516295152));
#5472=DIRECTION('',(0.876000297403689,0.,-0.482310562758737));
#5473=DIRECTION('',(-0.195851759770158,0.,-0.980633513701695));
#5474=DIRECTION('',(0.339493166836674,0.,-0.940608520943334));
#5475=DIRECTION('',(0.975547131835131,0.,-0.219790340024875));
#5476=DIRECTION('',(0.786872683283222,0.,-0.617115370334156));
#5477=DIRECTION('',(0.,-1.,0.));
#5478=DIRECTION('',(1.,0.,0.));
#5479=DIRECTION('',(0.87692189944658,0.,0.480632897616261));
#5480=DIRECTION('',(0.913545457642626,0.,0.406736643075744));
#5481=DIRECTION('',(0.877208835569817,0.,0.480109007203828));
#5482=DIRECTION('',(0.,-1.,0.));
#5483=DIRECTION('',(0.999999999999998,0.,0.));
#5484=DIRECTION('',(-0.325118674042271,0.,0.945673224633645));
#5485=DIRECTION('',(0.219790340024876,0.,0.97554713183513));
#5486=DIRECTION('',(-0.565288107155031,0.,0.824893542167159));
#5487=DIRECTION('',(-0.992311313360927,0.,0.12376694783306));
#5488=DIRECTION('',(0.,0.,1.));
#5489=DIRECTION('',(0.996194698091746,0.,-0.0871557427476501));
#5490=DIRECTION('',(0.940570419293075,0.,-0.339598713706118));
#5491=DIRECTION('',(-0.0510479165225127,0.,-0.998696205168875));
#5492=DIRECTION('',(-0.156434465040231,0.,-0.987688340595138));
#5493=DIRECTION('',(-0.301131367937135,0.,-0.95358266513413));
#5494=DIRECTION('',(0.,-1.,0.));
#5495=DIRECTION('',(0.999999999999998,0.,0.));
#5496=DIRECTION('',(-0.0968323751451762,0.,-0.995300703869812));
#5497=DIRECTION('',(0.406736643075795,0.,-0.913545457642603));
#5498=DIRECTION('',(0.989788844424456,0.,-0.142541374529997));
#5499=DIRECTION('',(0.856211111735727,0.,0.516626104780111));
#5500=DIRECTION('',(0.994419381330111,0.,-0.105499260826978));
#5501=DIRECTION('',(0.,-1.,0.));
#5502=DIRECTION('',(0.999999999999999,0.,0.));
#5503=DIRECTION('',(0.,-1.,0.));
#5504=DIRECTION('',(0.,0.,-1.));
#5505=DIRECTION('',(-0.582337097575928,0.,-0.812947418217712));
#5506=DIRECTION('',(0.,-1.,0.));
#5507=DIRECTION('',(0.999999999999999,0.,0.));
#5508=DIRECTION('',(0.994419381330111,0.,-0.105499260826978));
#5509=DIRECTION('',(0.856211111735727,0.,0.516626104780111));
#5510=DIRECTION('',(0.989788844424456,0.,-0.142541374529997));
#5511=DIRECTION('',(0.406736643075795,0.,-0.913545457642603));
#5512=DIRECTION('',(-0.0968323751451762,0.,-0.995300703869812));
#5513=DIRECTION('',(0.,-1.,0.));
#5514=DIRECTION('',(0.999999999999998,0.,0.));
#5515=DIRECTION('',(-0.301131367937135,0.,-0.95358266513413));
#5516=DIRECTION('',(-0.156434465040231,0.,-0.987688340595138));
#5517=DIRECTION('',(-0.0510479165225127,0.,-0.998696205168875));
#5518=DIRECTION('',(0.940570419293075,0.,-0.339598713706118));
#5519=DIRECTION('',(0.996194698091746,0.,-0.0871557427476501));
#5520=DIRECTION('',(0.,0.,1.));
#5521=DIRECTION('',(-0.992311313360927,0.,0.12376694783306));
#5522=DIRECTION('',(-0.565288107155031,0.,0.824893542167159));
#5523=DIRECTION('',(0.219790340024876,0.,0.97554713183513));
#5524=DIRECTION('',(-0.325118674042271,0.,0.945673224633645));
#5525=DIRECTION('',(0.,-1.,0.));
#5526=DIRECTION('',(0.999999999999998,0.,0.));
#5527=DIRECTION('',(0.877208835569817,0.,0.480109007203828));
#5528=DIRECTION('',(0.913545457642626,0.,0.406736643075744));
#5529=DIRECTION('',(0.87692189944658,0.,0.480632897616261));
#5530=DIRECTION('',(0.,-1.,0.));
#5531=DIRECTION('',(1.,0.,0.));
#5532=DIRECTION('',(0.786872683283222,0.,-0.617115370334156));
#5533=DIRECTION('',(0.975547131835131,0.,-0.219790340024875));
#5534=DIRECTION('',(0.339493166836674,0.,-0.940608520943334));
#5535=DIRECTION('',(-0.195851759770158,0.,-0.980633513701695));
#5536=DIRECTION('',(0.876000297403689,0.,-0.482310562758737));
#5537=DIRECTION('',(0.309016994374952,0.,0.951056516295152));
#5538=DIRECTION('',(0.00367869644901145,0.,0.999993233573326));
#5539=DIRECTION('',(-0.877634090655676,0.,0.479331203781878));
#5540=DIRECTION('',(-0.972652585941152,0.,0.232264820973798));
#5541=DIRECTION('',(-0.995037190209988,0.,0.09950371902101));
#5542=DIRECTION('',(0.,-1.,0.));
#5543=DIRECTION('',(1.,0.,0.));
#5544=DIRECTION('',(-0.699125868139602,0.,0.714998615731561));
#5545=DIRECTION('',(-0.406736643075783,0.,0.913545457642609));
#5546=DIRECTION('',(-0.72352598366441,0.,0.690297146859559));
#5547=DIRECTION('',(-0.999844197788413,0.,-0.0176516330361802));
#5548=DIRECTION('',(-0.856211111735727,0.,-0.516626104780111));
#5549=DIRECTION('',(0.,-1.,0.));
#5550=DIRECTION('',(0.,0.,-1.));
#5551=DIRECTION('',(0.,1.,0.));
#5552=DIRECTION('',(0.,1.,0.));
#5553=DIRECTION('',(0.516626104780111,0.,-0.856211111735727));
#5554=DIRECTION('',(-0.856211111735727,0.,-0.516626104780111));
#5555=DIRECTION('',(0.,1.,0.));
#5556=DIRECTION('',(0.0176516330361802,0.,-0.999844197788413));
#5557=DIRECTION('',(-0.999844197788414,0.,-0.0176516330361802));
#5558=DIRECTION('',(0.,1.,0.));
#5559=DIRECTION('',(-0.690297146859559,0.,-0.72352598366441));
#5560=DIRECTION('',(-0.72352598366441,0.,0.690297146859559));
#5561=DIRECTION('',(0.,1.,0.));
#5562=DIRECTION('',(-0.913545457642609,0.,-0.406736643075783));
#5563=DIRECTION('',(-0.406736643075783,0.,0.913545457642609));
#5564=DIRECTION('',(0.,1.,0.));
#5565=DIRECTION('',(-0.714998615731561,0.,-0.699125868139602));
#5566=DIRECTION('',(-0.699125868139602,0.,0.714998615731561));
#5567=DIRECTION('',(0.,1.,0.));
#5568=DIRECTION('',(0.,1.,0.));
#5569=DIRECTION('',(0.,0.,1.));
#5570=DIRECTION('',(0.,1.,0.));
#5571=DIRECTION('',(-0.09950371902101,0.,-0.995037190209988));
#5572=DIRECTION('',(-0.995037190209988,0.,0.09950371902101));
#5573=DIRECTION('',(0.,1.,0.));
#5574=DIRECTION('',(-0.232264820973798,0.,-0.972652585941152));
#5575=DIRECTION('',(-0.972652585941152,0.,0.232264820973798));
#5576=DIRECTION('',(0.,1.,0.));
#5577=DIRECTION('',(-0.479331203781878,0.,-0.877634090655676));
#5578=DIRECTION('',(-0.877634090655676,0.,0.479331203781878));
#5579=DIRECTION('',(0.,1.,0.));
#5580=DIRECTION('',(-0.999993233573326,0.,0.00367869644901145));
#5581=DIRECTION('',(0.00367869644901146,0.,0.999993233573326));
#5582=DIRECTION('',(0.,1.,0.));
#5583=DIRECTION('',(-0.951056516295152,0.,0.309016994374952));
#5584=DIRECTION('',(0.309016994374952,0.,0.951056516295152));
#5585=DIRECTION('',(0.,1.,0.));
#5586=DIRECTION('',(0.482310562758737,0.,0.876000297403689));
#5587=DIRECTION('',(0.876000297403689,0.,-0.482310562758737));
#5588=DIRECTION('',(0.,1.,0.));
#5589=DIRECTION('',(0.980633513701695,0.,-0.195851759770158));
#5590=DIRECTION('',(-0.195851759770158,0.,-0.980633513701695));
#5591=DIRECTION('',(0.,1.,0.));
#5592=DIRECTION('',(0.940608520943334,0.,0.339493166836674));
#5593=DIRECTION('',(0.339493166836674,0.,-0.940608520943334));
#5594=DIRECTION('',(0.,1.,0.));
#5595=DIRECTION('',(0.219790340024875,0.,0.975547131835131));
#5596=DIRECTION('',(0.975547131835131,0.,-0.219790340024875));
#5597=DIRECTION('',(0.,1.,0.));
#5598=DIRECTION('',(0.617115370334156,0.,0.786872683283222));
#5599=DIRECTION('',(0.786872683283222,0.,-0.617115370334156));
#5600=DIRECTION('',(0.,1.,0.));
#5601=DIRECTION('',(0.,1.,0.));
#5602=DIRECTION('',(0.,0.,1.));
#5603=DIRECTION('',(0.,1.,0.));
#5604=DIRECTION('',(-0.480632897616261,0.,0.87692189944658));
#5605=DIRECTION('',(0.87692189944658,0.,0.480632897616261));
#5606=DIRECTION('',(0.,1.,0.));
#5607=DIRECTION('',(-0.406736643075744,0.,0.913545457642626));
#5608=DIRECTION('',(0.913545457642626,0.,0.406736643075744));
#5609=DIRECTION('',(0.,1.,0.));
#5610=DIRECTION('',(-0.480109007203828,0.,0.877208835569817));
#5611=DIRECTION('',(0.877208835569817,0.,0.480109007203828));
#5612=DIRECTION('',(0.,1.,0.));
#5613=DIRECTION('',(0.,1.,0.));
#5614=DIRECTION('',(0.,0.,0.999999999999998));
#5615=DIRECTION('',(0.,1.,0.));
#5616=DIRECTION('',(-0.945673224633645,0.,-0.325118674042271));
#5617=DIRECTION('',(-0.325118674042271,0.,0.945673224633645));
#5618=DIRECTION('',(0.,1.,0.));
#5619=DIRECTION('',(-0.97554713183513,0.,0.219790340024876));
#5620=DIRECTION('',(0.219790340024876,0.,0.975547131835131));
#5621=DIRECTION('',(0.,1.,0.));
#5622=DIRECTION('',(-0.824893542167159,0.,-0.565288107155031));
#5623=DIRECTION('',(-0.565288107155031,0.,0.824893542167159));
#5624=DIRECTION('',(0.,1.,0.));
#5625=DIRECTION('',(-0.12376694783306,0.,-0.992311313360927));
#5626=DIRECTION('',(-0.992311313360927,0.,0.12376694783306));
#5627=DIRECTION('',(0.,1.,0.));
#5628=DIRECTION('',(-1.,0.,0.));
#5629=DIRECTION('',(0.,0.,1.));
#5630=DIRECTION('',(0.,1.,0.));
#5631=DIRECTION('',(0.0871557427476501,0.,0.996194698091746));
#5632=DIRECTION('',(0.996194698091746,0.,-0.0871557427476501));
#5633=DIRECTION('',(0.,1.,0.));
#5634=DIRECTION('',(0.339598713706118,0.,0.940570419293075));
#5635=DIRECTION('',(0.940570419293075,0.,-0.339598713706118));
#5636=DIRECTION('',(0.,1.,0.));
#5637=DIRECTION('',(0.998696205168874,0.,-0.0510479165225127));
#5638=DIRECTION('',(-0.0510479165225127,0.,-0.998696205168875));
#5639=DIRECTION('',(0.,1.,0.));
#5640=DIRECTION('',(0.987688340595138,0.,-0.156434465040231));
#5641=DIRECTION('',(-0.156434465040231,0.,-0.987688340595138));
#5642=DIRECTION('',(0.,1.,0.));
#5643=DIRECTION('',(0.95358266513413,0.,-0.301131367937135));
#5644=DIRECTION('',(-0.301131367937135,0.,-0.95358266513413));
#5645=DIRECTION('',(0.,1.,0.));
#5646=DIRECTION('',(0.,1.,0.));
#5647=DIRECTION('',(0.,0.,0.999999999999998));
#5648=DIRECTION('',(0.,1.,0.));
#5649=DIRECTION('',(0.995300703869812,0.,-0.0968323751451762));
#5650=DIRECTION('',(-0.0968323751451762,0.,-0.995300703869812));
#5651=DIRECTION('',(0.,1.,0.));
#5652=DIRECTION('',(0.913545457642603,0.,0.406736643075795));
#5653=DIRECTION('',(0.406736643075795,0.,-0.913545457642603));
#5654=DIRECTION('',(0.,1.,0.));
#5655=DIRECTION('',(0.142541374529997,0.,0.989788844424456));
#5656=DIRECTION('',(0.989788844424456,0.,-0.142541374529997));
#5657=DIRECTION('',(0.,1.,0.));
#5658=DIRECTION('',(-0.516626104780111,0.,0.856211111735727));
#5659=DIRECTION('',(0.856211111735727,0.,0.516626104780111));
#5660=DIRECTION('',(0.,1.,0.));
#5661=DIRECTION('',(0.105499260826978,0.,0.994419381330111));
#5662=DIRECTION('',(0.994419381330111,0.,-0.105499260826978));
#5663=DIRECTION('',(0.,1.,0.));
#5664=DIRECTION('',(0.,1.,0.));
#5665=DIRECTION('',(0.,0.,0.999999999999999));
#5666=DIRECTION('',(0.812947418217712,0.,-0.582337097575928));
#5667=DIRECTION('',(-0.582337097575928,0.,-0.812947418217712));
#5668=DIRECTION('',(-0.500000000000001,0.,-0.866025403784438));
#5669=DIRECTION('',(-0.841310851446113,0.,0.540551617552863));
#5670=DIRECTION('',(0.559192903470765,0.,0.829037572555029));
#5671=DIRECTION('',(0.82903757255504,0.,-0.55919290347075));
#5672=DIRECTION('',(0.,1.,0.));
#5673=DIRECTION('',(0.,0.,1.));
#5674=DIRECTION('',(-0.500000000000001,0.,-0.866025403784438));
#5675=DIRECTION('',(0.82903757255504,0.,-0.55919290347075));
#5676=DIRECTION('',(0.559192903470765,0.,0.829037572555029));
#5677=DIRECTION('',(-0.841310851446113,0.,0.540551617552863));
#5678=DIRECTION('',(0.,1.,0.));
#5679=DIRECTION('',(0.,0.,1.));
#5680=DIRECTION('',(0.,1.,0.));
#5681=DIRECTION('',(0.,1.,0.));
#5682=DIRECTION('',(-0.540551617552863,0.,-0.841310851446113));
#5683=DIRECTION('',(-0.841310851446113,0.,0.540551617552863));
#5684=DIRECTION('',(0.,1.,0.));
#5685=DIRECTION('',(-0.829037572555029,0.,0.559192903470765));
#5686=DIRECTION('',(0.559192903470765,0.,0.829037572555029));
#5687=DIRECTION('',(0.,1.,0.));
#5688=DIRECTION('',(0.55919290347075,0.,0.82903757255504));
#5689=DIRECTION('',(0.82903757255504,0.,-0.55919290347075));
#5690=DIRECTION('',(0.866025403784438,0.,-0.500000000000001));
#5691=DIRECTION('',(-0.500000000000001,0.,-0.866025403784438));
#5692=DIRECTION('',(-0.86921432326314,0.,-0.494435496535394));
#5693=DIRECTION('',(-0.730560836307819,0.,0.682847614371772));
#5694=DIRECTION('',(0.722506438561547,0.,0.691364192186079));
#5695=DIRECTION('',(0.734174202682072,0.,-0.678961147722124));
#5696=DIRECTION('',(0.,1.,0.));
#5697=DIRECTION('',(0.,0.,1.));
#5698=DIRECTION('',(-0.86921432326314,0.,-0.494435496535394));
#5699=DIRECTION('',(0.734174202682072,0.,-0.678961147722124));
#5700=DIRECTION('',(0.722506438561547,0.,0.691364192186079));
#5701=DIRECTION('',(-0.730560836307819,0.,0.682847614371772));
#5702=DIRECTION('',(0.,1.,0.));
#5703=DIRECTION('',(0.,0.,1.));
#5704=DIRECTION('',(0.,1.,0.));
#5705=DIRECTION('',(0.,1.,0.));
#5706=DIRECTION('',(-0.682847614371772,0.,-0.730560836307819));
#5707=DIRECTION('',(-0.730560836307819,0.,0.682847614371772));
#5708=DIRECTION('',(0.,1.,0.));
#5709=DIRECTION('',(-0.691364192186079,0.,0.722506438561547));
#5710=DIRECTION('',(0.722506438561547,0.,0.691364192186079));
#5711=DIRECTION('',(0.,1.,0.));
#5712=DIRECTION('',(0.678961147722124,0.,0.734174202682072));
#5713=DIRECTION('',(0.734174202682072,0.,-0.678961147722124));
#5714=DIRECTION('',(0.494435496535394,0.,-0.86921432326314));
#5715=DIRECTION('',(-0.86921432326314,0.,-0.494435496535394));
#5716=DIRECTION('',(-0.515038074910059,0.,-0.857167300702109));
#5717=DIRECTION('',(-0.81562813885053,0.,0.578576476462032));
#5718=DIRECTION('',(0.574843162302742,0.,0.818263612018635));
#5719=DIRECTION('',(0.857167300702114,0.,-0.515038074910052));
#5720=DIRECTION('',(0.,-1.,0.));
#5721=DIRECTION('',(0.,0.,-1.));
#5722=DIRECTION('',(-0.515038074910059,0.,-0.857167300702109));
#5723=DIRECTION('',(0.857167300702114,0.,-0.515038074910052));
#5724=DIRECTION('',(0.574843162302742,0.,0.818263612018635));
#5725=DIRECTION('',(-0.81562813885053,0.,0.578576476462032));
#5726=DIRECTION('',(0.,-1.,0.));
#5727=DIRECTION('',(0.,0.,-1.));
#5728=DIRECTION('',(0.,1.,0.));
#5729=DIRECTION('',(0.,1.,0.));
#5730=DIRECTION('',(-0.578576476462032,0.,-0.81562813885053));
#5731=DIRECTION('',(-0.81562813885053,0.,0.578576476462032));
#5732=DIRECTION('',(0.,1.,0.));
#5733=DIRECTION('',(-0.818263612018635,0.,0.574843162302742));
#5734=DIRECTION('',(0.574843162302742,0.,0.818263612018635));
#5735=DIRECTION('',(0.,1.,0.));
#5736=DIRECTION('',(0.515038074910052,0.,0.857167300702114));
#5737=DIRECTION('',(0.857167300702114,0.,-0.515038074910052));
#5738=DIRECTION('',(0.857167300702109,0.,-0.515038074910059));
#5739=DIRECTION('',(-0.515038074910059,0.,-0.857167300702109));
#5740=DIRECTION('',(-0.544639035015044,0.,-0.838670567945413));
#5741=DIRECTION('',(-0.819245543712708,0.,0.573442882166018));
#5742=DIRECTION('',(0.587785252292457,0.,0.809016994374959));
#5743=DIRECTION('',(0.819152044288983,0.,-0.573576436351059));
#5744=DIRECTION('',(0.,1.,0.));
#5745=DIRECTION('',(0.,0.,1.));
#5746=DIRECTION('',(-0.544639035015044,0.,-0.838670567945413));
#5747=DIRECTION('',(0.819152044288983,0.,-0.573576436351059));
#5748=DIRECTION('',(0.587785252292457,0.,0.809016994374959));
#5749=DIRECTION('',(-0.819245543712708,0.,0.573442882166018));
#5750=DIRECTION('',(0.,1.,0.));
#5751=DIRECTION('',(0.,0.,1.));
#5752=DIRECTION('',(0.,1.,0.));
#5753=DIRECTION('',(0.,1.,0.));
#5754=DIRECTION('',(-0.573442882166018,0.,-0.819245543712708));
#5755=DIRECTION('',(-0.819245543712708,0.,0.573442882166018));
#5756=DIRECTION('',(0.,1.,0.));
#5757=DIRECTION('',(-0.809016994374959,0.,0.587785252292457));
#5758=DIRECTION('',(0.587785252292457,0.,0.809016994374959));
#5759=DIRECTION('',(0.,1.,0.));
#5760=DIRECTION('',(0.573576436351059,0.,0.819152044288983));
#5761=DIRECTION('',(0.819152044288983,0.,-0.573576436351059));
#5762=DIRECTION('',(0.838670567945413,0.,-0.544639035015044));
#5763=DIRECTION('',(-0.544639035015044,0.,-0.838670567945413));
#5764=DIRECTION('',(-0.587785252292471,0.,-0.809016994374949));
#5765=DIRECTION('',(-0.838043523130401,0.,0.545603384647845));
#5766=DIRECTION('',(0.58778525229247,0.,0.80901699437495));
#5767=DIRECTION('',(0.809016994374946,0.,-0.587785252292475));
#5768=DIRECTION('',(0.,-1.,0.));
#5769=DIRECTION('',(0.,0.,-1.));
#5770=DIRECTION('',(-0.587785252292471,0.,-0.809016994374949));
#5771=DIRECTION('',(0.809016994374946,0.,-0.587785252292475));
#5772=DIRECTION('',(0.58778525229247,0.,0.80901699437495));
#5773=DIRECTION('',(-0.838043523130401,0.,0.545603384647845));
#5774=DIRECTION('',(0.,-1.,0.));
#5775=DIRECTION('',(0.,0.,-1.));
#5776=DIRECTION('',(0.,1.,0.));
#5777=DIRECTION('',(0.,1.,0.));
#5778=DIRECTION('',(-0.545603384647845,0.,-0.838043523130401));
#5779=DIRECTION('',(-0.838043523130401,0.,0.545603384647845));
#5780=DIRECTION('',(0.,1.,0.));
#5781=DIRECTION('',(-0.80901699437495,0.,0.58778525229247));
#5782=DIRECTION('',(0.58778525229247,0.,0.80901699437495));
#5783=DIRECTION('',(0.,1.,0.));
#5784=DIRECTION('',(0.587785252292475,0.,0.809016994374946));
#5785=DIRECTION('',(0.809016994374946,0.,-0.587785252292475));
#5786=DIRECTION('',(0.809016994374949,0.,-0.587785252292471));
#5787=DIRECTION('',(-0.587785252292471,0.,-0.809016994374949));
#5788=DIRECTION('',(-0.529919264233217,0.,-0.848048096156419));
#5789=DIRECTION('',(-0.829037572555037,0.,0.559192903470754));
#5790=DIRECTION('',(0.587785252292473,0.,0.809016994374948));
#5791=DIRECTION('',(0.829037572555036,0.,-0.559192903470756));
#5792=DIRECTION('',(0.,-1.,0.));
#5793=DIRECTION('',(0.,0.,-1.));
#5794=DIRECTION('',(-0.529919264233217,0.,-0.848048096156419));
#5795=DIRECTION('',(0.829037572555036,0.,-0.559192903470756));
#5796=DIRECTION('',(0.587785252292473,0.,0.809016994374948));
#5797=DIRECTION('',(-0.829037572555037,0.,0.559192903470754));
#5798=DIRECTION('',(0.,-1.,0.));
#5799=DIRECTION('',(0.,0.,-1.));
#5800=DIRECTION('',(0.,1.,0.));
#5801=DIRECTION('',(0.,1.,0.));
#5802=DIRECTION('',(-0.559192903470754,0.,-0.829037572555037));
#5803=DIRECTION('',(-0.829037572555037,0.,0.559192903470754));
#5804=DIRECTION('',(0.,1.,0.));
#5805=DIRECTION('',(-0.809016994374948,0.,0.587785252292473));
#5806=DIRECTION('',(0.587785252292473,0.,0.809016994374948));
#5807=DIRECTION('',(0.,1.,0.));
#5808=DIRECTION('',(0.559192903470756,0.,0.829037572555036));
#5809=DIRECTION('',(0.829037572555036,0.,-0.559192903470756));
#5810=DIRECTION('',(0.848048096156419,0.,-0.529919264233217));
#5811=DIRECTION('',(-0.529919264233217,0.,-0.848048096156419));
#5812=DIRECTION('',(-0.587785252292482,0.,-0.809016994374941));
#5813=DIRECTION('',(-0.80398890296546,0.,0.594644300324485));
#5814=DIRECTION('',(0.587785252292482,0.,0.809016994374941));
#5815=DIRECTION('',(0.809016994374939,0.,-0.587785252292485));
#5816=DIRECTION('',(0.,-1.,0.));
#5817=DIRECTION('',(0.,0.,-1.));
#5818=DIRECTION('',(-0.587785252292482,0.,-0.809016994374941));
#5819=DIRECTION('',(0.809016994374939,0.,-0.587785252292485));
#5820=DIRECTION('',(0.587785252292482,0.,0.809016994374941));
#5821=DIRECTION('',(-0.80398890296546,0.,0.594644300324485));
#5822=DIRECTION('',(0.,-1.,0.));
#5823=DIRECTION('',(0.,0.,-1.));
#5824=DIRECTION('',(0.,1.,0.));
#5825=DIRECTION('',(0.,1.,0.));
#5826=DIRECTION('',(-0.594644300324484,0.,-0.80398890296546));
#5827=DIRECTION('',(-0.80398890296546,0.,0.594644300324485));
#5828=DIRECTION('',(0.,1.,0.));
#5829=DIRECTION('',(-0.809016994374941,0.,0.587785252292482));
#5830=DIRECTION('',(0.587785252292482,0.,0.809016994374941));
#5831=DIRECTION('',(0.,1.,0.));
#5832=DIRECTION('',(0.587785252292485,0.,0.809016994374939));
#5833=DIRECTION('',(0.809016994374939,0.,-0.587785252292485));
#5834=DIRECTION('',(0.809016994374941,0.,-0.587785252292482));
#5835=DIRECTION('',(-0.587785252292482,0.,-0.809016994374941));
#5836=DIRECTION('',(0.,1.,0.));
#5837=DIRECTION('',(0.,0.,1.));
#5838=DIRECTION('',(0.,-1.,0.));
#5839=DIRECTION('',(0.,-1.,0.));
#5840=DIRECTION('',(0.,0.,1.));
#5841=DIRECTION('',(0.,1.,0.));
#5842=DIRECTION('',(0.,-1.,0.));
#5843=DIRECTION('',(0.,0.,-1.));
#5844=DIRECTION('',(0.,1.,0.));
#5845=DIRECTION('',(0.,0.,1.));
#5846=DIRECTION('',(0.,-1.,0.));
#5847=DIRECTION('',(0.,-1.,0.));
#5848=DIRECTION('',(0.,0.,1.));
#5849=DIRECTION('',(0.,1.,0.));
#5850=DIRECTION('',(0.,-1.,0.));
#5851=DIRECTION('',(0.,0.,-1.));
#5852=DIRECTION('',(0.,-1.,0.));
#5853=DIRECTION('',(0.,0.,0.999999999999999));
#5854=DIRECTION('',(0.,-1.,0.));
#5855=DIRECTION('',(0.,1.,0.));
#5856=DIRECTION('',(0.,0.,0.999999999999999));
#5857=DIRECTION('',(0.,1.,0.));
#5858=DIRECTION('',(0.,1.,0.));
#5859=DIRECTION('',(0.,0.,0.999999999999999));
#5860=DIRECTION('',(0.,-1.,0.));
#5861=DIRECTION('',(0.,0.,1.));
#5862=DIRECTION('',(0.,-1.,0.));
#5863=DIRECTION('',(0.,1.,0.));
#5864=DIRECTION('',(0.,0.,1.));
#5865=DIRECTION('',(0.,1.,0.));
#5866=DIRECTION('',(0.,1.,0.));
#5867=DIRECTION('',(0.,0.,1.));
#5868=DIRECTION('',(-0.405883015908183,0.,0.913925039265955));
#5869=DIRECTION('',(-0.405883015908183,0.,0.913925039265955));
#5870=DIRECTION('',(0.,1.,0.));
#5871=DIRECTION('',(-0.913925039265955,0.,-0.405883015908183));
#5872=DIRECTION('',(-0.405883015908183,0.,0.913925039265955));
#5873=DIRECTION('',(-0.798334999296382,0.,-0.60221360736739));
#5874=DIRECTION('',(-0.798334999296382,0.,-0.60221360736739));
#5875=DIRECTION('',(0.60221360736739,0.,-0.798334999296382));
#5876=DIRECTION('',(-0.798334999296382,0.,-0.60221360736739));
#5877=DIRECTION('',(-1.98822174897054E-15,0.,-1.));
#5878=DIRECTION('',(-1.98822174897054E-15,0.,-1.));
#5879=DIRECTION('',(0.,1.,0.));
#5880=DIRECTION('',(1.,0.,-1.98822174897054E-15));
#5881=DIRECTION('',(-1.98799310346942E-15,0.,-1.));
#5882=DIRECTION('',(1.,0.,-7.54227598250786E-16));
#5883=DIRECTION('',(1.,0.,-7.54227598250786E-16));
#5884=DIRECTION('',(7.54227598250786E-16,0.,1.));
#5885=DIRECTION('',(1.,0.,-7.54171031180917E-16));
#5886=DIRECTION('',(-8.93266465487533E-16,0.,-1.));
#5887=DIRECTION('',(-8.93266465487533E-16,0.,-1.));
#5888=DIRECTION('',(1.,0.,-8.93266465487533E-16));
#5889=DIRECTION('',(-8.93165749693559E-16,0.,-1.));
#5890=DIRECTION('',(-1.,0.,1.00563679766771E-15));
#5891=DIRECTION('',(-1.,0.,1.00563679766771E-15));
#5892=DIRECTION('',(0.,1.,0.));
#5893=DIRECTION('',(-1.00563679766771E-15,0.,-1.));
#5894=DIRECTION('',(-1.,0.,1.00570593519755E-15));
#5895=DIRECTION('',(-1.,0.,7.84055808351099E-16));
#5896=DIRECTION('',(-1.,0.,7.84055808351099E-16));
#5897=DIRECTION('',(0.,1.,0.));
#5898=DIRECTION('',(-7.84055808351099E-16,0.,-1.));
#5899=DIRECTION('',(-1.,0.,7.84095011141517E-16));
#5900=DIRECTION('',(0.,-1.,0.));
#5901=DIRECTION('',(0.,0.,-1.));
#5902=DIRECTION('',(0.,1.,0.));
#5903=DIRECTION('',(0.,1.,0.));
#5904=DIRECTION('',(0.,0.,-1.));
#5905=DIRECTION('',(0.,-1.,0.));
#5906=DIRECTION('',(0.,-1.,0.));
#5907=DIRECTION('',(0.,0.,-1.));
#5908=DIRECTION('',(0.,-1.,0.));
#5909=DIRECTION('',(0.,0.,-1.));
#5910=DIRECTION('',(0.,1.,0.));
#5911=DIRECTION('',(0.,1.,0.));
#5912=DIRECTION('',(0.,0.,-1.));
#5913=DIRECTION('',(0.,-1.,0.));
#5914=DIRECTION('',(0.,-1.,0.));
#5915=DIRECTION('',(0.,0.,-1.));
#5916=DIRECTION('',(0.,1.,0.));
#5917=DIRECTION('',(0.,0.,-0.999999999999999));
#5918=DIRECTION('',(0.,1.,0.));
#5919=DIRECTION('',(0.,-1.,0.));
#5920=DIRECTION('',(0.,0.,-0.999999999999999));
#5921=DIRECTION('',(0.,-1.,0.));
#5922=DIRECTION('',(0.,1.,0.));
#5923=DIRECTION('',(0.,0.,0.999999999999999));
#5924=DIRECTION('',(0.,1.,0.));
#5925=DIRECTION('',(0.,0.,-1.));
#5926=DIRECTION('',(0.,1.,0.));
#5927=DIRECTION('',(0.,-1.,0.));
#5928=DIRECTION('',(0.,0.,-1.));
#5929=DIRECTION('',(0.,-1.,0.));
#5930=DIRECTION('',(0.,1.,0.));
#5931=DIRECTION('',(0.,0.,1.));
#5932=DIRECTION('',(-0.798334999296382,0.,0.60221360736739));
#5933=DIRECTION('',(-1.98822174897054E-15,0.,1.));
#5934=DIRECTION('',(1.,0.,7.54227598250786E-16));
#5935=DIRECTION('',(-8.93266465487533E-16,0.,1.));
#5936=DIRECTION('',(-1.,0.,-1.00563679766771E-15));
#5937=DIRECTION('',(0.,0.,-1.));
#5938=DIRECTION('',(0.,0.,1.));
#5939=DIRECTION('',(-1.,0.,-7.84055808351099E-16));
#5940=DIRECTION('',(-0.405883015908183,0.,-0.913925039265955));
#5941=DIRECTION('',(0.,-1.,0.));
#5942=DIRECTION('',(0.,0.,-1.));
#5943=DIRECTION('',(-1.98822174897054E-15,0.,1.));
#5944=DIRECTION('',(-0.798334999296382,0.,0.60221360736739));
#5945=DIRECTION('',(-0.405883015908183,0.,-0.913925039265955));
#5946=DIRECTION('',(-1.,0.,-7.84055808351099E-16));
#5947=DIRECTION('',(0.,0.,1.));
#5948=DIRECTION('',(0.,0.,-1.));
#5949=DIRECTION('',(-1.,0.,-1.00563679766771E-15));
#5950=DIRECTION('',(-8.93266465487533E-16,0.,1.));
#5951=DIRECTION('',(1.,0.,7.54227598250786E-16));
#5952=DIRECTION('',(0.,-1.,0.));
#5953=DIRECTION('',(0.,0.,-1.));
#5954=DIRECTION('',(0.,1.,0.));
#5955=DIRECTION('',(0.913925039265955,0.,-0.405883015908183));
#5956=DIRECTION('',(-0.405883015908183,0.,-0.913925039265955));
#5957=DIRECTION('',(-0.60221360736739,0.,-0.798334999296382));
#5958=DIRECTION('',(-0.798334999296382,0.,0.60221360736739));
#5959=DIRECTION('',(0.,1.,0.));
#5960=DIRECTION('',(-1.,0.,-1.98822174897054E-15));
#5961=DIRECTION('',(-1.98799310346942E-15,0.,1.));
#5962=DIRECTION('',(-7.54227598250786E-16,0.,1.));
#5963=DIRECTION('',(1.,0.,7.54171031180917E-16));
#5964=DIRECTION('',(-1.,0.,-8.93266465487533E-16));
#5965=DIRECTION('',(-8.93165749693559E-16,0.,1.));
#5966=DIRECTION('',(0.,1.,0.));
#5967=DIRECTION('',(1.00563679766771E-15,0.,-1.));
#5968=DIRECTION('',(-1.,0.,-1.00570593519755E-15));
#5969=DIRECTION('',(-1.,0.,0.));
#5970=DIRECTION('',(0.,0.,1.));
#5971=DIRECTION('',(0.,1.,0.));
#5972=DIRECTION('',(1.,0.,0.));
#5973=DIRECTION('',(0.,0.,-1.));
#5974=DIRECTION('',(7.84055808351099E-16,0.,-1.));
#5975=DIRECTION('',(-1.,0.,-7.84095011141517E-16));
#5976=DIRECTION('',(0.711056532332858,-0.703134843274583,0.));
#5977=DIRECTION('',(0.,0.,1.));
#5978=DIRECTION('',(-0.711056532332858,0.703134843274583,0.));
#5979=DIRECTION('',(0.,0.,-1.));
#5980=DIRECTION('',(-0.703134843274583,-0.711056532332857,0.));
#5981=DIRECTION('',(0.711056532332858,-0.703134843274583,0.));
#5982=DIRECTION('',(0.999999548388873,0.00095037995034061,0.));
#5983=DIRECTION('',(0.00095037995034061,-0.999999548388873,0.));
#5984=DIRECTION('',(0.999999548388873,0.00095037995034061,0.));
#5985=DIRECTION('',(0.,0.,-1.));
#5986=DIRECTION('',(0.00095037995034061,-0.999999548388873,0.));
#5987=DIRECTION('',(-0.999999548388873,-0.00095037995034061,0.));
#5988=DIRECTION('',(0.999999548388873,0.000950379950340612,0.));
#5989=DIRECTION('',(0.00095037995034061,-0.999999548388873,0.));
#5990=DIRECTION('',(-0.999999548388873,-0.00095037995034061,0.));
#5991=DIRECTION('',(0.,0.,1.));
#5992=DIRECTION('',(0.00095037995034061,-0.999999548388873,0.));
#5993=DIRECTION('',(0.999999548388873,0.00095037995034061,0.));
#5994=DIRECTION('',(0.00095037995034061,-0.999999548388873,0.));
#5995=DIRECTION('',(0.999999548388873,0.000950379950340609,0.));
#5996=DIRECTION('',(-0.709718757937687,-0.704485120234194,0.));
#5997=DIRECTION('',(0.,0.,-1.));
#5998=DIRECTION('',(0.709718757937687,0.704485120234194,0.));
#5999=DIRECTION('',(0.,0.,1.));
#6000=DIRECTION('',(0.704485120234194,-0.709718757937687,0.));
#6001=DIRECTION('',(0.709718757937687,0.704485120234194,0.));
#6002=DIRECTION('',(0.,0.,1.));
#6003=DIRECTION('',(0.999999548388873,0.000950379950340735,0.));
#6004=DIRECTION('',(0.,0.,-1.));
#6005=DIRECTION('',(-0.999999548388873,-0.000950379950340735,0.));
#6006=DIRECTION('',(-0.000950379950340735,0.999999548388873,0.));
#6007=DIRECTION('',(-0.999999548388873,-0.000950379950340734,0.));
#6008=DIRECTION('',(0.999999548388873,0.000950379950340735,0.));
#6009=DIRECTION('',(0.,0.,-1.));
#6010=DIRECTION('',(1.00000000000001,0.,0.));
#6011=DIRECTION('',(-0.709718757937687,-0.704485120234194,0.));
#6012=DIRECTION('',(-0.711056532332858,0.703134843274583,0.));
#6013=DIRECTION('',(0.,0.,-1.));
#6014=DIRECTION('',(1.00000000000001,0.,0.));
#6015=DIRECTION('',(0.,0.,1.));
#6016=DIRECTION('',(1.,0.,0.));
#6017=DIRECTION('',(0.709718757937687,0.704485120234194,0.));
#6018=DIRECTION('',(0.,0.,1.));
#6019=DIRECTION('',(1.00000000000001,0.,0.));
#6020=DIRECTION('',(-0.999999548388873,-0.000950379950340735,0.));
#6021=DIRECTION('',(0.,0.,1.));
#6022=DIRECTION('',(1.00000000000001,0.,0.));
#6023=DIRECTION('',(0.711056532332858,-0.703134843274583,0.));
#6024=DIRECTION('',(0.,0.,1.));
#6025=DIRECTION('',(1.,0.,0.));
#6026=DIRECTION('',(0.609725946257118,-0.602933153929953,-0.514495755427528));
#6027=DIRECTION('',(0.365835567754274,-0.361759892357971,0.857492925712543));
#6028=DIRECTION('',(0.502792895819555,-0.497191415767998,0.707106781186548));
#6029=DIRECTION('',(-0.502792895819555,0.497191415767998,0.707106781186547));
#6030=DIRECTION('',(-0.711056532332858,0.703134843274583,0.));
#6031=DIRECTION('',(-0.703134843274583,-0.711056532332856,0.));
#6032=DIRECTION('',(-0.365835567754272,0.361759892357973,-0.857492925712543));
#6033=DIRECTION('',(0.60972594625712,-0.60293315392995,-0.514495755427528));
#6034=DIRECTION('',(0.,0.,-1.));
#6035=DIRECTION('',(1.,0.,0.));
#6036=DIRECTION('',(0.,0.,1.));
#6037=DIRECTION('',(1.,0.,0.));
#6038=DIRECTION('',(-0.365835567754269,0.36175989235797,0.857492925712545));
#6039=DIRECTION('',(0.609725946257121,-0.602933153929952,0.514495755427524));
#6040=DIRECTION('',(0.,0.,1.));
#6041=DIRECTION('',(1.,0.,0.));
#6042=DIRECTION('',(-0.502792895819555,0.497191415767998,0.707106781186548));
#6043=DIRECTION('',(0.502792895819555,-0.497191415767998,0.707106781186547));
#6044=DIRECTION('',(0.,0.,1.));
#6045=DIRECTION('',(1.,0.,0.));
#6046=DIRECTION('',(0.609725946257118,-0.602933153929952,0.514495755427529));
#6047=DIRECTION('',(0.365835567754274,-0.361759892357972,-0.857492925712543));
#6048=DIRECTION('',(0.711056532332858,-0.703134843274583,0.));
#6049=DIRECTION('',(0.703134843274583,0.711056532332856,0.));
#6050=DIRECTION('',(-0.60857881417706,-0.604091006870572,0.514495755427526));
#6051=DIRECTION('',(0.365147288506239,0.362454604122341,0.857492925712544));
#6052=DIRECTION('',(-0.501846946473032,-0.498146205762619,-0.707106781186547));
#6053=DIRECTION('',(-0.501846946473032,-0.498146205762619,0.707106781186547));
#6054=DIRECTION('',(0.709718757937687,0.704485120234194,0.));
#6055=DIRECTION('',(-0.704485120234195,0.70971875793769,0.));
#6056=DIRECTION('',(0.501846946473032,0.498146205762619,-0.707106781186547));
#6057=DIRECTION('',(0.501846946473032,0.498146205762619,0.707106781186547));
#6058=DIRECTION('',(0.,0.,1.));
#6059=DIRECTION('',(1.,0.,0.));
#6060=DIRECTION('',(0.,0.,-1.));
#6061=DIRECTION('',(1.,0.,0.));
#6062=DIRECTION('',(0.365147288506237,0.362454604122344,-0.857492925712543));
#6063=DIRECTION('',(0.608578814177062,0.604091006870569,0.514495755427528));
#6064=DIRECTION('',(0.365147288506233,0.36245460412234,0.857492925712547));
#6065=DIRECTION('',(-0.608578814177067,-0.604091006870569,0.514495755427522));
#6066=DIRECTION('',(0.,0.,1.));
#6067=DIRECTION('',(1.,0.,0.));
#6068=DIRECTION('',(0.,0.,1.));
#6069=DIRECTION('',(1.,0.,0.));
#6070=DIRECTION('',(-0.60857881417706,-0.604091006870572,-0.514495755427526));
#6071=DIRECTION('',(-0.365147288506239,-0.362454604122341,0.857492925712544));
#6072=DIRECTION('',(-0.709718757937687,-0.704485120234194,0.));
#6073=DIRECTION('',(0.704485120234188,-0.709718757937686,0.));
#6074=DIRECTION('',(0.703134843274584,0.711056532332856,-2.43948903881139E-14));
#6075=DIRECTION('',(-0.711056532332853,0.703134843274581,0.));
#6076=DIRECTION('',(0.999999548388873,0.000950379950327704,0.));
#6077=DIRECTION('',(-0.000950379950327707,0.999999548388876,0.));
#6078=DIRECTION('',(0.,0.,1.));
#6079=DIRECTION('',(1.,0.,0.));
#6080=DIRECTION('',(0.999999548388873,0.000950379950327704,3.46944538511277E-14));
#6081=DIRECTION('',(-0.000950379950327707,0.999999548388876,0.));
#6082=DIRECTION('',(-0.999999548388873,-0.000950379950340735,0.));
#6083=DIRECTION('',(0.000950379950340734,-0.999999548388876,0.));
#6084=DIRECTION('',(0.704485120234206,-0.709718757937675,3.67533954382872E-14));
#6085=DIRECTION('',(0.709718757937669,0.704485120234209,0.));
#6086=DIRECTION('',(0.,0.,1.));
#6087=DIRECTION('',(1.,0.,0.));
#6088=DIRECTION('',(0.703134843274584,0.711056532332856,0.));
#6089=DIRECTION('',(-0.711056532332853,0.703134843274581,0.));
#6090=DIRECTION('',(0.999999548388873,0.000950379950327704,0.));
#6091=DIRECTION('',(-0.000950379950327707,0.999999548388876,0.));
#6092=DIRECTION('',(0.,0.,1.));
#6093=DIRECTION('',(1.,0.,0.));
#6094=DIRECTION('',(0.999999548388873,0.00095037995029301,0.));
#6095=DIRECTION('',(-0.000950379950293012,0.999999548388876,0.));
#6096=DIRECTION('',(0.999999548388873,0.000950379950340735,0.));
#6097=DIRECTION('',(-0.000950379950345054,0.999999548388876,0.));
#6098=DIRECTION('',(0.704485120234176,-0.709718757937705,0.));
#6099=DIRECTION('',(0.709718757937704,0.704485120234175,0.));
#6100=DIRECTION('',(0.,0.,1.));
#6101=DIRECTION('',(1.,0.,0.));
#6102=DIRECTION('',(-1.,0.,0.));
#6103=DIRECTION('',(0.,0.,1.));
#6104=DIRECTION('',(-1.,0.,0.));
#6105=DIRECTION('',(0.,0.,1.));
#6106=DIRECTION('',(1.,0.,1.01064309961486E-15));
#6107=DIRECTION('',(1.01064309961486E-15,0.,-1.));
#6108=DIRECTION('',(1.,0.,1.01064309961486E-15));
#6109=DIRECTION('',(1.01064309961486E-15,0.,-1.));
#6110=DIRECTION('',(0.,0.,1.));
#6111=DIRECTION('',(1.,0.,0.));
#6112=CARTESIAN_POINT('',(0.,0.,0.));
#6113=CARTESIAN_POINT('',(-15.8629331108829,12.,-4.5238760017551));
#6114=CARTESIAN_POINT('',(-15.8629331108829,12.,-4.5238760017551));
#6115=CARTESIAN_POINT('',(-16.6805945378052,12.,-5.7902559024236));
#6116=CARTESIAN_POINT('',(-11.8324460024917,12.,-7.1122624505929));
#6117=CARTESIAN_POINT('',(-11.8324460024917,12.,-7.1122624505929));
#6118=CARTESIAN_POINT('',(-12.6564741838378,12.,-8.3885030705878));
#6119=CARTESIAN_POINT('',(-12.6564741838378,12.,-8.3885030705878));
#6120=CARTESIAN_POINT('',(-16.6805945378052,12.,-5.7902559024236));
#6121=CARTESIAN_POINT('',(-20.,12.,20.));
#6122=CARTESIAN_POINT('',(-15.8629331108829,8.5,-4.5238760017551));
#6123=CARTESIAN_POINT('',(-15.8629331108829,8.5,-4.5238760017551));
#6124=CARTESIAN_POINT('',(-16.6805945378052,8.5,-5.7902559024236));
#6125=CARTESIAN_POINT('',(-16.6805945378052,8.5,-5.7902559024236));
#6126=CARTESIAN_POINT('',(-12.6564741838378,8.5,-8.3885030705878));
#6127=CARTESIAN_POINT('',(-12.6564741838378,8.5,-8.3885030705878));
#6128=CARTESIAN_POINT('',(-11.8324460024917,8.5,-7.1122624505929));
#6129=CARTESIAN_POINT('',(-11.8324460024917,8.5,-7.1122624505929));
#6130=CARTESIAN_POINT('',(-20.,8.5,20.));
#6131=CARTESIAN_POINT('',(-15.8629331108829,8.5,-4.5238760017551));
#6132=CARTESIAN_POINT('',(-11.8324460024917,8.5,-7.1122624505929));
#6133=CARTESIAN_POINT('',(-11.8324460024917,8.5,-7.1122624505929));
#6134=CARTESIAN_POINT('',(-12.6564741838378,8.5,-8.3885030705878));
#6135=CARTESIAN_POINT('',(-12.6564741838378,8.5,-8.3885030705878));
#6136=CARTESIAN_POINT('',(-16.6805945378052,8.5,-5.7902559024236));
#6137=CARTESIAN_POINT('',(-16.6805945378052,8.5,-5.7902559024236));
#6138=CARTESIAN_POINT('',(-15.8629331108829,8.5,-4.5238760017551));
#6139=CARTESIAN_POINT('',(-10.9091237401882,12.,-6.7094778487325));
#6140=CARTESIAN_POINT('',(-10.9091237401882,12.,-6.7094778487325));
#6141=CARTESIAN_POINT('',(-12.6849951698843,12.,-9.4599168577043));
#6142=CARTESIAN_POINT('',(-8.1975222023503,12.,-8.4602731523399));
#6143=CARTESIAN_POINT('',(-8.1975222023503,12.,-8.4602731523399));
#6144=CARTESIAN_POINT('',(-9.9733936320464,12.,-11.2107121613117));
#6145=CARTESIAN_POINT('',(-9.9733936320464,12.,-11.2107121613117));
#6146=CARTESIAN_POINT('',(-12.6849951698843,12.,-9.4599168577043));
#6147=CARTESIAN_POINT('',(-20.,12.,20.));
#6148=CARTESIAN_POINT('',(-10.9091237401882,8.5,-6.7094778487325));
#6149=CARTESIAN_POINT('',(-10.9091237401882,8.5,-6.7094778487325));
#6150=CARTESIAN_POINT('',(-12.6849951698843,8.5,-9.4599168577043));
#6151=CARTESIAN_POINT('',(-12.6849951698843,8.5,-9.4599168577043));
#6152=CARTESIAN_POINT('',(-9.9733936320464,8.5,-11.2107121613117));
#6153=CARTESIAN_POINT('',(-9.9733936320464,8.5,-11.2107121613117));
#6154=CARTESIAN_POINT('',(-8.1975222023503,8.5,-8.4602731523399));
#6155=CARTESIAN_POINT('',(-8.1975222023503,8.5,-8.4602731523399));
#6156=CARTESIAN_POINT('',(-20.,8.5,20.));
#6157=CARTESIAN_POINT('',(-10.9091237401882,8.5,-6.7094778487325));
#6158=CARTESIAN_POINT('',(-8.1975222023503,8.5,-8.4602731523399));
#6159=CARTESIAN_POINT('',(-8.1975222023503,8.5,-8.4602731523399));
#6160=CARTESIAN_POINT('',(-9.9733936320464,8.5,-11.2107121613117));
#6161=CARTESIAN_POINT('',(-9.9733936320464,8.5,-11.2107121613117));
#6162=CARTESIAN_POINT('',(-12.6849951698843,8.5,-9.4599168577043));
#6163=CARTESIAN_POINT('',(-12.6849951698843,8.5,-9.4599168577043));
#6164=CARTESIAN_POINT('',(-10.9091237401882,8.5,-6.7094778487325));
#6165=CARTESIAN_POINT('',(-9.9879072264614,12.,-14.91667951648));
#6166=CARTESIAN_POINT('',(-9.9879072264614,12.,-14.91667951648));
#6167=CARTESIAN_POINT('',(-10.7633088666699,12.,-16.1106933351213));
#6168=CARTESIAN_POINT('',(-6.3179572370315,12.,-17.5431303744861));
#6169=CARTESIAN_POINT('',(-6.3179572370315,12.,-17.5431303744861));
#6170=CARTESIAN_POINT('',(-6.98229117695,12.,-18.5661149328395));
#6171=CARTESIAN_POINT('',(-6.98229117695,12.,-18.5661149328395));
#6172=CARTESIAN_POINT('',(-10.7633088666699,12.,-16.1106933351213));
#6173=CARTESIAN_POINT('',(-20.,12.,20.));
#6174=CARTESIAN_POINT('',(-9.9879072264614,8.5,-14.91667951648));
#6175=CARTESIAN_POINT('',(-9.9879072264614,8.5,-14.91667951648));
#6176=CARTESIAN_POINT('',(-10.7633088666699,8.5,-16.1106933351213));
#6177=CARTESIAN_POINT('',(-10.7633088666699,8.5,-16.1106933351213));
#6178=CARTESIAN_POINT('',(-6.98229117695,8.5,-18.5661149328395));
#6179=CARTESIAN_POINT('',(-6.98229117695,8.5,-18.5661149328395));
#6180=CARTESIAN_POINT('',(-6.3179572370315,8.5,-17.5431303744861));
#6181=CARTESIAN_POINT('',(-6.3179572370315,8.5,-17.5431303744861));
#6182=CARTESIAN_POINT('',(-20.,8.5,20.));
#6183=CARTESIAN_POINT('',(-9.9879072264614,8.5,-14.91667951648));
#6184=CARTESIAN_POINT('',(-6.3179572370315,8.5,-17.5431303744861));
#6185=CARTESIAN_POINT('',(-6.3179572370315,8.5,-17.5431303744861));
#6186=CARTESIAN_POINT('',(-6.98229117695,8.5,-18.5661149328395));
#6187=CARTESIAN_POINT('',(-6.98229117695,8.5,-18.5661149328395));
#6188=CARTESIAN_POINT('',(-10.7633088666699,8.5,-16.1106933351213));
#6189=CARTESIAN_POINT('',(-10.7633088666699,8.5,-16.1106933351213));
#6190=CARTESIAN_POINT('',(-9.9879072264614,8.5,-14.91667951648));
#6191=CARTESIAN_POINT('',(-8.2749357144941,12.,-9.7793482399844));
#6192=CARTESIAN_POINT('',(-8.2749357144941,12.,-9.7793482399844));
#6193=CARTESIAN_POINT('',(-9.0854579171983,12.,-11.0346710334463));
#6194=CARTESIAN_POINT('',(-4.4715610897049,12.,-12.267267511469));
#6195=CARTESIAN_POINT('',(-4.4715610897049,12.,-12.267267511469));
#6196=CARTESIAN_POINT('',(-5.2674096297105,12.,-13.4998639894917));
#6197=CARTESIAN_POINT('',(-5.2674096297105,12.,-13.4998639894917));
#6198=CARTESIAN_POINT('',(-9.0854579171983,12.,-11.0346710334463));
#6199=CARTESIAN_POINT('',(-20.,12.,20.));
#6200=CARTESIAN_POINT('',(-8.2749357144941,8.5,-9.7793482399844));
#6201=CARTESIAN_POINT('',(-8.2749357144941,8.5,-9.7793482399844));
#6202=CARTESIAN_POINT('',(-9.0854579171983,8.5,-11.0346710334463));
#6203=CARTESIAN_POINT('',(-9.0854579171983,8.5,-11.0346710334463));
#6204=CARTESIAN_POINT('',(-5.2674096297105,8.5,-13.4998639894917));
#6205=CARTESIAN_POINT('',(-5.2674096297105,8.5,-13.4998639894917));
#6206=CARTESIAN_POINT('',(-4.4715610897049,8.5,-12.267267511469));
#6207=CARTESIAN_POINT('',(-4.4715610897049,8.5,-12.267267511469));
#6208=CARTESIAN_POINT('',(-20.,8.5,20.));
#6209=CARTESIAN_POINT('',(-8.2749357144941,8.5,-9.7793482399844));
#6210=CARTESIAN_POINT('',(-4.4715610897049,8.5,-12.267267511469));
#6211=CARTESIAN_POINT('',(-4.4715610897049,8.5,-12.267267511469));
#6212=CARTESIAN_POINT('',(-5.2674096297105,8.5,-13.4998639894917));
#6213=CARTESIAN_POINT('',(-5.2674096297105,8.5,-13.4998639894917));
#6214=CARTESIAN_POINT('',(-9.0854579171983,8.5,-11.0346710334463));
#6215=CARTESIAN_POINT('',(-9.0854579171983,8.5,-11.0346710334463));
#6216=CARTESIAN_POINT('',(-8.2749357144941,8.5,-9.7793482399844));
#6217=CARTESIAN_POINT('',(-5.1305837904476,12.,-17.0941003671068));
#6218=CARTESIAN_POINT('',(-5.1305837904476,12.,-17.0941003671068));
#6219=CARTESIAN_POINT('',(-6.98229117695,12.,-19.6814982934021));
#6220=CARTESIAN_POINT('',(-2.5069212811282,12.,-18.9348057551296));
#6221=CARTESIAN_POINT('',(-2.5069212811282,12.,-18.9348057551296));
#6222=CARTESIAN_POINT('',(-4.3761184052137,12.,-21.5466421597093));
#6223=CARTESIAN_POINT('',(-4.3761184052137,12.,-21.5466421597093));
#6224=CARTESIAN_POINT('',(-6.98229117695,12.,-19.6814982934021));
#6225=CARTESIAN_POINT('',(-20.,12.,20.));
#6226=CARTESIAN_POINT('',(-5.1305837904476,8.5,-17.0941003671068));
#6227=CARTESIAN_POINT('',(-5.1305837904476,8.5,-17.0941003671068));
#6228=CARTESIAN_POINT('',(-6.98229117695,8.5,-19.6814982934021));
#6229=CARTESIAN_POINT('',(-6.98229117695,8.5,-19.6814982934021));
#6230=CARTESIAN_POINT('',(-4.3761184052137,8.5,-21.5466421597093));
#6231=CARTESIAN_POINT('',(-4.3761184052137,8.5,-21.5466421597093));
#6232=CARTESIAN_POINT('',(-2.5069212811282,8.5,-18.9348057551296));
#6233=CARTESIAN_POINT('',(-2.5069212811282,8.5,-18.9348057551296));
#6234=CARTESIAN_POINT('',(-20.,8.5,20.));
#6235=CARTESIAN_POINT('',(-5.1305837904476,8.5,-17.0941003671068));
#6236=CARTESIAN_POINT('',(-2.5069212811282,8.5,-18.9348057551296));
#6237=CARTESIAN_POINT('',(-2.5069212811282,8.5,-18.9348057551296));
#6238=CARTESIAN_POINT('',(-4.3761184052137,8.5,-21.5466421597093));
#6239=CARTESIAN_POINT('',(-4.3761184052137,8.5,-21.5466421597093));
#6240=CARTESIAN_POINT('',(-6.98229117695,8.5,-19.6814982934021));
#6241=CARTESIAN_POINT('',(-6.98229117695,8.5,-19.6814982934021));
#6242=CARTESIAN_POINT('',(-5.1305837904476,8.5,-17.0941003671068));
#6243=CARTESIAN_POINT('',(-4.7998424413952,12.,-7.5953598812812));
#6244=CARTESIAN_POINT('',(-4.7998424413952,12.,-7.5953598812812));
#6245=CARTESIAN_POINT('',(-5.5481916768883,12.,-8.7477166497145));
#6246=CARTESIAN_POINT('',(-1.0221472453397,12.,-10.1512499816484));
#6247=CARTESIAN_POINT('',(-1.0221472453397,12.,-10.1512499816484));
#6248=CARTESIAN_POINT('',(-1.7236196518449,12.,-11.2314227635085));
#6249=CARTESIAN_POINT('',(-1.7236196518449,12.,-11.2314227635085));
#6250=CARTESIAN_POINT('',(-5.5481916768883,12.,-8.7477166497145));
#6251=CARTESIAN_POINT('',(-20.,12.,20.));
#6252=CARTESIAN_POINT('',(-4.7998424413952,8.5,-7.5953598812812));
#6253=CARTESIAN_POINT('',(-4.7998424413952,8.5,-7.5953598812812));
#6254=CARTESIAN_POINT('',(-5.5481916768883,8.5,-8.7477166497145));
#6255=CARTESIAN_POINT('',(-5.5481916768883,8.5,-8.7477166497145));
#6256=CARTESIAN_POINT('',(-1.7236196518449,8.5,-11.2314227635085));
#6257=CARTESIAN_POINT('',(-1.7236196518449,8.5,-11.2314227635085));
#6258=CARTESIAN_POINT('',(-1.0221472453397,8.5,-10.1512499816484));
#6259=CARTESIAN_POINT('',(-1.0221472453397,8.5,-10.1512499816484));
#6260=CARTESIAN_POINT('',(-20.,8.5,20.));
#6261=CARTESIAN_POINT('',(-4.7998424413952,8.5,-7.5953598812812));
#6262=CARTESIAN_POINT('',(-1.0221472453397,8.5,-10.1512499816484));
#6263=CARTESIAN_POINT('',(-1.0221472453397,8.5,-10.1512499816484));
#6264=CARTESIAN_POINT('',(-1.7236196518449,8.5,-11.2314227635085));
#6265=CARTESIAN_POINT('',(-1.7236196518449,8.5,-11.2314227635085));
#6266=CARTESIAN_POINT('',(-5.5481916768883,8.5,-8.7477166497145));
#6267=CARTESIAN_POINT('',(-5.5481916768883,8.5,-8.7477166497145));
#6268=CARTESIAN_POINT('',(-4.7998424413952,8.5,-7.5953598812812));
#6269=CARTESIAN_POINT('',(-2.4494473406403,12.,-20.1604153970505));
#6270=CARTESIAN_POINT('',(-2.4494473406403,12.,-20.1604153970505));
#6271=CARTESIAN_POINT('',(-3.2174441246777,12.,-21.2335402875729));
#6272=CARTESIAN_POINT('',(1.2980381778483,12.,-22.7212510435282));
#6273=CARTESIAN_POINT('',(1.2980381778483,12.,-22.7212510435282));
#6274=CARTESIAN_POINT('',(0.472726468229899,12.,-23.8744623022722));
#6275=CARTESIAN_POINT('',(0.472726468229899,12.,-23.8744623022722));
#6276=CARTESIAN_POINT('',(-3.2174441246777,12.,-21.2335402875729));
#6277=CARTESIAN_POINT('',(-20.,12.,20.));
#6278=CARTESIAN_POINT('',(-2.4494473406403,8.5,-20.1604153970505));
#6279=CARTESIAN_POINT('',(-2.4494473406403,8.5,-20.1604153970505));
#6280=CARTESIAN_POINT('',(-3.2174441246777,8.5,-21.2335402875729));
#6281=CARTESIAN_POINT('',(-3.2174441246777,8.5,-21.2335402875729));
#6282=CARTESIAN_POINT('',(0.472726468229899,8.5,-23.8744623022722));
#6283=CARTESIAN_POINT('',(0.472726468229899,8.5,-23.8744623022722));
#6284=CARTESIAN_POINT('',(1.2980381778483,8.5,-22.7212510435282));
#6285=CARTESIAN_POINT('',(1.2980381778483,8.5,-22.7212510435282));
#6286=CARTESIAN_POINT('',(-20.,8.5,20.));
#6287=CARTESIAN_POINT('',(-2.4494473406403,8.5,-20.1604153970505));
#6288=CARTESIAN_POINT('',(1.2980381778483,8.5,-22.7212510435282));
#6289=CARTESIAN_POINT('',(1.2980381778483,8.5,-22.7212510435282));
#6290=CARTESIAN_POINT('',(0.472726468229899,8.5,-23.8744623022722));
#6291=CARTESIAN_POINT('',(0.472726468229899,8.5,-23.8744623022722));
#6292=CARTESIAN_POINT('',(-3.2174441246777,8.5,-21.2335402875729));
#6293=CARTESIAN_POINT('',(-3.2174441246777,8.5,-21.2335402875729));
#6294=CARTESIAN_POINT('',(-2.4494473406403,8.5,-20.1604153970505));
#6295=CARTESIAN_POINT('',(0.0151617148506991,12.,-9.6793019091956));
#6296=CARTESIAN_POINT('',(0.0151617148506991,12.,-9.6793019091956));
#6297=CARTESIAN_POINT('',(-1.8458057797084,12.,-12.4298771249299));
#6298=CARTESIAN_POINT('',(2.7792863474523,12.,-11.5601569962846));
#6299=CARTESIAN_POINT('',(2.7792863474523,12.,-11.5601569962846));
#6300=CARTESIAN_POINT('',(0.923294423983201,12.,-14.3033781434691));
#6301=CARTESIAN_POINT('',(0.923294423983201,12.,-14.3033781434691));
#6302=CARTESIAN_POINT('',(-1.8458057797084,12.,-12.4298771249299));
#6303=CARTESIAN_POINT('',(-20.,12.,20.));
#6304=CARTESIAN_POINT('',(0.0151617148506991,8.5,-9.6793019091956));
#6305=CARTESIAN_POINT('',(0.0151617148506991,8.5,-9.6793019091956));
#6306=CARTESIAN_POINT('',(-1.8458057797084,8.5,-12.4298771249299));
#6307=CARTESIAN_POINT('',(-1.8458057797084,8.5,-12.4298771249299));
#6308=CARTESIAN_POINT('',(0.923294423983201,8.5,-14.3033781434691));
#6309=CARTESIAN_POINT('',(0.923294423983201,8.5,-14.3033781434691));
#6310=CARTESIAN_POINT('',(2.7792863474523,8.5,-11.5601569962846));
#6311=CARTESIAN_POINT('',(2.7792863474523,8.5,-11.5601569962846));
#6312=CARTESIAN_POINT('',(-20.,8.5,20.));
#6313=CARTESIAN_POINT('',(0.0151617148506991,8.5,-9.6793019091956));
#6314=CARTESIAN_POINT('',(2.7792863474523,8.5,-11.5601569962846));
#6315=CARTESIAN_POINT('',(2.7792863474523,8.5,-11.5601569962846));
#6316=CARTESIAN_POINT('',(0.923294423983201,8.5,-14.3033781434691));
#6317=CARTESIAN_POINT('',(0.923294423983201,8.5,-14.3033781434691));
#6318=CARTESIAN_POINT('',(-1.8458057797084,8.5,-12.4298771249299));
#6319=CARTESIAN_POINT('',(-1.8458057797084,8.5,-12.4298771249299));
#6320=CARTESIAN_POINT('',(0.0151617148506991,8.5,-9.6793019091956));
#6321=CARTESIAN_POINT('',(-4.4715610897049,12.,-13.4998639894917));
#6322=CARTESIAN_POINT('',(-4.4715610897049,12.,-13.4998639894917));
#6323=CARTESIAN_POINT('',(-4.7183169456689,12.,-13.7644772484428));
#6324=CARTESIAN_POINT('',(6.8053207848409,12.,-23.7525777708174));
#6325=CARTESIAN_POINT('',(6.8053207848409,12.,-23.7525777708174));
#6326=CARTESIAN_POINT('',(6.5918116894879,12.,-23.9887620497328));
#6327=CARTESIAN_POINT('',(6.5918116894879,12.,-23.9887620497328));
#6328=CARTESIAN_POINT('',(-4.7183169456689,12.,-13.7644772484428));
#6329=CARTESIAN_POINT('',(-20.,12.,20.));
#6330=CARTESIAN_POINT('',(-4.4715610897049,8.5,-13.4998639894917));
#6331=CARTESIAN_POINT('',(-4.4715610897049,8.5,-13.4998639894917));
#6332=CARTESIAN_POINT('',(-4.7183169456689,8.5,-13.7644772484428));
#6333=CARTESIAN_POINT('',(-4.7183169456689,8.5,-13.7644772484428));
#6334=CARTESIAN_POINT('',(6.5918116894879,8.5,-23.9887620497328));
#6335=CARTESIAN_POINT('',(6.5918116894879,8.5,-23.9887620497328));
#6336=CARTESIAN_POINT('',(6.8053207848409,8.5,-23.7525777708174));
#6337=CARTESIAN_POINT('',(6.8053207848409,8.5,-23.7525777708174));
#6338=CARTESIAN_POINT('',(-20.,8.5,20.));
#6339=CARTESIAN_POINT('',(-4.4715610897049,8.5,-13.4998639894917));
#6340=CARTESIAN_POINT('',(6.8053207848409,8.5,-23.7525777708174));
#6341=CARTESIAN_POINT('',(6.8053207848409,8.5,-23.7525777708174));
#6342=CARTESIAN_POINT('',(6.5918116894879,8.5,-23.9887620497328));
#6343=CARTESIAN_POINT('',(6.5918116894879,8.5,-23.9887620497328));
#6344=CARTESIAN_POINT('',(-4.7183169456689,8.5,-13.7644772484428));
#6345=CARTESIAN_POINT('',(-4.7183169456689,8.5,-13.7644772484428));
#6346=CARTESIAN_POINT('',(-4.4715610897049,8.5,-13.4998639894917));
#6347=CARTESIAN_POINT('',(2.7816794879117,12.,-12.6808827690438));
#6348=CARTESIAN_POINT('',(2.7816794879117,12.,-12.6808827690438));
#6349=CARTESIAN_POINT('',(1.8461223914667,12.,-14.0636689648853));
#6350=CARTESIAN_POINT('',(6.4387379850005,12.,-15.3242880892082));
#6351=CARTESIAN_POINT('',(6.4387379850005,12.,-15.3242880892082));
#6352=CARTESIAN_POINT('',(5.5816799877958,12.,-16.591049863635));
#6353=CARTESIAN_POINT('',(5.5816799877958,12.,-16.591049863635));
#6354=CARTESIAN_POINT('',(1.8461223914667,12.,-14.0636689648853));
#6355=CARTESIAN_POINT('',(-20.,12.,20.));
#6356=CARTESIAN_POINT('',(2.7816794879117,8.5,-12.6808827690438));
#6357=CARTESIAN_POINT('',(2.7816794879117,8.5,-12.6808827690438));
#6358=CARTESIAN_POINT('',(1.8461223914667,8.5,-14.0636689648853));
#6359=CARTESIAN_POINT('',(1.8461223914667,8.5,-14.0636689648853));
#6360=CARTESIAN_POINT('',(5.5816799877958,8.5,-16.591049863635));
#6361=CARTESIAN_POINT('',(5.5816799877958,8.5,-16.591049863635));
#6362=CARTESIAN_POINT('',(6.4387379850005,8.5,-15.3242880892082));
#6363=CARTESIAN_POINT('',(6.4387379850005,8.5,-15.3242880892082));
#6364=CARTESIAN_POINT('',(-20.,8.5,20.));
#6365=CARTESIAN_POINT('',(2.7816794879117,8.5,-12.6808827690438));
#6366=CARTESIAN_POINT('',(6.4387379850005,8.5,-15.3242880892082));
#6367=CARTESIAN_POINT('',(6.4387379850005,8.5,-15.3242880892082));
#6368=CARTESIAN_POINT('',(5.5816799877958,8.5,-16.591049863635));
#6369=CARTESIAN_POINT('',(5.5816799877958,8.5,-16.591049863635));
#6370=CARTESIAN_POINT('',(1.8461223914667,8.5,-14.0636689648853));
#6371=CARTESIAN_POINT('',(1.8461223914667,8.5,-14.0636689648853));
#6372=CARTESIAN_POINT('',(2.7816794879117,8.5,-12.6808827690438));
#6373=CARTESIAN_POINT('',(1.4540745984187,12.,-14.4960282368146));
#6374=CARTESIAN_POINT('',(1.4540745984187,12.,-14.4960282368146));
#6375=CARTESIAN_POINT('',(1.252808540721,12.,-14.7935065279132));
#6376=CARTESIAN_POINT('',(9.4207157597573,12.,-21.697821494056));
#6377=CARTESIAN_POINT('',(9.4207157597573,12.,-21.697821494056));
#6378=CARTESIAN_POINT('',(9.1901456502138,12.,-21.9514238031206));
#6379=CARTESIAN_POINT('',(9.1901456502138,12.,-21.9514238031206));
#6380=CARTESIAN_POINT('',(1.252808540721,12.,-14.7935065279132));
#6381=CARTESIAN_POINT('',(-20.,12.,20.));
#6382=CARTESIAN_POINT('',(1.4540745984187,8.5,-14.4960282368146));
#6383=CARTESIAN_POINT('',(1.4540745984187,8.5,-14.4960282368146));
#6384=CARTESIAN_POINT('',(1.252808540721,8.5,-14.7935065279132));
#6385=CARTESIAN_POINT('',(1.252808540721,8.5,-14.7935065279132));
#6386=CARTESIAN_POINT('',(9.1901456502138,8.5,-21.9514238031206));
#6387=CARTESIAN_POINT('',(9.1901456502138,8.5,-21.9514238031206));
#6388=CARTESIAN_POINT('',(9.4207157597573,8.5,-21.697821494056));
#6389=CARTESIAN_POINT('',(9.4207157597573,8.5,-21.697821494056));
#6390=CARTESIAN_POINT('',(-20.,8.5,20.));
#6391=CARTESIAN_POINT('',(1.4540745984187,8.5,-14.4960282368146));
#6392=CARTESIAN_POINT('',(9.4207157597573,8.5,-21.697821494056));
#6393=CARTESIAN_POINT('',(9.4207157597573,8.5,-21.697821494056));
#6394=CARTESIAN_POINT('',(9.1901456502138,8.5,-21.9514238031206));
#6395=CARTESIAN_POINT('',(9.1901456502138,8.5,-21.9514238031206));
#6396=CARTESIAN_POINT('',(1.252808540721,8.5,-14.7935065279132));
#6397=CARTESIAN_POINT('',(1.252808540721,8.5,-14.7935065279132));
#6398=CARTESIAN_POINT('',(1.4540745984187,8.5,-14.4960282368146));
#6399=CARTESIAN_POINT('',(1.0701896848885,12.,-23.974335435575));
#6400=CARTESIAN_POINT('',(1.0701896848885,12.,-23.974335435575));
#6401=CARTESIAN_POINT('',(0.8847027323622,12.,-24.2335170750823));
#6402=CARTESIAN_POINT('',(11.0052291586181,12.,-33.0018733790509));
#6403=CARTESIAN_POINT('',(11.0052291586181,12.,-33.0018733790509));
#6404=CARTESIAN_POINT('',(10.8016996135964,12.,-33.1984195760199));
#6405=CARTESIAN_POINT('',(10.8016996135964,12.,-33.1984195760199));
#6406=CARTESIAN_POINT('',(0.8847027323622,12.,-24.2335170750823));
#6407=CARTESIAN_POINT('',(-20.,12.,20.));
#6408=CARTESIAN_POINT('',(1.0701896848885,8.5,-23.974335435575));
#6409=CARTESIAN_POINT('',(1.0701896848885,8.5,-23.974335435575));
#6410=CARTESIAN_POINT('',(0.8847027323622,8.5,-24.2335170750823));
#6411=CARTESIAN_POINT('',(0.8847027323622,8.5,-24.2335170750823));
#6412=CARTESIAN_POINT('',(10.8016996135964,8.5,-33.1984195760199));
#6413=CARTESIAN_POINT('',(10.8016996135964,8.5,-33.1984195760199));
#6414=CARTESIAN_POINT('',(11.0052291586181,8.5,-33.0018733790509));
#6415=CARTESIAN_POINT('',(11.0052291586181,8.5,-33.0018733790509));
#6416=CARTESIAN_POINT('',(-20.,8.5,20.));
#6417=CARTESIAN_POINT('',(1.0701896848885,8.5,-23.974335435575));
#6418=CARTESIAN_POINT('',(11.0052291586181,8.5,-33.0018733790509));
#6419=CARTESIAN_POINT('',(11.0052291586181,8.5,-33.0018733790509));
#6420=CARTESIAN_POINT('',(10.8016996135964,8.5,-33.1984195760199));
#6421=CARTESIAN_POINT('',(10.8016996135964,8.5,-33.1984195760199));
#6422=CARTESIAN_POINT('',(0.8847027323622,8.5,-24.2335170750823));
#6423=CARTESIAN_POINT('',(0.8847027323622,8.5,-24.2335170750823));
#6424=CARTESIAN_POINT('',(1.0701896848885,8.5,-23.974335435575));
#6425=CARTESIAN_POINT('',(3.8303404794399,12.,-36.1046593321954));
#6426=CARTESIAN_POINT('',(3.8303404794399,12.,-36.1046593321954));
#6427=CARTESIAN_POINT('',(4.3745632184411,12.,-36.1046593321954));
#6428=CARTESIAN_POINT('',(13.3433040792937,12.,-37.4936936406514));
#6429=CARTESIAN_POINT('',(15.7632190213768,12.,-46.2407926233015));
#6430=CARTESIAN_POINT('',(15.7632190213768,12.,-46.2407926233015));
#6431=CARTESIAN_POINT('',(15.7632190213768,12.,-46.826076861568));
#6432=CARTESIAN_POINT('',(13.1161289273098,12.,-37.7709507814727));
#6433=CARTESIAN_POINT('',(13.3433040792937,12.,-37.4936936406514));
#6434=CARTESIAN_POINT('',(3.8303404794399,8.5,-36.1046593321954));
#6435=CARTESIAN_POINT('',(3.8303404794399,8.5,-36.1046593321954));
#6436=CARTESIAN_POINT('',(4.3745632184411,8.5,-36.1046593321954));
#6437=CARTESIAN_POINT('',(13.1161289273098,8.5,-37.7709507814727));
#6438=CARTESIAN_POINT('',(15.7632190213768,8.5,-46.826076861568));
#6439=CARTESIAN_POINT('',(15.7632190213768,8.5,-46.2407926233015));
#6440=CARTESIAN_POINT('',(15.7632190213768,8.5,-46.2407926233015));
#6441=CARTESIAN_POINT('',(13.3433040792937,8.5,-37.4936936406514));
#6442=CARTESIAN_POINT('',(13.3433040792937,8.5,-37.4936936406514));
#6443=CARTESIAN_POINT('',(15.7632190213768,8.5,-46.826076861568));
#6444=CARTESIAN_POINT('',(3.8303404794399,8.5,-36.1046593321954));
#6445=CARTESIAN_POINT('',(13.1161289273098,8.5,-37.7709507814727));
#6446=CARTESIAN_POINT('',(15.7632190213768,8.5,-46.2407926233015));
#6447=CARTESIAN_POINT('',(15.7632190213768,8.5,-46.2407926233015));
#6448=CARTESIAN_POINT('',(4.3745632184411,8.5,-36.1046593321954));
#6449=CARTESIAN_POINT('',(13.3433040792937,8.5,-37.4936936406514));
#6450=CARTESIAN_POINT('',(3.8303404794399,8.5,-36.1046593321954));
#6451=CARTESIAN_POINT('',(6.0572554034573,12.,-36.1046593321954));
#6452=CARTESIAN_POINT('',(6.0572554034573,12.,-36.1046593321954));
#6453=CARTESIAN_POINT('',(6.6669264849849,12.,-36.1046593321954));
#6454=CARTESIAN_POINT('',(13.6594842218007,12.,-37.2453012602013));
#6455=CARTESIAN_POINT('',(15.2754821561547,12.,-44.1435241028465));
#6456=CARTESIAN_POINT('',(15.2754821561547,12.,-44.1435241028465));
#6457=CARTESIAN_POINT('',(15.7632190213768,12.,-44.6800346545908));
#6458=CARTESIAN_POINT('',(13.4068972299961,12.,-37.5665241709621));
#6459=CARTESIAN_POINT('',(13.6594842218007,12.,-37.2453012602013));
#6460=CARTESIAN_POINT('',(6.0572554034573,8.5,-36.1046593321954));
#6461=CARTESIAN_POINT('',(6.0572554034573,8.5,-36.1046593321954));
#6462=CARTESIAN_POINT('',(6.6669264849849,8.5,-36.1046593321954));
#6463=CARTESIAN_POINT('',(13.4068972299961,8.5,-37.5665241709621));
#6464=CARTESIAN_POINT('',(15.7632190213768,8.5,-44.6800346545908));
#6465=CARTESIAN_POINT('',(15.2754821561547,8.5,-44.1435241028465));
#6466=CARTESIAN_POINT('',(15.2754821561547,8.5,-44.1435241028465));
#6467=CARTESIAN_POINT('',(13.6594842218007,8.5,-37.2453012602013));
#6468=CARTESIAN_POINT('',(13.6594842218007,8.5,-37.2453012602013));
#6469=CARTESIAN_POINT('',(15.7632190213768,8.5,-44.6800346545908));
#6470=CARTESIAN_POINT('',(6.0572554034573,8.5,-36.1046593321954));
#6471=CARTESIAN_POINT('',(13.4068972299961,8.5,-37.5665241709621));
#6472=CARTESIAN_POINT('',(15.2754821561547,8.5,-44.1435241028465));
#6473=CARTESIAN_POINT('',(15.2754821561547,8.5,-44.1435241028465));
#6474=CARTESIAN_POINT('',(6.6669264849849,8.5,-36.1046593321954));
#6475=CARTESIAN_POINT('',(13.6594842218007,8.5,-37.2453012602013));
#6476=CARTESIAN_POINT('',(6.0572554034573,8.5,-36.1046593321954));
#6477=CARTESIAN_POINT('',(8.017688269107,12.,-36.5233941111621));
#6478=CARTESIAN_POINT('',(8.017688269107,12.,-36.5233941111621));
#6479=CARTESIAN_POINT('',(8.6910344756565,12.,-36.5233941111621));
#6480=CARTESIAN_POINT('',(13.6462946705816,12.,-37.2646326787148));
#6481=CARTESIAN_POINT('',(14.885292663977,12.,-42.1194161121749));
#6482=CARTESIAN_POINT('',(14.885292663977,12.,-42.1194161121748));
#6483=CARTESIAN_POINT('',(14.885292663977,12.,-42.7290871937025));
#6484=CARTESIAN_POINT('',(13.3408711703184,12.,-37.5353349224432));
#6485=CARTESIAN_POINT('',(13.6462946705816,12.,-37.2646326787148));
#6486=CARTESIAN_POINT('',(8.017688269107,8.5,-36.5233941111621));
#6487=CARTESIAN_POINT('',(8.017688269107,8.5,-36.5233941111621));
#6488=CARTESIAN_POINT('',(8.6910344756565,8.5,-36.5233941111621));
#6489=CARTESIAN_POINT('',(13.3408711703184,8.5,-37.5353349224432));
#6490=CARTESIAN_POINT('',(14.885292663977,8.5,-42.7290871937025));
#6491=CARTESIAN_POINT('',(14.885292663977,8.5,-42.1194161121748));
#6492=CARTESIAN_POINT('',(14.885292663977,8.5,-42.1194161121749));
#6493=CARTESIAN_POINT('',(13.6462946705816,8.5,-37.2646326787148));
#6494=CARTESIAN_POINT('',(13.6462946705816,8.5,-37.2646326787148));
#6495=CARTESIAN_POINT('',(14.885292663977,8.5,-42.7290871937025));
#6496=CARTESIAN_POINT('',(8.017688269107,8.5,-36.5233941111621));
#6497=CARTESIAN_POINT('',(13.3408711703184,8.5,-37.5353349224432));
#6498=CARTESIAN_POINT('',(14.885292663977,8.5,-42.1194161121749));
#6499=CARTESIAN_POINT('',(14.885292663977,8.5,-42.1194161121748));
#6500=CARTESIAN_POINT('',(8.6910344756565,8.5,-36.5233941111621));
#6501=CARTESIAN_POINT('',(13.6462946705816,8.5,-37.2646326787148));
#6502=CARTESIAN_POINT('',(8.017688269107,8.5,-36.5233941111621));
#6503=CARTESIAN_POINT('',(10.4741655927861,12.,-21.9562022669474));
#6504=CARTESIAN_POINT('',(10.4741655927861,12.,-21.9562022669474));
#6505=CARTESIAN_POINT('',(5.8413236666007,12.,-27.0810632376525));
#6506=CARTESIAN_POINT('',(17.0623594947879,12.,-27.8974576644479));
#6507=CARTESIAN_POINT('',(17.0623594947879,12.,-27.8974576644479));
#6508=CARTESIAN_POINT('',(15.4090380623967,12.,-29.517822148971));
#6509=CARTESIAN_POINT('',(15.4090380623967,12.,-29.517822148971));
#6510=CARTESIAN_POINT('',(16.1266892751823,12.,-30.166574309464));
#6511=CARTESIAN_POINT('',(16.1266892751823,12.,-30.166574309464));
#6512=CARTESIAN_POINT('',(17.5022454362757,12.,-28.6449307491353));
#6513=CARTESIAN_POINT('',(17.5022454362757,12.,-28.6449307491353));
#6514=CARTESIAN_POINT('',(21.9269257717972,12.,-32.6448138065584));
#6515=CARTESIAN_POINT('',(21.9269257717972,12.,-32.6448138065584));
#6516=CARTESIAN_POINT('',(20.5532448338298,12.,-34.1643829905187));
#6517=CARTESIAN_POINT('',(20.5532448338298,12.,-34.1643829905187));
#6518=CARTESIAN_POINT('',(21.184593194977,12.,-34.7351179186017));
#6519=CARTESIAN_POINT('',(21.184593194977,12.,-34.7351179186017));
#6520=CARTESIAN_POINT('',(22.6724529399367,12.,-33.0892438615291));
#6521=CARTESIAN_POINT('',(22.6724529399367,12.,-33.0892438615291));
#6522=CARTESIAN_POINT('',(29.0814602572394,12.,-38.8829459686798));
#6523=CARTESIAN_POINT('',(29.0814602572394,12.,-38.8829459686798));
#6524=CARTESIAN_POINT('',(24.6529279107696,12.,-43.7817991869711));
#6525=CARTESIAN_POINT('',(24.6529279107696,12.,-43.7817991869711));
#6526=CARTESIAN_POINT('',(18.2864745493248,12.,-38.0265655869566));
#6527=CARTESIAN_POINT('',(18.2864745493248,12.,-38.0265655869566));
#6528=CARTESIAN_POINT('',(19.7466010858938,12.,-36.4113700722428));
#6529=CARTESIAN_POINT('',(19.7466010858938,12.,-36.4113700722428));
#6530=CARTESIAN_POINT('',(19.0959032491186,12.,-35.823143340489));
#6531=CARTESIAN_POINT('',(19.0959032491186,12.,-35.823143340489));
#6532=CARTESIAN_POINT('',(16.3800406245211,12.,-38.8274371602129));
#6533=CARTESIAN_POINT('',(16.3800406245211,12.,-38.8274371602129));
#6534=CARTESIAN_POINT('',(14.9646985539128,12.,-37.5479768739555));
#6535=CARTESIAN_POINT('',(14.9646985539129,12.,-37.5479768739555));
#6536=CARTESIAN_POINT('',(13.9187151789783,12.,-38.7050462192121));
#6537=CARTESIAN_POINT('',(13.9187151789783,12.,-38.7050462192121));
#6538=CARTESIAN_POINT('',(12.2046482048643,12.,-37.1555405082557));
#6539=CARTESIAN_POINT('',(12.2046482048643,12.,-37.1555405082557));
#6540=CARTESIAN_POINT('',(13.2294348001154,12.,-36.0219190920748));
#6541=CARTESIAN_POINT('',(13.2294348001154,12.,-36.0219190920748));
#6542=CARTESIAN_POINT('',(11.8881601862332,12.,-34.8094153185595));
#6543=CARTESIAN_POINT('',(11.8881601862332,12.,-34.8094153185595));
#6544=CARTESIAN_POINT('',(14.57069188868,12.,-31.8419922457269));
#6545=CARTESIAN_POINT('',(14.57069188868,12.,-31.8419922457269));
#6546=CARTESIAN_POINT('',(13.9211751985492,12.,-31.2548332630743));
#6547=CARTESIAN_POINT('',(13.9211751985492,12.,-31.2548332630743));
#6548=CARTESIAN_POINT('',(12.3639317609065,12.,-32.9774597292082));
#6549=CARTESIAN_POINT('',(12.3639317609065,12.,-32.9774597292082));
#6550=CARTESIAN_POINT('',(5.8413236666007,12.,-27.0810632376525));
#6551=CARTESIAN_POINT('',(-20.,12.,20.));
#6552=CARTESIAN_POINT('',(10.4741655927861,8.5,-21.9562022669474));
#6553=CARTESIAN_POINT('',(10.4741655927861,8.5,-21.9562022669474));
#6554=CARTESIAN_POINT('',(5.8413236666007,8.5,-27.0810632376525));
#6555=CARTESIAN_POINT('',(5.8413236666007,8.5,-27.0810632376525));
#6556=CARTESIAN_POINT('',(12.3639317609065,8.5,-32.9774597292082));
#6557=CARTESIAN_POINT('',(12.3639317609065,8.5,-32.9774597292082));
#6558=CARTESIAN_POINT('',(13.9211751985492,8.5,-31.2548332630743));
#6559=CARTESIAN_POINT('',(13.9211751985492,8.5,-31.2548332630743));
#6560=CARTESIAN_POINT('',(14.57069188868,8.5,-31.8419922457269));
#6561=CARTESIAN_POINT('',(14.57069188868,8.5,-31.8419922457269));
#6562=CARTESIAN_POINT('',(11.8881601862332,8.5,-34.8094153185595));
#6563=CARTESIAN_POINT('',(11.8881601862332,8.5,-34.8094153185595));
#6564=CARTESIAN_POINT('',(13.2294348001154,8.5,-36.0219190920748));
#6565=CARTESIAN_POINT('',(13.2294348001154,8.5,-36.0219190920748));
#6566=CARTESIAN_POINT('',(12.2046482048643,8.5,-37.1555405082557));
#6567=CARTESIAN_POINT('',(12.2046482048643,8.5,-37.1555405082557));
#6568=CARTESIAN_POINT('',(13.9187151789783,8.5,-38.7050462192121));
#6569=CARTESIAN_POINT('',(13.9187151789783,8.5,-38.7050462192121));
#6570=CARTESIAN_POINT('',(14.9646985539129,8.5,-37.5479768739555));
#6571=CARTESIAN_POINT('',(14.9646985539128,8.5,-37.5479768739555));
#6572=CARTESIAN_POINT('',(16.3800406245211,8.5,-38.8274371602129));
#6573=CARTESIAN_POINT('',(16.3800406245211,8.5,-38.8274371602129));
#6574=CARTESIAN_POINT('',(19.0959032491186,8.5,-35.823143340489));
#6575=CARTESIAN_POINT('',(19.0959032491186,8.5,-35.823143340489));
#6576=CARTESIAN_POINT('',(19.7466010858938,8.5,-36.4113700722428));
#6577=CARTESIAN_POINT('',(19.7466010858938,8.5,-36.4113700722428));
#6578=CARTESIAN_POINT('',(18.2864745493248,8.5,-38.0265655869566));
#6579=CARTESIAN_POINT('',(18.2864745493248,8.5,-38.0265655869566));
#6580=CARTESIAN_POINT('',(24.6529279107696,8.5,-43.7817991869711));
#6581=CARTESIAN_POINT('',(24.6529279107696,8.5,-43.7817991869711));
#6582=CARTESIAN_POINT('',(29.0814602572394,8.5,-38.8829459686798));
#6583=CARTESIAN_POINT('',(29.0814602572394,8.5,-38.8829459686798));
#6584=CARTESIAN_POINT('',(22.6724529399367,8.5,-33.0892438615291));
#6585=CARTESIAN_POINT('',(22.6724529399367,8.5,-33.0892438615291));
#6586=CARTESIAN_POINT('',(21.184593194977,8.5,-34.7351179186017));
#6587=CARTESIAN_POINT('',(21.184593194977,8.5,-34.7351179186017));
#6588=CARTESIAN_POINT('',(20.5532448338298,8.5,-34.1643829905187));
#6589=CARTESIAN_POINT('',(20.5532448338298,8.5,-34.1643829905187));
#6590=CARTESIAN_POINT('',(21.9269257717972,8.5,-32.6448138065584));
#6591=CARTESIAN_POINT('',(21.9269257717972,8.5,-32.6448138065584));
#6592=CARTESIAN_POINT('',(17.5022454362757,8.5,-28.6449307491353));
#6593=CARTESIAN_POINT('',(17.5022454362757,8.5,-28.6449307491353));
#6594=CARTESIAN_POINT('',(16.1266892751823,8.5,-30.166574309464));
#6595=CARTESIAN_POINT('',(16.1266892751823,8.5,-30.166574309464));
#6596=CARTESIAN_POINT('',(15.4090380623967,8.5,-29.517822148971));
#6597=CARTESIAN_POINT('',(15.4090380623967,8.5,-29.517822148971));
#6598=CARTESIAN_POINT('',(17.0623594947879,8.5,-27.8974576644479));
#6599=CARTESIAN_POINT('',(17.0623594947879,8.5,-27.8974576644479));
#6600=CARTESIAN_POINT('',(-20.,8.5,20.));
#6601=CARTESIAN_POINT('',(10.4741655927861,8.5,-21.9562022669474));
#6602=CARTESIAN_POINT('',(17.0623594947879,8.5,-27.8974576644479));
#6603=CARTESIAN_POINT('',(17.0623594947879,8.5,-27.8974576644479));
#6604=CARTESIAN_POINT('',(15.4090380623967,8.5,-29.517822148971));
#6605=CARTESIAN_POINT('',(15.4090380623967,8.5,-29.517822148971));
#6606=CARTESIAN_POINT('',(16.1266892751823,8.5,-30.166574309464));
#6607=CARTESIAN_POINT('',(16.1266892751823,8.5,-30.166574309464));
#6608=CARTESIAN_POINT('',(17.5022454362757,8.5,-28.6449307491353));
#6609=CARTESIAN_POINT('',(17.5022454362757,8.5,-28.6449307491353));
#6610=CARTESIAN_POINT('',(21.9269257717972,8.5,-32.6448138065584));
#6611=CARTESIAN_POINT('',(21.9269257717972,8.5,-32.6448138065584));
#6612=CARTESIAN_POINT('',(20.5532448338298,8.5,-34.1643829905187));
#6613=CARTESIAN_POINT('',(20.5532448338298,8.5,-34.1643829905187));
#6614=CARTESIAN_POINT('',(21.184593194977,8.5,-34.7351179186017));
#6615=CARTESIAN_POINT('',(21.184593194977,8.5,-34.7351179186017));
#6616=CARTESIAN_POINT('',(22.6724529399367,8.5,-33.0892438615291));
#6617=CARTESIAN_POINT('',(22.6724529399367,8.5,-33.0892438615291));
#6618=CARTESIAN_POINT('',(29.0814602572394,8.5,-38.8829459686798));
#6619=CARTESIAN_POINT('',(29.0814602572394,8.5,-38.8829459686798));
#6620=CARTESIAN_POINT('',(24.6529279107696,8.5,-43.7817991869711));
#6621=CARTESIAN_POINT('',(24.6529279107696,8.5,-43.7817991869711));
#6622=CARTESIAN_POINT('',(18.2864745493248,8.5,-38.0265655869566));
#6623=CARTESIAN_POINT('',(18.2864745493248,8.5,-38.0265655869566));
#6624=CARTESIAN_POINT('',(19.7466010858938,8.5,-36.4113700722428));
#6625=CARTESIAN_POINT('',(19.7466010858938,8.5,-36.4113700722428));
#6626=CARTESIAN_POINT('',(19.0959032491186,8.5,-35.823143340489));
#6627=CARTESIAN_POINT('',(19.0959032491186,8.5,-35.823143340489));
#6628=CARTESIAN_POINT('',(16.3800406245211,8.5,-38.8274371602129));
#6629=CARTESIAN_POINT('',(16.3800406245211,8.5,-38.8274371602129));
#6630=CARTESIAN_POINT('',(14.9646985539129,8.5,-37.5479768739555));
#6631=CARTESIAN_POINT('',(14.9646985539128,8.5,-37.5479768739555));
#6632=CARTESIAN_POINT('',(13.9187151789783,8.5,-38.7050462192121));
#6633=CARTESIAN_POINT('',(13.9187151789783,8.5,-38.7050462192121));
#6634=CARTESIAN_POINT('',(12.2046482048643,8.5,-37.1555405082557));
#6635=CARTESIAN_POINT('',(12.2046482048643,8.5,-37.1555405082557));
#6636=CARTESIAN_POINT('',(13.2294348001154,8.5,-36.0219190920748));
#6637=CARTESIAN_POINT('',(13.2294348001154,8.5,-36.0219190920748));
#6638=CARTESIAN_POINT('',(11.8881601862332,8.5,-34.8094153185595));
#6639=CARTESIAN_POINT('',(11.8881601862332,8.5,-34.8094153185595));
#6640=CARTESIAN_POINT('',(14.57069188868,8.5,-31.8419922457269));
#6641=CARTESIAN_POINT('',(14.57069188868,8.5,-31.8419922457269));
#6642=CARTESIAN_POINT('',(13.9211751985492,8.5,-31.2548332630743));
#6643=CARTESIAN_POINT('',(13.9211751985492,8.5,-31.2548332630743));
#6644=CARTESIAN_POINT('',(12.3639317609065,8.5,-32.9774597292082));
#6645=CARTESIAN_POINT('',(12.3639317609065,8.5,-32.9774597292082));
#6646=CARTESIAN_POINT('',(5.8413236666007,8.5,-27.0810632376525));
#6647=CARTESIAN_POINT('',(5.8413236666007,8.5,-27.0810632376525));
#6648=CARTESIAN_POINT('',(10.4741655927861,8.5,-21.9562022669474));
#6649=CARTESIAN_POINT('',(17.9835760085146,12.,-38.8683088733756));
#6650=CARTESIAN_POINT('',(17.9835760085146,12.,-38.8683088733756));
#6651=CARTESIAN_POINT('',(17.2126812158183,12.,-39.1955342988223));
#6652=CARTESIAN_POINT('',(28.9414712220302,12.,-49.0021232781962));
#6653=CARTESIAN_POINT('',(28.9414712220302,12.,-49.0021232781962));
#6654=CARTESIAN_POINT('',(28.1040016640967,12.,-49.0021232781962));
#6655=CARTESIAN_POINT('',(28.1040016640967,12.,-49.0021232781962));
#6656=CARTESIAN_POINT('',(17.2126812158183,12.,-39.1955342988224));
#6657=CARTESIAN_POINT('',(-20.,12.,20.));
#6658=CARTESIAN_POINT('',(17.9835760085146,8.5,-38.8683088733756));
#6659=CARTESIAN_POINT('',(17.9835760085146,8.5,-38.8683088733756));
#6660=CARTESIAN_POINT('',(17.2126812158183,8.5,-39.1955342988223));
#6661=CARTESIAN_POINT('',(17.2126812158183,8.5,-39.1955342988224));
#6662=CARTESIAN_POINT('',(28.1040016640967,8.5,-49.0021232781962));
#6663=CARTESIAN_POINT('',(28.1040016640967,8.5,-49.0021232781962));
#6664=CARTESIAN_POINT('',(28.9414712220302,8.5,-49.0021232781962));
#6665=CARTESIAN_POINT('',(28.9414712220302,8.5,-49.0021232781962));
#6666=CARTESIAN_POINT('',(-20.,8.5,20.));
#6667=CARTESIAN_POINT('',(17.9835760085146,8.5,-38.8683088733756));
#6668=CARTESIAN_POINT('',(28.9414712220302,8.5,-49.0021232781962));
#6669=CARTESIAN_POINT('',(28.9414712220302,8.5,-49.0021232781962));
#6670=CARTESIAN_POINT('',(28.1040016640967,8.5,-49.0021232781962));
#6671=CARTESIAN_POINT('',(28.1040016640967,8.5,-49.0021232781962));
#6672=CARTESIAN_POINT('',(17.2126812158183,8.5,-39.1955342988223));
#6673=CARTESIAN_POINT('',(17.2126812158183,8.5,-39.1955342988224));
#6674=CARTESIAN_POINT('',(17.9835760085146,8.5,-38.8683088733756));
#6675=CARTESIAN_POINT('',(21.5042332674734,12.,-27.6113989451625));
#6676=CARTESIAN_POINT('',(21.5042332674734,12.,-27.6113989451625));
#6677=CARTESIAN_POINT('',(21.1705247599104,12.,-28.0772587895549));
#6678=CARTESIAN_POINT('',(24.3136507830699,12.,-25.9162347410431));
#6679=CARTESIAN_POINT('',(24.3136507830699,12.,-25.9162347410431));
#6680=CARTESIAN_POINT('',(25.9395368088821,12.,-25.8875307254077));
#6681=CARTESIAN_POINT('',(25.9395368088821,12.,-25.8875307254077));
#6682=CARTESIAN_POINT('',(27.3403991180102,12.,-27.224056678818));
#6683=CARTESIAN_POINT('',(27.3403991180102,12.,-27.224056678818));
#6684=CARTESIAN_POINT('',(28.6909727842789,12.,-30.2574947991244));
#6685=CARTESIAN_POINT('',(28.6909727842789,12.,-30.2574947991244));
#6686=CARTESIAN_POINT('',(28.9156904105536,12.,-30.4873143481341));
#6687=CARTESIAN_POINT('',(28.9156904105533,12.,-30.4873143481344));
#6688=CARTESIAN_POINT('',(29.3312885185124,12.,-30.9123480730082));
#6689=CARTESIAN_POINT('',(29.9227922697615,12.,-30.9714984481331));
#6690=CARTESIAN_POINT('',(30.1687580764458,12.,-30.9960950288015));
#6691=CARTESIAN_POINT('',(30.1687580764458,12.,-30.9960950288015));
#6692=CARTESIAN_POINT('',(31.1884594134691,12.,-31.2395948682239));
#6693=CARTESIAN_POINT('',(31.1884594134691,12.,-31.2395948682239));
#6694=CARTESIAN_POINT('',(31.9693176260027,12.,-31.6660706751482));
#6695=CARTESIAN_POINT('',(31.9693176260027,12.,-31.6660706751482));
#6696=CARTESIAN_POINT('',(31.9657208817951,12.,-32.6437865373672));
#6697=CARTESIAN_POINT('',(31.9657208817951,12.,-32.6437865373672));
#6698=CARTESIAN_POINT('',(31.3446193001796,12.,-34.5553406500185));
#6699=CARTESIAN_POINT('',(31.3446193001796,12.,-34.5553406500185));
#6700=CARTESIAN_POINT('',(30.9643541564826,12.,-34.3459732605352));
#6701=CARTESIAN_POINT('',(30.9643541564826,12.,-34.3459732605352));
#6702=CARTESIAN_POINT('',(31.3446193001796,12.,-32.4419784001389));
#6703=CARTESIAN_POINT('',(31.3446193001796,12.,-32.4419784001389));
#6704=CARTESIAN_POINT('',(31.0816892997747,12.,-31.7134977620839));
#6705=CARTESIAN_POINT('',(31.0816892997747,12.,-31.7134977620839));
#6706=CARTESIAN_POINT('',(30.0590372628507,12.,-31.4830947076463));
#6707=CARTESIAN_POINT('',(30.0590372628507,12.,-31.4830947076463));
#6708=CARTESIAN_POINT('',(29.799048064082,12.,-31.2791947196437));
#6709=CARTESIAN_POINT('',(29.7990480640813,12.,-31.2791947196447));
#6710=CARTESIAN_POINT('',(29.3312885185124,12.,-30.9123480730082));
#6711=CARTESIAN_POINT('',(28.8099988640365,12.,-31.1980621796877));
#6712=CARTESIAN_POINT('',(28.4946489497869,12.,-31.3709025924365));
#6713=CARTESIAN_POINT('',(28.4946489497869,12.,-31.3709025924365));
#6714=CARTESIAN_POINT('',(28.1914070259763,12.,-31.5059145955051));
#6715=CARTESIAN_POINT('',(28.1914070259763,12.,-31.5059145955051));
#6716=CARTESIAN_POINT('',(27.9075084000659,12.,-31.6612963950328));
#6717=CARTESIAN_POINT('',(27.9075084000654,12.,-31.6612963950319));
#6718=CARTESIAN_POINT('',(27.3632350573689,12.,-31.9591850204249));
#6719=CARTESIAN_POINT('',(27.5649583190586,12.,-32.5459378051664));
#6720=CARTESIAN_POINT('',(27.6367578090731,12.,-32.7547811004617));
#6721=CARTESIAN_POINT('',(27.6367578090731,12.,-32.7547811004617));
#6722=CARTESIAN_POINT('',(27.3881129738401,12.,-33.8583999211509));
#6723=CARTESIAN_POINT('',(27.3881129738401,12.,-33.8583999211509));
#6724=CARTESIAN_POINT('',(27.8657167921289,12.,-34.5553406500185));
#6725=CARTESIAN_POINT('',(27.8657167921289,12.,-34.5553406500185));
#6726=CARTESIAN_POINT('',(29.705171974544,12.,-34.7847684017108));
#6727=CARTESIAN_POINT('',(29.705171974544,12.,-34.7847684017108));
#6728=CARTESIAN_POINT('',(29.705171974544,12.,-35.1786398311196));
#6729=CARTESIAN_POINT('',(29.705171974544,12.,-35.1786398311196));
#6730=CARTESIAN_POINT('',(27.8255721373863,12.,-35.0141961534031));
#6731=CARTESIAN_POINT('',(27.8255721373863,12.,-35.0141961534031));
#6732=CARTESIAN_POINT('',(26.9026268005055,12.,-34.6809610837086));
#6733=CARTESIAN_POINT('',(26.9026268005055,12.,-34.6809610837086));
#6734=CARTESIAN_POINT('',(26.9482328121354,12.,-33.7887297479294));
#6735=CARTESIAN_POINT('',(26.9482328121354,12.,-33.7887297479294));
#6736=CARTESIAN_POINT('',(27.1119941899889,12.,-32.7547811004617));
#6737=CARTESIAN_POINT('',(27.1119941899889,12.,-32.7547811004617));
#6738=CARTESIAN_POINT('',(27.1763949691571,12.,-32.5508452997624));
#6739=CARTESIAN_POINT('',(27.1763949691564,12.,-32.5508452997621));
#6740=CARTESIAN_POINT('',(27.3632350573689,12.,-31.9591850204249));
#6741=CARTESIAN_POINT('',(27.4233157113301,12.,-31.341640350196));
#6742=CARTESIAN_POINT('',(27.4539279026978,12.,-31.0269900530235));
#6743=CARTESIAN_POINT('',(27.4539279026978,12.,-31.0269900530235));
#6744=CARTESIAN_POINT('',(26.0232837646754,12.,-27.8137107086546));
#6745=CARTESIAN_POINT('',(26.0232837646754,12.,-27.8137107086546));
#6746=CARTESIAN_POINT('',(25.4048206587649,12.,-27.7246446601644));
#6747=CARTESIAN_POINT('',(25.4048206587649,12.,-27.7246446601644));
#6748=CARTESIAN_POINT('',(22.5878072231858,12.,-29.4243921387811));
#6749=CARTESIAN_POINT('',(22.5878072231858,12.,-29.4243921387811));
#6750=CARTESIAN_POINT('',(21.9046440201963,12.,-29.3519144555292));
#6751=CARTESIAN_POINT('',(21.9046440201963,12.,-29.3519144555292));
#6752=CARTESIAN_POINT('',(20.6602198801102,12.,-29.2198918608381));
#6753=CARTESIAN_POINT('',(20.6602198801102,12.,-29.2198918608381));
#6754=CARTESIAN_POINT('',(21.5042332674734,8.5,-27.6113989451625));
#6755=CARTESIAN_POINT('',(21.5042332674734,8.5,-27.6113989451625));
#6756=CARTESIAN_POINT('',(21.1705247599104,8.5,-28.0772587895549));
#6757=CARTESIAN_POINT('',(20.6602198801102,8.5,-29.2198918608381));
#6758=CARTESIAN_POINT('',(21.9046440201963,8.5,-29.3519144555292));
#6759=CARTESIAN_POINT('',(21.9046440201963,8.5,-29.3519144555292));
#6760=CARTESIAN_POINT('',(22.5878072231858,8.5,-29.4243921387811));
#6761=CARTESIAN_POINT('',(22.5878072231858,8.5,-29.4243921387811));
#6762=CARTESIAN_POINT('',(25.4048206587649,8.5,-27.7246446601644));
#6763=CARTESIAN_POINT('',(25.4048206587649,8.5,-27.7246446601644));
#6764=CARTESIAN_POINT('',(26.0232837646754,8.5,-27.8137107086546));
#6765=CARTESIAN_POINT('',(26.0232837646754,8.5,-27.8137107086546));
#6766=CARTESIAN_POINT('',(27.4539279026978,8.5,-31.0269900530235));
#6767=CARTESIAN_POINT('',(27.4539279026978,8.5,-31.0269900530235));
#6768=CARTESIAN_POINT('',(27.4233157113301,8.5,-31.341640350196));
#6769=CARTESIAN_POINT('',(27.3632350573689,8.5,-31.9591850204249));
#6770=CARTESIAN_POINT('',(27.1763949691564,8.5,-32.5508452997621));
#6771=CARTESIAN_POINT('',(27.1763949691571,8.5,-32.5508452997624));
#6772=CARTESIAN_POINT('',(27.1119941899889,8.5,-32.7547811004617));
#6773=CARTESIAN_POINT('',(27.1119941899889,8.5,-32.7547811004617));
#6774=CARTESIAN_POINT('',(26.9482328121354,8.5,-33.7887297479294));
#6775=CARTESIAN_POINT('',(26.9482328121354,8.5,-33.7887297479294));
#6776=CARTESIAN_POINT('',(26.9026268005055,8.5,-34.6809610837086));
#6777=CARTESIAN_POINT('',(26.9026268005055,8.5,-34.6809610837086));
#6778=CARTESIAN_POINT('',(27.8255721373863,8.5,-35.0141961534031));
#6779=CARTESIAN_POINT('',(27.8255721373863,8.5,-35.0141961534031));
#6780=CARTESIAN_POINT('',(29.705171974544,8.5,-35.1786398311196));
#6781=CARTESIAN_POINT('',(29.705171974544,8.5,-35.1786398311196));
#6782=CARTESIAN_POINT('',(29.705171974544,8.5,-34.7847684017108));
#6783=CARTESIAN_POINT('',(29.705171974544,8.5,-34.7847684017108));
#6784=CARTESIAN_POINT('',(27.8657167921289,8.5,-34.5553406500185));
#6785=CARTESIAN_POINT('',(27.8657167921289,8.5,-34.5553406500185));
#6786=CARTESIAN_POINT('',(27.3881129738401,8.5,-33.8583999211509));
#6787=CARTESIAN_POINT('',(27.3881129738401,8.5,-33.8583999211509));
#6788=CARTESIAN_POINT('',(27.6367578090731,8.5,-32.7547811004617));
#6789=CARTESIAN_POINT('',(27.6367578090731,8.5,-32.7547811004617));
#6790=CARTESIAN_POINT('',(27.5649583190586,8.5,-32.5459378051664));
#6791=CARTESIAN_POINT('',(27.3632350573689,8.5,-31.9591850204249));
#6792=CARTESIAN_POINT('',(27.9075084000654,8.5,-31.6612963950319));
#6793=CARTESIAN_POINT('',(27.9075084000659,8.5,-31.6612963950328));
#6794=CARTESIAN_POINT('',(28.1914070259763,8.5,-31.5059145955051));
#6795=CARTESIAN_POINT('',(28.1914070259763,8.5,-31.5059145955051));
#6796=CARTESIAN_POINT('',(28.4946489497869,8.5,-31.3709025924365));
#6797=CARTESIAN_POINT('',(28.4946489497869,8.5,-31.3709025924365));
#6798=CARTESIAN_POINT('',(28.8099988640365,8.5,-31.1980621796877));
#6799=CARTESIAN_POINT('',(29.3312885185124,8.5,-30.9123480730082));
#6800=CARTESIAN_POINT('',(29.7990480640813,8.5,-31.2791947196447));
#6801=CARTESIAN_POINT('',(29.799048064082,8.5,-31.2791947196437));
#6802=CARTESIAN_POINT('',(30.0590372628507,8.5,-31.4830947076463));
#6803=CARTESIAN_POINT('',(30.0590372628507,8.5,-31.4830947076463));
#6804=CARTESIAN_POINT('',(31.0816892997747,8.5,-31.7134977620839));
#6805=CARTESIAN_POINT('',(31.0816892997747,8.5,-31.7134977620839));
#6806=CARTESIAN_POINT('',(31.3446193001796,8.5,-32.4419784001389));
#6807=CARTESIAN_POINT('',(31.3446193001796,8.5,-32.4419784001389));
#6808=CARTESIAN_POINT('',(30.9643541564826,8.5,-34.3459732605352));
#6809=CARTESIAN_POINT('',(30.9643541564826,8.5,-34.3459732605352));
#6810=CARTESIAN_POINT('',(31.3446193001796,8.5,-34.5553406500185));
#6811=CARTESIAN_POINT('',(31.3446193001796,8.5,-34.5553406500185));
#6812=CARTESIAN_POINT('',(31.9657208817951,8.5,-32.6437865373672));
#6813=CARTESIAN_POINT('',(31.9657208817951,8.5,-32.6437865373672));
#6814=CARTESIAN_POINT('',(31.9693176260027,8.5,-31.6660706751482));
#6815=CARTESIAN_POINT('',(31.9693176260027,8.5,-31.6660706751482));
#6816=CARTESIAN_POINT('',(31.1884594134691,8.5,-31.2395948682239));
#6817=CARTESIAN_POINT('',(31.1884594134691,8.5,-31.2395948682239));
#6818=CARTESIAN_POINT('',(30.1687580764458,8.5,-30.9960950288015));
#6819=CARTESIAN_POINT('',(30.1687580764458,8.5,-30.9960950288015));
#6820=CARTESIAN_POINT('',(29.9227922697615,8.5,-30.9714984481331));
#6821=CARTESIAN_POINT('',(29.3312885185124,8.5,-30.9123480730082));
#6822=CARTESIAN_POINT('',(28.9156904105533,8.5,-30.4873143481344));
#6823=CARTESIAN_POINT('',(28.9156904105536,8.5,-30.4873143481341));
#6824=CARTESIAN_POINT('',(28.6909727842789,8.5,-30.2574947991244));
#6825=CARTESIAN_POINT('',(28.6909727842789,8.5,-30.2574947991244));
#6826=CARTESIAN_POINT('',(27.3403991180102,8.5,-27.224056678818));
#6827=CARTESIAN_POINT('',(27.3403991180102,8.5,-27.224056678818));
#6828=CARTESIAN_POINT('',(25.9395368088821,8.5,-25.8875307254077));
#6829=CARTESIAN_POINT('',(25.9395368088821,8.5,-25.8875307254077));
#6830=CARTESIAN_POINT('',(24.3136507830699,8.5,-25.9162347410431));
#6831=CARTESIAN_POINT('',(24.3136507830699,8.5,-25.9162347410431));
#6832=CARTESIAN_POINT('',(20.6602198801102,8.5,-29.2198918608381));
#6833=CARTESIAN_POINT('',(21.5042332674734,8.5,-27.6113989451625));
#6834=CARTESIAN_POINT('',(24.3136507830699,8.5,-25.9162347410431));
#6835=CARTESIAN_POINT('',(24.3136507830699,8.5,-25.9162347410431));
#6836=CARTESIAN_POINT('',(25.9395368088821,8.5,-25.8875307254077));
#6837=CARTESIAN_POINT('',(25.9395368088821,8.5,-25.8875307254077));
#6838=CARTESIAN_POINT('',(27.3403991180102,8.5,-27.224056678818));
#6839=CARTESIAN_POINT('',(27.3403991180102,8.5,-27.224056678818));
#6840=CARTESIAN_POINT('',(28.6909727842789,8.5,-30.2574947991244));
#6841=CARTESIAN_POINT('',(28.6909727842789,8.5,-30.2574947991244));
#6842=CARTESIAN_POINT('',(28.9156904105533,8.5,-30.4873143481344));
#6843=CARTESIAN_POINT('',(28.9156904105536,8.5,-30.4873143481341));
#6844=CARTESIAN_POINT('',(29.9227922697615,8.5,-30.9714984481331));
#6845=CARTESIAN_POINT('',(29.3312885185124,8.5,-30.9123480730082));
#6846=CARTESIAN_POINT('',(30.1687580764458,8.5,-30.9960950288015));
#6847=CARTESIAN_POINT('',(30.1687580764458,8.5,-30.9960950288015));
#6848=CARTESIAN_POINT('',(31.1884594134691,8.5,-31.2395948682239));
#6849=CARTESIAN_POINT('',(31.1884594134691,8.5,-31.2395948682239));
#6850=CARTESIAN_POINT('',(31.9693176260027,8.5,-31.6660706751482));
#6851=CARTESIAN_POINT('',(31.9693176260027,8.5,-31.6660706751482));
#6852=CARTESIAN_POINT('',(31.9657208817951,8.5,-32.6437865373672));
#6853=CARTESIAN_POINT('',(31.9657208817951,8.5,-32.6437865373672));
#6854=CARTESIAN_POINT('',(31.3446193001796,8.5,-34.5553406500185));
#6855=CARTESIAN_POINT('',(31.3446193001796,8.5,-34.5553406500185));
#6856=CARTESIAN_POINT('',(30.9643541564826,8.5,-34.3459732605352));
#6857=CARTESIAN_POINT('',(30.9643541564826,8.5,-34.3459732605352));
#6858=CARTESIAN_POINT('',(31.3446193001796,8.5,-32.4419784001389));
#6859=CARTESIAN_POINT('',(31.3446193001796,8.5,-32.4419784001389));
#6860=CARTESIAN_POINT('',(31.0816892997747,8.5,-31.7134977620839));
#6861=CARTESIAN_POINT('',(31.0816892997747,8.5,-31.7134977620839));
#6862=CARTESIAN_POINT('',(30.0590372628507,8.5,-31.4830947076463));
#6863=CARTESIAN_POINT('',(30.0590372628507,8.5,-31.4830947076463));
#6864=CARTESIAN_POINT('',(29.7990480640813,8.5,-31.2791947196447));
#6865=CARTESIAN_POINT('',(29.799048064082,8.5,-31.2791947196437));
#6866=CARTESIAN_POINT('',(28.8099988640365,8.5,-31.1980621796877));
#6867=CARTESIAN_POINT('',(29.3312885185124,8.5,-30.9123480730082));
#6868=CARTESIAN_POINT('',(28.4946489497869,8.5,-31.3709025924365));
#6869=CARTESIAN_POINT('',(28.4946489497869,8.5,-31.3709025924365));
#6870=CARTESIAN_POINT('',(28.1914070259763,8.5,-31.5059145955051));
#6871=CARTESIAN_POINT('',(28.1914070259763,8.5,-31.5059145955051));
#6872=CARTESIAN_POINT('',(27.9075084000654,8.5,-31.6612963950319));
#6873=CARTESIAN_POINT('',(27.9075084000659,8.5,-31.6612963950328));
#6874=CARTESIAN_POINT('',(27.5649583190586,8.5,-32.5459378051664));
#6875=CARTESIAN_POINT('',(27.3632350573689,8.5,-31.9591850204249));
#6876=CARTESIAN_POINT('',(27.6367578090731,8.5,-32.7547811004617));
#6877=CARTESIAN_POINT('',(27.6367578090731,8.5,-32.7547811004617));
#6878=CARTESIAN_POINT('',(27.3881129738401,8.5,-33.8583999211509));
#6879=CARTESIAN_POINT('',(27.3881129738401,8.5,-33.8583999211509));
#6880=CARTESIAN_POINT('',(27.8657167921289,8.5,-34.5553406500185));
#6881=CARTESIAN_POINT('',(27.8657167921289,8.5,-34.5553406500185));
#6882=CARTESIAN_POINT('',(29.705171974544,8.5,-34.7847684017108));
#6883=CARTESIAN_POINT('',(29.705171974544,8.5,-34.7847684017108));
#6884=CARTESIAN_POINT('',(29.705171974544,8.5,-35.1786398311196));
#6885=CARTESIAN_POINT('',(29.705171974544,8.5,-35.1786398311196));
#6886=CARTESIAN_POINT('',(27.8255721373863,8.5,-35.0141961534031));
#6887=CARTESIAN_POINT('',(27.8255721373863,8.5,-35.0141961534031));
#6888=CARTESIAN_POINT('',(26.9026268005055,8.5,-34.6809610837086));
#6889=CARTESIAN_POINT('',(26.9026268005055,8.5,-34.6809610837086));
#6890=CARTESIAN_POINT('',(26.9482328121354,8.5,-33.7887297479294));
#6891=CARTESIAN_POINT('',(26.9482328121354,8.5,-33.7887297479294));
#6892=CARTESIAN_POINT('',(27.1119941899889,8.5,-32.7547811004617));
#6893=CARTESIAN_POINT('',(27.1119941899889,8.5,-32.7547811004617));
#6894=CARTESIAN_POINT('',(27.1763949691564,8.5,-32.5508452997621));
#6895=CARTESIAN_POINT('',(27.1763949691571,8.5,-32.5508452997624));
#6896=CARTESIAN_POINT('',(27.4233157113301,8.5,-31.341640350196));
#6897=CARTESIAN_POINT('',(27.3632350573689,8.5,-31.9591850204249));
#6898=CARTESIAN_POINT('',(27.4539279026978,8.5,-31.0269900530235));
#6899=CARTESIAN_POINT('',(27.4539279026978,8.5,-31.0269900530235));
#6900=CARTESIAN_POINT('',(26.0232837646754,8.5,-27.8137107086546));
#6901=CARTESIAN_POINT('',(26.0232837646754,8.5,-27.8137107086546));
#6902=CARTESIAN_POINT('',(25.4048206587649,8.5,-27.7246446601644));
#6903=CARTESIAN_POINT('',(25.4048206587649,8.5,-27.7246446601644));
#6904=CARTESIAN_POINT('',(22.5878072231858,8.5,-29.4243921387811));
#6905=CARTESIAN_POINT('',(22.5878072231858,8.5,-29.4243921387811));
#6906=CARTESIAN_POINT('',(21.9046440201963,8.5,-29.3519144555292));
#6907=CARTESIAN_POINT('',(21.9046440201963,8.5,-29.3519144555292));
#6908=CARTESIAN_POINT('',(21.1705247599104,8.5,-28.0772587895549));
#6909=CARTESIAN_POINT('',(20.6602198801102,8.5,-29.2198918608381));
#6910=CARTESIAN_POINT('',(21.5042332674734,8.5,-27.6113989451625));
#6911=CARTESIAN_POINT('',(28.2007046153023,12.,-49.50417225913));
#6912=CARTESIAN_POINT('',(28.2007046153023,12.,-49.50417225913));
#6913=CARTESIAN_POINT('',(27.4469820131622,12.,-50.8096581008496));
#6914=CARTESIAN_POINT('',(32.7291047657599,12.,-52.4137199275678));
#6915=CARTESIAN_POINT('',(32.7291047657599,12.,-52.4137199275678));
#6916=CARTESIAN_POINT('',(31.8210325083687,12.,-53.7599924129653));
#6917=CARTESIAN_POINT('',(31.8210325083687,12.,-53.7599924129653));
#6918=CARTESIAN_POINT('',(27.4469820131622,12.,-50.8096581008496));
#6919=CARTESIAN_POINT('',(-20.,12.,20.));
#6920=CARTESIAN_POINT('',(28.2007046153023,8.5,-49.50417225913));
#6921=CARTESIAN_POINT('',(28.2007046153023,8.5,-49.50417225913));
#6922=CARTESIAN_POINT('',(27.4469820131622,8.5,-50.8096581008496));
#6923=CARTESIAN_POINT('',(27.4469820131622,8.5,-50.8096581008496));
#6924=CARTESIAN_POINT('',(31.8210325083687,8.5,-53.7599924129653));
#6925=CARTESIAN_POINT('',(31.8210325083687,8.5,-53.7599924129653));
#6926=CARTESIAN_POINT('',(32.7291047657599,8.5,-52.4137199275678));
#6927=CARTESIAN_POINT('',(32.7291047657599,8.5,-52.4137199275678));
#6928=CARTESIAN_POINT('',(-20.,8.5,20.));
#6929=CARTESIAN_POINT('',(28.2007046153023,8.5,-49.50417225913));
#6930=CARTESIAN_POINT('',(32.7291047657599,8.5,-52.4137199275678));
#6931=CARTESIAN_POINT('',(32.7291047657599,8.5,-52.4137199275678));
#6932=CARTESIAN_POINT('',(31.8210325083687,8.5,-53.7599924129653));
#6933=CARTESIAN_POINT('',(31.8210325083687,8.5,-53.7599924129653));
#6934=CARTESIAN_POINT('',(27.4469820131622,8.5,-50.8096581008496));
#6935=CARTESIAN_POINT('',(27.4469820131622,8.5,-50.8096581008496));
#6936=CARTESIAN_POINT('',(28.2007046153023,8.5,-49.50417225913));
#6937=CARTESIAN_POINT('',(29.3853279248259,12.,-40.6517032188647));
#6938=CARTESIAN_POINT('',(29.3853279248259,12.,-40.6517032188647));
#6939=CARTESIAN_POINT('',(28.9414712220302,12.,-40.9041823869639));
#6940=CARTESIAN_POINT('',(35.4115027276199,12.,-46.2843061225074));
#6941=CARTESIAN_POINT('',(35.4115027276199,12.,-46.2843061225074));
#6942=CARTESIAN_POINT('',(35.0908692790816,12.,-46.5911192847234));
#6943=CARTESIAN_POINT('',(35.0908692790816,12.,-46.5911192847234));
#6944=CARTESIAN_POINT('',(28.9414712220302,12.,-40.9041823869639));
#6945=CARTESIAN_POINT('',(-20.,12.,20.));
#6946=CARTESIAN_POINT('',(29.3853279248259,8.5,-40.6517032188647));
#6947=CARTESIAN_POINT('',(29.3853279248259,8.5,-40.6517032188647));
#6948=CARTESIAN_POINT('',(28.9414712220302,8.5,-40.9041823869639));
#6949=CARTESIAN_POINT('',(28.9414712220302,8.5,-40.9041823869639));
#6950=CARTESIAN_POINT('',(35.0908692790816,8.5,-46.5911192847234));
#6951=CARTESIAN_POINT('',(35.0908692790816,8.5,-46.5911192847234));
#6952=CARTESIAN_POINT('',(35.4115027276199,8.5,-46.2843061225074));
#6953=CARTESIAN_POINT('',(35.4115027276199,8.5,-46.2843061225074));
#6954=CARTESIAN_POINT('',(-20.,8.5,20.));
#6955=CARTESIAN_POINT('',(29.3853279248259,8.5,-40.6517032188647));
#6956=CARTESIAN_POINT('',(35.4115027276199,8.5,-46.2843061225074));
#6957=CARTESIAN_POINT('',(35.4115027276199,8.5,-46.2843061225074));
#6958=CARTESIAN_POINT('',(35.0908692790816,8.5,-46.5911192847234));
#6959=CARTESIAN_POINT('',(35.0908692790816,8.5,-46.5911192847234));
#6960=CARTESIAN_POINT('',(28.9414712220302,8.5,-40.9041823869639));
#6961=CARTESIAN_POINT('',(28.9414712220302,8.5,-40.9041823869639));
#6962=CARTESIAN_POINT('',(29.3853279248259,8.5,-40.6517032188647));
#6963=CARTESIAN_POINT('',(33.6442567418695,12.,-52.0165809329302));
#6964=CARTESIAN_POINT('',(33.6442567418695,12.,-52.0165809329302));
#6965=CARTESIAN_POINT('',(31.8702649976054,12.,-54.9689989947681));
#6966=CARTESIAN_POINT('',(36.4562038516148,12.,-54.0112723532714));
#6967=CARTESIAN_POINT('',(36.4562038516148,12.,-54.0112723532714));
#6968=CARTESIAN_POINT('',(34.6218871549336,12.,-56.6223403875503));
#6969=CARTESIAN_POINT('',(34.6218871549336,12.,-56.6223403875503));
#6970=CARTESIAN_POINT('',(31.8702649976054,12.,-54.9689989947681));
#6971=CARTESIAN_POINT('',(-20.,12.,20.));
#6972=CARTESIAN_POINT('',(33.6442567418695,8.5,-52.0165809329302));
#6973=CARTESIAN_POINT('',(33.6442567418695,8.5,-52.0165809329302));
#6974=CARTESIAN_POINT('',(31.8702649976054,8.5,-54.9689989947681));
#6975=CARTESIAN_POINT('',(31.8702649976054,8.5,-54.9689989947681));
#6976=CARTESIAN_POINT('',(34.6218871549336,8.5,-56.6223403875503));
#6977=CARTESIAN_POINT('',(34.6218871549336,8.5,-56.6223403875503));
#6978=CARTESIAN_POINT('',(36.4562038516148,8.5,-54.0112723532714));
#6979=CARTESIAN_POINT('',(36.4562038516148,8.5,-54.0112723532714));
#6980=CARTESIAN_POINT('',(-20.,8.5,20.));
#6981=CARTESIAN_POINT('',(33.6442567418695,8.5,-52.0165809329302));
#6982=CARTESIAN_POINT('',(36.4562038516148,8.5,-54.0112723532714));
#6983=CARTESIAN_POINT('',(36.4562038516148,8.5,-54.0112723532714));
#6984=CARTESIAN_POINT('',(34.6218871549336,8.5,-56.6223403875503));
#6985=CARTESIAN_POINT('',(34.6218871549336,8.5,-56.6223403875503));
#6986=CARTESIAN_POINT('',(31.8702649976054,8.5,-54.9689989947681));
#6987=CARTESIAN_POINT('',(31.8702649976054,8.5,-54.9689989947681));
#6988=CARTESIAN_POINT('',(33.6442567418695,8.5,-52.0165809329302));
#6989=CARTESIAN_POINT('',(36.4916532388431,12.,-55.0314713414905));
#6990=CARTESIAN_POINT('',(36.4916532388431,12.,-55.0314713414905));
#6991=CARTESIAN_POINT('',(35.7618634598234,12.,-56.1552490531529));
#6992=CARTESIAN_POINT('',(39.567932630267,12.,-57.1847580259337));
#6993=CARTESIAN_POINT('',(39.5679326302671,12.,-57.1847580259337));
#6994=CARTESIAN_POINT('',(38.7803290216316,12.,-58.2688013933574));
#6995=CARTESIAN_POINT('',(38.7803290216316,12.,-58.2688013933574));
#6996=CARTESIAN_POINT('',(35.7618634598234,12.,-56.1552490531529));
#6997=CARTESIAN_POINT('',(-20.,12.,20.));
#6998=CARTESIAN_POINT('',(36.4916532388431,8.5,-55.0314713414905));
#6999=CARTESIAN_POINT('',(36.4916532388431,8.5,-55.0314713414905));
#7000=CARTESIAN_POINT('',(35.7618634598234,8.5,-56.1552490531529));
#7001=CARTESIAN_POINT('',(35.7618634598234,8.5,-56.1552490531529));
#7002=CARTESIAN_POINT('',(38.7803290216316,8.5,-58.2688013933574));
#7003=CARTESIAN_POINT('',(38.7803290216316,8.5,-58.2688013933574));
#7004=CARTESIAN_POINT('',(39.5679326302671,8.5,-57.1847580259337));
#7005=CARTESIAN_POINT('',(39.567932630267,8.5,-57.1847580259337));
#7006=CARTESIAN_POINT('',(-20.,8.5,20.));
#7007=CARTESIAN_POINT('',(36.4916532388431,8.5,-55.0314713414905));
#7008=CARTESIAN_POINT('',(39.5679326302671,8.5,-57.1847580259337));
#7009=CARTESIAN_POINT('',(39.567932630267,8.5,-57.1847580259337));
#7010=CARTESIAN_POINT('',(38.7803290216316,8.5,-58.2688013933574));
#7011=CARTESIAN_POINT('',(38.7803290216316,8.5,-58.2688013933574));
#7012=CARTESIAN_POINT('',(35.7618634598234,8.5,-56.1552490531529));
#7013=CARTESIAN_POINT('',(35.7618634598234,8.5,-56.1552490531529));
#7014=CARTESIAN_POINT('',(36.4916532388431,8.5,-55.0314713414905));
#7015=CARTESIAN_POINT('',(36.1566654156697,12.,-46.9917635853297));
#7016=CARTESIAN_POINT('',(36.1566654156697,12.,-46.9917635853297));
#7017=CARTESIAN_POINT('',(35.3188573470443,12.,-48.1449074638107));
#7018=CARTESIAN_POINT('',(40.0599978074799,12.,-49.5330055442462));
#7019=CARTESIAN_POINT('',(40.0599978074798,12.,-49.5330055442462));
#7020=CARTESIAN_POINT('',(39.0820539270862,12.,-50.8790298204555));
#7021=CARTESIAN_POINT('',(39.0820539270862,12.,-50.8790298204555));
#7022=CARTESIAN_POINT('',(35.3188573470443,12.,-48.1449074638107));
#7023=CARTESIAN_POINT('',(-20.,12.,20.));
#7024=CARTESIAN_POINT('',(36.1566654156697,8.5,-46.9917635853297));
#7025=CARTESIAN_POINT('',(36.1566654156697,8.5,-46.9917635853297));
#7026=CARTESIAN_POINT('',(35.3188573470443,8.5,-48.1449074638107));
#7027=CARTESIAN_POINT('',(35.3188573470443,8.5,-48.1449074638107));
#7028=CARTESIAN_POINT('',(39.0820539270862,8.5,-50.8790298204555));
#7029=CARTESIAN_POINT('',(39.0820539270862,8.5,-50.8790298204555));
#7030=CARTESIAN_POINT('',(40.0599978074798,8.5,-49.5330055442462));
#7031=CARTESIAN_POINT('',(40.0599978074799,8.5,-49.5330055442462));
#7032=CARTESIAN_POINT('',(-20.,8.5,20.));
#7033=CARTESIAN_POINT('',(36.1566654156697,8.5,-46.9917635853297));
#7034=CARTESIAN_POINT('',(40.0599978074798,8.5,-49.5330055442462));
#7035=CARTESIAN_POINT('',(40.0599978074799,8.5,-49.5330055442462));
#7036=CARTESIAN_POINT('',(39.0820539270862,8.5,-50.8790298204555));
#7037=CARTESIAN_POINT('',(39.0820539270862,8.5,-50.8790298204555));
#7038=CARTESIAN_POINT('',(35.3188573470443,8.5,-48.1449074638107));
#7039=CARTESIAN_POINT('',(35.3188573470443,8.5,-48.1449074638107));
#7040=CARTESIAN_POINT('',(36.1566654156697,8.5,-46.9917635853297));
#7041=CARTESIAN_POINT('',(40.9302418958902,12.,-49.0854374801633));
#7042=CARTESIAN_POINT('',(40.9302418958902,12.,-49.0854374801633));
#7043=CARTESIAN_POINT('',(39.1994560132549,12.,-51.8552738905214));
#7044=CARTESIAN_POINT('',(43.7575559810156,12.,-50.9924849103689));
#7045=CARTESIAN_POINT('',(43.7575559810156,12.,-50.9924849103689));
#7046=CARTESIAN_POINT('',(41.8377721849667,12.,-53.6348406184642));
#7047=CARTESIAN_POINT('',(41.8377721849667,12.,-53.6348406184642));
#7048=CARTESIAN_POINT('',(39.1994560132549,12.,-51.8552738905214));
#7049=CARTESIAN_POINT('',(-20.,12.,20.));
#7050=CARTESIAN_POINT('',(40.9302418958902,8.5,-49.0854374801633));
#7051=CARTESIAN_POINT('',(40.9302418958902,8.5,-49.0854374801633));
#7052=CARTESIAN_POINT('',(39.1994560132549,8.5,-51.8552738905214));
#7053=CARTESIAN_POINT('',(39.1994560132549,8.5,-51.8552738905214));
#7054=CARTESIAN_POINT('',(41.8377721849667,8.5,-53.6348406184642));
#7055=CARTESIAN_POINT('',(41.8377721849667,8.5,-53.6348406184642));
#7056=CARTESIAN_POINT('',(43.7575559810156,8.5,-50.9924849103689));
#7057=CARTESIAN_POINT('',(43.7575559810156,8.5,-50.9924849103689));
#7058=CARTESIAN_POINT('',(-20.,8.5,20.));
#7059=CARTESIAN_POINT('',(40.9302418958902,8.5,-49.0854374801633));
#7060=CARTESIAN_POINT('',(43.7575559810156,8.5,-50.9924849103689));
#7061=CARTESIAN_POINT('',(43.7575559810156,8.5,-50.9924849103689));
#7062=CARTESIAN_POINT('',(41.8377721849667,8.5,-53.6348406184642));
#7063=CARTESIAN_POINT('',(41.8377721849667,8.5,-53.6348406184642));
#7064=CARTESIAN_POINT('',(39.1994560132549,8.5,-51.8552738905214));
#7065=CARTESIAN_POINT('',(39.1994560132549,8.5,-51.8552738905214));
#7066=CARTESIAN_POINT('',(40.9302418958902,8.5,-49.0854374801633));
#7067=CARTESIAN_POINT('',(43.7575559810156,12.,-52.3136627644166));
#7068=CARTESIAN_POINT('',(43.7575559810156,12.,-52.3136627644166));
#7069=CARTESIAN_POINT('',(42.7976640829912,12.,-53.6348406184642));
#7070=CARTESIAN_POINT('',(47.2892895942478,12.,-54.9257949165231));
#7071=CARTESIAN_POINT('',(47.2892895942478,12.,-54.9257949165231));
#7072=CARTESIAN_POINT('',(46.3513563949967,12.,-56.216749214582));
#7073=CARTESIAN_POINT('',(46.3513563949967,12.,-56.216749214582));
#7074=CARTESIAN_POINT('',(42.7976640829912,12.,-53.6348406184642));
#7075=CARTESIAN_POINT('',(-20.,12.,20.));
#7076=CARTESIAN_POINT('',(43.7575559810156,8.5,-52.3136627644166));
#7077=CARTESIAN_POINT('',(43.7575559810156,8.5,-52.3136627644166));
#7078=CARTESIAN_POINT('',(42.7976640829912,8.5,-53.6348406184642));
#7079=CARTESIAN_POINT('',(42.7976640829912,8.5,-53.6348406184642));
#7080=CARTESIAN_POINT('',(46.3513563949967,8.5,-56.216749214582));
#7081=CARTESIAN_POINT('',(46.3513563949967,8.5,-56.216749214582));
#7082=CARTESIAN_POINT('',(47.2892895942478,8.5,-54.9257949165231));
#7083=CARTESIAN_POINT('',(47.2892895942478,8.5,-54.9257949165231));
#7084=CARTESIAN_POINT('',(-20.,8.5,20.));
#7085=CARTESIAN_POINT('',(43.7575559810156,8.5,-52.3136627644166));
#7086=CARTESIAN_POINT('',(47.2892895942478,8.5,-54.9257949165231));
#7087=CARTESIAN_POINT('',(47.2892895942478,8.5,-54.9257949165231));
#7088=CARTESIAN_POINT('',(46.3513563949967,8.5,-56.216749214582));
#7089=CARTESIAN_POINT('',(46.3513563949967,8.5,-56.216749214582));
#7090=CARTESIAN_POINT('',(42.7976640829912,8.5,-53.6348406184642));
#7091=CARTESIAN_POINT('',(42.7976640829912,8.5,-53.6348406184642));
#7092=CARTESIAN_POINT('',(43.7575559810156,8.5,-52.3136627644166));
#7093=CARTESIAN_POINT('',(2.65,-2.675,-2.27750000000001));
#7094=CARTESIAN_POINT('',(2.65,-2.675,-3.42750000000001));
#7095=CARTESIAN_POINT('',(1.5,-2.675,-2.27750000000001));
#7096=CARTESIAN_POINT('',(2.65,-2.675,-3.42750000000001));
#7097=CARTESIAN_POINT('',(2.65,0.,-3.42750000000001));
#7098=CARTESIAN_POINT('',(2.65,0.,-2.27750000000001));
#7099=CARTESIAN_POINT('',(1.5,0.,-2.27750000000001));
#7100=CARTESIAN_POINT('',(1.5,0.,-2.27750000000001));
#7101=CARTESIAN_POINT('',(2.65,-2.675,-2.27750000000001));
#7102=CARTESIAN_POINT('',(2.65,-2.675,-2.14999999999999));
#7103=CARTESIAN_POINT('',(1.5,-2.675,-2.14999999999999));
#7104=CARTESIAN_POINT('',(2.65,-2.675,-0.999999999999991));
#7105=CARTESIAN_POINT('',(1.5,-2.675,-2.14999999999999));
#7106=CARTESIAN_POINT('',(1.5,0.,-2.14999999999999));
#7107=CARTESIAN_POINT('',(2.65,0.,-2.14999999999999));
#7108=CARTESIAN_POINT('',(2.65,0.,-0.999999999999991));
#7109=CARTESIAN_POINT('',(2.65,0.,-0.999999999999991));
#7110=CARTESIAN_POINT('',(2.65,-2.675,-2.14999999999999));
#7111=CARTESIAN_POINT('',(9.62879708268762,-2.675,-5.3492319919181));
#7112=CARTESIAN_POINT('',(9.17183456305465,-2.675,-5.55217349987219));
#7113=CARTESIAN_POINT('',(9.92990388637132,-2.675,-5.74839949156629));
#7114=CARTESIAN_POINT('',(9.17183456305465,-2.675,-5.55217349987219));
#7115=CARTESIAN_POINT('',(9.17183456305465,0.,-5.55217349987219));
#7116=CARTESIAN_POINT('',(9.62879708268762,0.,-5.3492319919181));
#7117=CARTESIAN_POINT('',(9.92990388637132,0.,-5.74839949156629));
#7118=CARTESIAN_POINT('',(9.92990388637132,-2.675,-5.74839949156629));
#7119=CARTESIAN_POINT('',(9.62879708268762,-2.675,-5.3492319919181));
#7120=CARTESIAN_POINT('',(11.35,-2.675,-4.05086499215044));
#7121=CARTESIAN_POINT('',(11.6511068036837,-2.675,-4.45003249179863));
#7122=CARTESIAN_POINT('',(11.85,-2.675,-4.05086499215044));
#7123=CARTESIAN_POINT('',(11.6511068036837,-2.675,-4.45003249179863));
#7124=CARTESIAN_POINT('',(11.6511068036837,0.,-4.45003249179863));
#7125=CARTESIAN_POINT('',(11.35,0.,-4.05086499215044));
#7126=CARTESIAN_POINT('',(11.85,0.,-4.05086499215044));
#7127=CARTESIAN_POINT('',(11.85,-2.675,-4.05086499215044));
#7128=CARTESIAN_POINT('',(11.35,-2.675,-4.05086499215044));
#7129=CARTESIAN_POINT('',(9.42734266817378,0.,-6.1275));
#7130=CARTESIAN_POINT('',(8.85,0.,-4.8275));
#7131=CARTESIAN_POINT('',(9.42734266817378,-2.675,-6.1275));
#7132=CARTESIAN_POINT('',(8.85,-2.675,-4.8275));
#7133=CARTESIAN_POINT('',(8.85,-2.675,-4.8275));
#7134=CARTESIAN_POINT('',(9.42734266817378,-2.675,-6.1275));
#7135=CARTESIAN_POINT('',(11.85,0.,-4.30000000000003));
#7136=CARTESIAN_POINT('',(11.85,-2.675,-4.30000000000003));
#7137=CARTESIAN_POINT('',(11.85,-2.675,-4.30000000000003));
#7138=CARTESIAN_POINT('',(11.85,-2.675,-3.42750000000002));
#7139=CARTESIAN_POINT('',(11.85,-2.675,-3.42750000000002));
#7140=CARTESIAN_POINT('',(11.85,0.,-3.42750000000002));
#7141=CARTESIAN_POINT('',(11.85,0.,-3.42750000000002));
#7142=CARTESIAN_POINT('',(11.85,-2.675,-3.42750000000002));
#7143=CARTESIAN_POINT('',(11.85,-2.675,-3.42750000000002));
#7144=CARTESIAN_POINT('',(1.5,0.,-3.42750000000001));
#7145=CARTESIAN_POINT('',(1.5,-2.675,-3.42750000000001));
#7146=CARTESIAN_POINT('',(1.5,-2.675,-3.42750000000001));
#7147=CARTESIAN_POINT('',(1.5,0.,-0.99999999999999));
#7148=CARTESIAN_POINT('',(1.5,-2.675,-0.99999999999999));
#7149=CARTESIAN_POINT('',(1.5,-2.675,-0.99999999999999));
#7150=CARTESIAN_POINT('',(11.85,-2.675,-1.));
#7151=CARTESIAN_POINT('',(11.85,-2.675,-1.));
#7152=CARTESIAN_POINT('',(11.85,0.,-1.));
#7153=CARTESIAN_POINT('',(11.85,0.,-1.));
#7154=CARTESIAN_POINT('',(11.85,-2.675,-1.));
#7155=CARTESIAN_POINT('',(11.85,-2.675,-1.));
#7156=CARTESIAN_POINT('',(8.85,0.,-4.8275));
#7157=CARTESIAN_POINT('',(0.,0.,-4.8275));
#7158=CARTESIAN_POINT('',(8.85,-2.675,-4.8275));
#7159=CARTESIAN_POINT('',(0.,-2.675,-4.8275));
#7160=CARTESIAN_POINT('',(0.,-2.675,-4.8275));
#7161=CARTESIAN_POINT('',(8.85,-2.675,-4.8275));
#7162=CARTESIAN_POINT('',(2.65,-2.675,2.27750000000001));
#7163=CARTESIAN_POINT('',(2.65,-2.675,3.42750000000001));
#7164=CARTESIAN_POINT('',(1.5,-2.675,2.27750000000001));
#7165=CARTESIAN_POINT('',(1.5,-2.675,2.27750000000001));
#7166=CARTESIAN_POINT('',(1.5,0.,2.27750000000001));
#7167=CARTESIAN_POINT('',(2.65,0.,2.27750000000001));
#7168=CARTESIAN_POINT('',(2.65,0.,3.42750000000001));
#7169=CARTESIAN_POINT('',(2.65,0.,3.42750000000001));
#7170=CARTESIAN_POINT('',(2.65,-2.675,2.27750000000001));
#7171=CARTESIAN_POINT('',(2.65,-2.675,2.14999999999999));
#7172=CARTESIAN_POINT('',(1.5,-2.675,2.14999999999999));
#7173=CARTESIAN_POINT('',(2.65,-2.675,0.999999999999991));
#7174=CARTESIAN_POINT('',(2.65,-2.675,0.999999999999991));
#7175=CARTESIAN_POINT('',(2.65,0.,0.999999999999991));
#7176=CARTESIAN_POINT('',(2.65,0.,2.14999999999999));
#7177=CARTESIAN_POINT('',(1.5,0.,2.14999999999999));
#7178=CARTESIAN_POINT('',(1.5,0.,2.14999999999999));
#7179=CARTESIAN_POINT('',(2.65,-2.675,2.14999999999999));
#7180=CARTESIAN_POINT('',(9.62879708268762,-2.675,5.3492319919181));
#7181=CARTESIAN_POINT('',(9.17183456305465,-2.675,5.55217349987219));
#7182=CARTESIAN_POINT('',(9.92990388637132,-2.675,5.74839949156629));
#7183=CARTESIAN_POINT('',(9.92990388637132,-2.675,5.74839949156629));
#7184=CARTESIAN_POINT('',(9.92990388637132,0.,5.74839949156629));
#7185=CARTESIAN_POINT('',(9.62879708268762,0.,5.3492319919181));
#7186=CARTESIAN_POINT('',(9.17183456305465,0.,5.55217349987219));
#7187=CARTESIAN_POINT('',(9.17183456305465,-2.675,5.55217349987219));
#7188=CARTESIAN_POINT('',(9.62879708268762,-2.675,5.3492319919181));
#7189=CARTESIAN_POINT('',(11.35,-2.675,4.05086499215044));
#7190=CARTESIAN_POINT('',(11.6511068036837,-2.675,4.45003249179863));
#7191=CARTESIAN_POINT('',(11.85,-2.675,4.05086499215044));
#7192=CARTESIAN_POINT('',(11.85,-2.675,4.05086499215044));
#7193=CARTESIAN_POINT('',(11.85,0.,4.05086499215044));
#7194=CARTESIAN_POINT('',(11.35,0.,4.05086499215044));
#7195=CARTESIAN_POINT('',(11.6511068036837,0.,4.45003249179863));
#7196=CARTESIAN_POINT('',(11.6511068036837,-2.675,4.45003249179863));
#7197=CARTESIAN_POINT('',(11.35,-2.675,4.05086499215044));
#7198=CARTESIAN_POINT('',(11.85,0.,4.30000000000003));
#7199=CARTESIAN_POINT('',(11.85,0.,3.42750000000002));
#7200=CARTESIAN_POINT('',(11.85,0.,3.42750000000002));
#7201=CARTESIAN_POINT('',(1.5,0.,3.42750000000001));
#7202=CARTESIAN_POINT('',(1.5,0.,0.99999999999999));
#7203=CARTESIAN_POINT('',(11.85,0.,1.));
#7204=CARTESIAN_POINT('',(11.85,0.,1.));
#7205=CARTESIAN_POINT('',(11.85,0.,5.6621374255883E-15));
#7206=CARTESIAN_POINT('',(0.,0.,4.8275));
#7207=CARTESIAN_POINT('',(0.,0.,4.8275));
#7208=CARTESIAN_POINT('',(8.85,0.,4.8275));
#7209=CARTESIAN_POINT('',(8.85,0.,4.8275));
#7210=CARTESIAN_POINT('',(9.42734266817378,0.,6.1275));
#7211=CARTESIAN_POINT('',(0.,0.,0.));
#7212=CARTESIAN_POINT('',(11.85,-2.675,3.42750000000002));
#7213=CARTESIAN_POINT('',(11.85,-2.675,3.42750000000002));
#7214=CARTESIAN_POINT('',(11.85,-2.675,4.30000000000003));
#7215=CARTESIAN_POINT('',(9.42734266817378,-2.675,6.1275));
#7216=CARTESIAN_POINT('',(8.85,-2.675,4.8275));
#7217=CARTESIAN_POINT('',(8.85,-2.675,4.8275));
#7218=CARTESIAN_POINT('',(0.,-2.675,4.8275));
#7219=CARTESIAN_POINT('',(0.,-2.675,4.8275));
#7220=CARTESIAN_POINT('',(11.85,-2.675,5.6621374255883E-15));
#7221=CARTESIAN_POINT('',(11.85,-2.675,1.));
#7222=CARTESIAN_POINT('',(11.85,-2.675,1.));
#7223=CARTESIAN_POINT('',(1.5,-2.675,0.99999999999999));
#7224=CARTESIAN_POINT('',(1.5,-2.675,3.42750000000001));
#7225=CARTESIAN_POINT('',(0.,-2.675,0.));
#7226=CARTESIAN_POINT('',(8.85,-2.675,4.8275));
#7227=CARTESIAN_POINT('',(9.42734266817378,-2.675,6.1275));
#7228=CARTESIAN_POINT('',(11.85,-2.675,4.30000000000003));
#7229=CARTESIAN_POINT('',(11.85,-2.675,3.42750000000002));
#7230=CARTESIAN_POINT('',(11.85,-2.675,3.42750000000002));
#7231=CARTESIAN_POINT('',(1.5,-2.675,3.42750000000001));
#7232=CARTESIAN_POINT('',(1.5,-2.675,0.99999999999999));
#7233=CARTESIAN_POINT('',(11.85,-2.675,1.));
#7234=CARTESIAN_POINT('',(11.85,-2.675,1.));
#7235=CARTESIAN_POINT('',(11.85,-2.675,5.6621374255883E-15));
#7236=CARTESIAN_POINT('',(0.,-2.675,4.8275));
#7237=CARTESIAN_POINT('',(0.,-2.675,4.8275));
#7238=CARTESIAN_POINT('',(8.85,-2.675,4.8275));
#7239=CARTESIAN_POINT('',(-33.0723602484472,7.34041137261715,-62.5));
#7240=CARTESIAN_POINT('',(-34.9109036964642,9.1584721039259,-62.5));
#7241=CARTESIAN_POINT('',(-33.21865714746,7.48507841733358,-62.5));
#7242=CARTESIAN_POINT('',(-33.21865714746,7.48507841733358,-63.));
#7243=CARTESIAN_POINT('',(-33.21865714746,7.48507841733358,-0.5));
#7244=CARTESIAN_POINT('',(-35.7749025159625,10.0128453455924,-0.5));
#7245=CARTESIAN_POINT('',(-34.9109036964642,9.1584721039259,-0.5));
#7246=CARTESIAN_POINT('',(-34.9109036964642,9.1584721039259,-63.));
#7247=CARTESIAN_POINT('',(-35.7749025159625,10.0128453455924,-63.));
#7248=CARTESIAN_POINT('',(55.2276397515528,7.42432996013079,0.));
#7249=CARTESIAN_POINT('',(-32.3619418665672,7.34108654030855,0.));
#7250=CARTESIAN_POINT('',(58.5172213696727,7.42745631395755,0.));
#7251=CARTESIAN_POINT('',(-32.3619418665672,7.34108654030855,-0.5));
#7252=CARTESIAN_POINT('',(-32.8666145358475,7.34060690930557,-0.148094850198524));
#7253=CARTESIAN_POINT('',(-32.8666145358475,7.34060690930557,-63.));
#7254=CARTESIAN_POINT('',(-32.8666145358475,7.34060690930557,-62.8519051498015));
#7255=CARTESIAN_POINT('',(-32.3619418665672,7.34108654030855,-62.5));
#7256=CARTESIAN_POINT('',(-32.3619418665672,7.34108654030856,-63.));
#7257=CARTESIAN_POINT('',(-33.0723602484472,7.34041137261715,-63.));
#7258=CARTESIAN_POINT('',(58.5172213696727,7.42745631395756,-63.));
#7259=CARTESIAN_POINT('',(58.5172213696727,7.42745631395755,-62.5));
#7260=CARTESIAN_POINT('',(59.0218940389531,7.42793594496053,-62.8519051498015));
#7261=CARTESIAN_POINT('',(59.0218940389531,7.42793594496053,-63.));
#7262=CARTESIAN_POINT('',(59.0218940389531,7.42793594496053,-0.148094850198524));
#7263=CARTESIAN_POINT('',(58.5172213696727,7.42745631395755,-0.5));
#7264=CARTESIAN_POINT('',(55.2276397515528,7.42432996013079,-63.));
#7265=CARTESIAN_POINT('',(59.2276397515528,7.42813148164896,-0.5));
#7266=CARTESIAN_POINT('',(61.0627241829694,9.24968355681608,-0.5));
#7267=CARTESIAN_POINT('',(59.373661409095,7.57307634018612,-0.5));
#7268=CARTESIAN_POINT('',(59.373661409095,7.57307634018612,-63.));
#7269=CARTESIAN_POINT('',(59.373661409095,7.57307634018612,-62.5));
#7270=CARTESIAN_POINT('',(61.9250974840375,10.1056975086737,-62.5));
#7271=CARTESIAN_POINT('',(61.0627241829694,9.24968355681608,-62.5));
#7272=CARTESIAN_POINT('',(61.0627241829694,9.24968355681608,-63.));
#7273=CARTESIAN_POINT('',(59.2276397515528,7.42813148164896,-63.));
#7274=CARTESIAN_POINT('',(-34.5598114648021,10.0140001442868,-63.));
#7275=CARTESIAN_POINT('',(-34.5598114648021,10.0140001442868,-62.8));
#7276=CARTESIAN_POINT('',(-34.5598114648021,10.0140001442868,-0.200000000000006));
#7277=CARTESIAN_POINT('',(-29.0749025159625,10.0192128941353,-0.200000000000006));
#7278=CARTESIAN_POINT('',(60.7100064328771,10.1045427099794,-0.200000000000006));
#7279=CARTESIAN_POINT('',(60.7100064328771,10.1045427099794,-63.));
#7280=CARTESIAN_POINT('',(60.7100064328771,10.1045427099794,-62.8));
#7281=CARTESIAN_POINT('',(-34.5598114648021,10.0140001442868,-62.8));
#7282=CARTESIAN_POINT('',(-29.0749025159625,10.0192128941353,-63.));
#7283=CARTESIAN_POINT('',(60.7101965088672,9.90454280030158,-63.));
#7284=CARTESIAN_POINT('',(-34.559621388812,9.81400023460898,-63.));
#7285=CARTESIAN_POINT('',(60.7101965088672,9.90454280030158,-63.));
#7286=CARTESIAN_POINT('',(60.7104816228523,9.60454293578492,-63.));
#7287=CARTESIAN_POINT('',(60.9233972502336,9.81588847185518,-63.));
#7288=CARTESIAN_POINT('',(58.8753971914357,7.7829908606178,-63.));
#7289=CARTESIAN_POINT('',(-35.4233350943252,10.3683736117588,-63.));
#7290=CARTESIAN_POINT('',(-34.7726532345268,9.7249408230747,-63.));
#7291=CARTESIAN_POINT('',(-34.5593362748269,9.51400037009232,-63.));
#7292=CARTESIAN_POINT('',(0.,0.,-63.));
#7293=CARTESIAN_POINT('',(25.3284286699991,-25.5165942045862,0.));
#7294=CARTESIAN_POINT('',(60.9233972502336,9.81588847185518,0.));
#7295=CARTESIAN_POINT('',(60.7104816228523,9.60454293578492,0.));
#7296=CARTESIAN_POINT('',(60.7101965088672,9.90454280030158,0.));
#7297=CARTESIAN_POINT('',(-0.00935823985549991,9.8468361268138,0.));
#7298=CARTESIAN_POINT('',(-34.559621388812,9.81400023460898,0.));
#7299=CARTESIAN_POINT('',(-34.5593362748269,9.51400037009232,0.));
#7300=CARTESIAN_POINT('',(-34.7726532345268,9.7249408230747,0.));
#7301=CARTESIAN_POINT('',(-12.3293860734275,-12.4682919514214,0.));
#7302=CARTESIAN_POINT('',(0.,0.,0.));
#7303=CARTESIAN_POINT('',(-34.5593362748269,9.51400037009232,-62.5));
#7304=CARTESIAN_POINT('',(-32.8670897258227,7.84060668350001,-62.5));
#7305=CARTESIAN_POINT('',(-35.4233350943252,10.3683736117588,-62.5));
#7306=CARTESIAN_POINT('',(-34.5593362748269,9.51400037009232,-0.5));
#7307=CARTESIAN_POINT('',(-34.9148645409933,9.86556779172961,-0.200000000000006));
#7308=CARTESIAN_POINT('',(-34.5593362748269,9.51400037009232,-0.200000000000006));
#7309=CARTESIAN_POINT('',(-34.5593362748269,9.51400037009232,-62.8));
#7310=CARTESIAN_POINT('',(-34.9148645409933,9.86556779172961,-62.8));
#7311=CARTESIAN_POINT('',(-34.5593362748269,9.51400037009232,-62.5));
#7312=CARTESIAN_POINT('',(-34.5593362748269,9.51400037009232,-63.));
#7313=CARTESIAN_POINT('',(-32.8670897258227,7.84060668350001,-0.500000000000014));
#7314=CARTESIAN_POINT('',(-32.8670897258227,7.84060668350001,-63.));
#7315=CARTESIAN_POINT('',(-34.5593362748269,9.51400037009232,-0.5));
#7316=CARTESIAN_POINT('',(-12.3293860734275,-12.4682919514214,-0.5));
#7317=CARTESIAN_POINT('',(60.7104816228523,9.60454293578492,-0.5));
#7318=CARTESIAN_POINT('',(59.0214188489779,7.92793571915496,-0.5));
#7319=CARTESIAN_POINT('',(25.3284286699991,-25.5165942045862,-0.5));
#7320=CARTESIAN_POINT('',(59.0214188489779,7.92793571915497,-62.5));
#7321=CARTESIAN_POINT('',(59.0214188489779,7.92793571915497,-63.));
#7322=CARTESIAN_POINT('',(60.7104816228523,9.60454293578492,-0.200000000000006));
#7323=CARTESIAN_POINT('',(61.0653410018211,9.95678549590202,-0.200000000000006));
#7324=CARTESIAN_POINT('',(60.7104816228523,9.60454293578492,-0.5));
#7325=CARTESIAN_POINT('',(60.7104816228523,9.60454293578492,-62.5));
#7326=CARTESIAN_POINT('',(61.0653410018211,9.95678549590201,-62.8));
#7327=CARTESIAN_POINT('',(60.7104816228523,9.60454293578492,-62.8));
#7328=CARTESIAN_POINT('',(60.7104816228523,9.60454293578492,-63.));
#7329=CARTESIAN_POINT('',(60.7104816228523,9.60454293578492,-62.5));
#7330=CARTESIAN_POINT('',(58.8753971914357,7.7829908606178,-62.5));
#7331=CARTESIAN_POINT('',(-34.7726532345268,9.7249408230747,-0.2));
#7332=CARTESIAN_POINT('',(-34.9148645409933,9.86556779172961,-0.2));
#7333=CARTESIAN_POINT('',(-34.9148645409933,9.86556779172961,3.41523684332934E-15));
#7334=CARTESIAN_POINT('',(-34.7726532345268,9.72494082307469,-2.43945488809238E-16));
#7335=CARTESIAN_POINT('',(-35.0071631333023,9.77222934091301,-0.200000000729251));
#7336=CARTESIAN_POINT('',(-35.0531803418568,9.72569365682324,-2.41968720566624E-8));
#7337=CARTESIAN_POINT('',(-34.8649518263171,9.6316023717452,-1.33541396542905E-15));
#7338=CARTESIAN_POINT('',(-35.0600616617396,9.64209710875571,-0.232331997480041));
#7339=CARTESIAN_POINT('',(-35.078808377201,9.57509188629353,-0.0876703945726923));
#7340=CARTESIAN_POINT('',(-34.9331769406139,9.51662597608803,-0.0538866624667026));
#7341=CARTESIAN_POINT('',(-35.0585951995018,9.38030215137738,-0.343403933808031));
#7342=CARTESIAN_POINT('',(-35.0422885607992,9.33493378535752,-0.282501577247552));
#7343=CARTESIAN_POINT('',(-34.9843627622996,9.30689671773785,-0.239006556346752));
#7344=CARTESIAN_POINT('',(-35.004242147283,9.25077069623707,-0.421239637153213));
#7345=CARTESIAN_POINT('',(-34.9849965121227,9.23173947064774,-0.395798980762746));
#7346=CARTESIAN_POINT('',(-34.9669067669561,9.21385125931315,-0.368732728588854));
#7347=CARTESIAN_POINT('',(-34.9109036964642,9.15847210392589,-0.5));
#7348=CARTESIAN_POINT('',(-34.9109036964642,9.15847210392589,-0.5));
#7349=CARTESIAN_POINT('',(-34.9109036964642,9.15847210392589,-0.5));
#7350=CARTESIAN_POINT('',(-34.559621388812,9.81400023460898,-0.200000000000006));
#7351=CARTESIAN_POINT('',(-34.5593362748269,9.51400037009232,-0.200000000000006));
#7352=CARTESIAN_POINT('',(60.7101965088672,9.90454280030158,-0.2));
#7353=CARTESIAN_POINT('',(-0.00935823985549991,9.8468361268138,-0.2));
#7354=CARTESIAN_POINT('',(60.9233972502336,9.81588847185518,-0.200000000000006));
#7355=CARTESIAN_POINT('',(60.7104816228523,9.60454293578492,-0.200000000000006));
#7356=CARTESIAN_POINT('',(61.0627241829694,9.24968355681607,-0.5));
#7357=CARTESIAN_POINT('',(61.0627241829694,9.24968355681608,-0.5));
#7358=CARTESIAN_POINT('',(61.0627241829694,9.24968355681608,-0.5));
#7359=CARTESIAN_POINT('',(61.1558870277937,9.34215939629949,-0.421239637153208));
#7360=CARTESIAN_POINT('',(61.1366776014271,9.32309162379384,-0.395798980959036));
#7361=CARTESIAN_POINT('',(61.1186218898637,9.30516906050588,-0.368732728588075));
#7362=CARTESIAN_POINT('',(61.209993773742,9.4717939295036,-0.343403933808032));
#7363=CARTESIAN_POINT('',(61.1937733988286,9.42639465044821,-0.282501577247783));
#7364=CARTESIAN_POINT('',(61.1359009966781,9.39824753049066,-0.239006556346756));
#7365=CARTESIAN_POINT('',(61.2109626241983,9.73359120135582,-0.23233199748004));
#7366=CARTESIAN_POINT('',(61.2298366665769,9.66662173292378,-0.0876703945724408));
#7367=CARTESIAN_POINT('',(61.0843166226729,9.60787911806372,-0.053886662466696));
#7368=CARTESIAN_POINT('',(61.1578168413023,9.86362265107993,-0.200000000729251));
#7369=CARTESIAN_POINT('',(61.2039224198518,9.81717451867948,-2.41965401465494E-8));
#7370=CARTESIAN_POINT('',(61.0158730891975,9.72272562651969,-2.16840434497101E-16));
#7371=CARTESIAN_POINT('',(61.0653410018211,9.95678549590202,-0.2));
#7372=CARTESIAN_POINT('',(61.0653410018211,9.95678549590201,-5.14996031930615E-15));
#7373=CARTESIAN_POINT('',(60.9233972502336,9.81588847185518,-2.16840434497101E-16));
#7374=CARTESIAN_POINT('',(-34.7726532345268,9.7249408230747,-62.8));
#7375=CARTESIAN_POINT('',(-34.7726532345268,9.72494082307469,-63.));
#7376=CARTESIAN_POINT('',(-34.9148645409933,9.86556779172961,-63.));
#7377=CARTESIAN_POINT('',(-34.9148645409933,9.86556779172961,-62.8));
#7378=CARTESIAN_POINT('',(-34.8649518263172,9.6316023717451,-63.));
#7379=CARTESIAN_POINT('',(-35.0531803418571,9.7256936568233,-62.9999999758035));
#7380=CARTESIAN_POINT('',(-35.0071631333023,9.77222934091301,-62.7999999992726));
#7381=CARTESIAN_POINT('',(-34.9331769406139,9.51662597608813,-62.9461133375334));
#7382=CARTESIAN_POINT('',(-35.0788083772006,9.57509188629355,-62.9123296054276));
#7383=CARTESIAN_POINT('',(-35.0600616617396,9.64209710875571,-62.7676680025201));
#7384=CARTESIAN_POINT('',(-34.9843627622997,9.30689671773776,-62.7609934436531));
#7385=CARTESIAN_POINT('',(-35.0422885607994,9.33493378535754,-62.7174984227522));
#7386=CARTESIAN_POINT('',(-35.0585951995018,9.38030215137738,-62.6565960661918));
#7387=CARTESIAN_POINT('',(-34.9669067669552,9.21385125931235,-62.6312672714119));
#7388=CARTESIAN_POINT('',(-34.9849965119618,9.23173947106224,-62.6042010190664));
#7389=CARTESIAN_POINT('',(-35.0042421472833,9.25077069623729,-62.5787603628464));
#7390=CARTESIAN_POINT('',(-34.9109036964642,9.1584721039259,-62.5));
#7391=CARTESIAN_POINT('',(-34.9109036964642,9.15847210392589,-62.5));
#7392=CARTESIAN_POINT('',(-34.9109036964642,9.15847210392589,-62.5));
#7393=CARTESIAN_POINT('',(-34.559621388812,9.81400023460898,-62.8));
#7394=CARTESIAN_POINT('',(-34.5593362748269,9.51400037009232,-62.8));
#7395=CARTESIAN_POINT('',(60.7101965088672,9.90454280030158,-62.8));
#7396=CARTESIAN_POINT('',(-29.0747124399724,9.81921298445754,-62.8));
#7397=CARTESIAN_POINT('',(60.9233972502336,9.81588847185518,-62.8));
#7398=CARTESIAN_POINT('',(60.7104816228523,9.60454293578492,-62.8));
#7399=CARTESIAN_POINT('',(61.0653410018211,9.95678549590202,-62.8));
#7400=CARTESIAN_POINT('',(61.0653410018211,9.95678549590202,-63.));
#7401=CARTESIAN_POINT('',(60.9233972502336,9.81588847185518,-63.));
#7402=CARTESIAN_POINT('',(61.1578168413023,9.86362265108002,-62.7999999992726));
#7403=CARTESIAN_POINT('',(61.2039224198512,9.81717451867929,-62.9999999758036));
#7404=CARTESIAN_POINT('',(61.0158730891972,9.72272562651936,-63.));
#7405=CARTESIAN_POINT('',(61.2109626241983,9.73359120135563,-62.7676680025201));
#7406=CARTESIAN_POINT('',(61.2298366665773,9.66662173292347,-62.9123296054276));
#7407=CARTESIAN_POINT('',(61.0843166226729,9.60787911806368,-62.9461133375333));
#7408=CARTESIAN_POINT('',(61.209993773742,9.47179392950379,-62.6565960661918));
#7409=CARTESIAN_POINT('',(61.1937733988283,9.42639465044845,-62.7174984227522));
#7410=CARTESIAN_POINT('',(61.1359009966781,9.3982475304907,-62.7609934436532));
#7411=CARTESIAN_POINT('',(61.1558870277938,9.34215939629955,-62.5787603628467));
#7412=CARTESIAN_POINT('',(61.1366776012013,9.32309162385947,-62.6042010191581));
#7413=CARTESIAN_POINT('',(61.1186218898639,9.30516906050608,-62.6312672714118));
#7414=CARTESIAN_POINT('',(61.0627241829694,9.24968355681608,-62.5));
#7415=CARTESIAN_POINT('',(61.0627241829694,9.24968355681608,-62.5));
#7416=CARTESIAN_POINT('',(61.0627241829694,9.24968355681608,-62.5));
#7417=CARTESIAN_POINT('',(-22.4245156058118,10.059271427133,8.67361737988404E-16));
#7418=CARTESIAN_POINT('',(48.5599895361631,10.0592714271331,-4.33680868994202E-16));
#7419=CARTESIAN_POINT('',(48.5599895361631,10.0592714271331,-63.));
#7420=CARTESIAN_POINT('',(-22.4245156058118,10.059271427133,-63.));
#7421=CARTESIAN_POINT('',(0.,0.,0.));
#7422=MECHANICAL_DESIGN_GEOMETRIC_PRESENTATION_REPRESENTATION('',(#178,
#179,#180,#181,#182,#183,#184,#185,#186,#187,#188,#189,#190,#191,#192,#193,
#194,#195,#196,#197,#198,#199,#200,#201,#202),#7425);
#7423=MECHANICAL_DESIGN_GEOMETRIC_PRESENTATION_REPRESENTATION('',(#204),
#7426);
#7424=MECHANICAL_DESIGN_GEOMETRIC_PRESENTATION_REPRESENTATION('',(#203),
#7427);
#7425=(
GEOMETRIC_REPRESENTATION_CONTEXT(3)
GLOBAL_UNCERTAINTY_ASSIGNED_CONTEXT((#7428))
GLOBAL_UNIT_ASSIGNED_CONTEXT((#7446,#7434,#7431))
REPRESENTATION_CONTEXT('02_Wall_with_acor_logo',
'TOP_LEVEL_ASSEMBLY_PART')
);
#7426=(
GEOMETRIC_REPRESENTATION_CONTEXT(3)
GLOBAL_UNCERTAINTY_ASSIGNED_CONTEXT((#7429))
GLOBAL_UNIT_ASSIGNED_CONTEXT((#7447,#7435,#7432))
REPRESENTATION_CONTEXT('02_Wall_no_Logo','COMPONENT_PART')
);
#7427=(
GEOMETRIC_REPRESENTATION_CONTEXT(3)
GLOBAL_UNCERTAINTY_ASSIGNED_CONTEXT((#7430))
GLOBAL_UNIT_ASSIGNED_CONTEXT((#7448,#7436,#7433))
REPRESENTATION_CONTEXT('clipperV13_halb_stp','COMPONENT_PART')
);
#7428=UNCERTAINTY_MEASURE_WITH_UNIT(LENGTH_MEASURE(0.001),#7446,
'DISTANCE_ACCURACY_VALUE','Maximum Tolerance applied to model');
#7429=UNCERTAINTY_MEASURE_WITH_UNIT(LENGTH_MEASURE(0.0254),#7447,
'DISTANCE_ACCURACY_VALUE','Maximum Tolerance applied to model');
#7430=UNCERTAINTY_MEASURE_WITH_UNIT(LENGTH_MEASURE(0.001),#7448,
'DISTANCE_ACCURACY_VALUE','Maximum Tolerance applied to model');
#7431=(
NAMED_UNIT(*)
SI_UNIT($,.STERADIAN.)
SOLID_ANGLE_UNIT()
);
#7432=(
NAMED_UNIT(*)
SI_UNIT($,.STERADIAN.)
SOLID_ANGLE_UNIT()
);
#7433=(
NAMED_UNIT(*)
SI_UNIT($,.STERADIAN.)
SOLID_ANGLE_UNIT()
);
#7434=(
CONVERSION_BASED_UNIT('DEGREE',#7440)
NAMED_UNIT(#7437)
PLANE_ANGLE_UNIT()
);
#7435=(
CONVERSION_BASED_UNIT('DEGREE',#7441)
NAMED_UNIT(#7438)
PLANE_ANGLE_UNIT()
);
#7436=(
CONVERSION_BASED_UNIT('DEGREE',#7442)
NAMED_UNIT(#7439)
PLANE_ANGLE_UNIT()
);
#7437=DIMENSIONAL_EXPONENTS(0.,0.,0.,0.,0.,0.,0.);
#7438=DIMENSIONAL_EXPONENTS(0.,0.,0.,0.,0.,0.,0.);
#7439=DIMENSIONAL_EXPONENTS(0.,0.,0.,0.,0.,0.,0.);
#7440=PLANE_ANGLE_MEASURE_WITH_UNIT(PLANE_ANGLE_MEASURE(0.0174532925),#7443);
#7441=PLANE_ANGLE_MEASURE_WITH_UNIT(PLANE_ANGLE_MEASURE(0.0174532925),#7444);
#7442=PLANE_ANGLE_MEASURE_WITH_UNIT(PLANE_ANGLE_MEASURE(0.0174532925),#7445);
#7443=(
NAMED_UNIT(*)
PLANE_ANGLE_UNIT()
SI_UNIT($,.RADIAN.)
);
#7444=(
NAMED_UNIT(*)
PLANE_ANGLE_UNIT()
SI_UNIT($,.RADIAN.)
);
#7445=(
NAMED_UNIT(*)
PLANE_ANGLE_UNIT()
SI_UNIT($,.RADIAN.)
);
#7446=(
LENGTH_UNIT()
NAMED_UNIT(*)
SI_UNIT(.MILLI.,.METRE.)
);
#7447=(
LENGTH_UNIT()
NAMED_UNIT(*)
SI_UNIT(.MILLI.,.METRE.)
);
#7448=(
LENGTH_UNIT()
NAMED_UNIT(*)
SI_UNIT(.MILLI.,.METRE.)
);
ENDSEC;
END-ISO-10303-21;
