ISO-10303-21;
HEADER;
/* Generated by software containing ST-Developer
 * from STEP Tools, Inc. (www.steptools.com) 
 */
/* OPTION: using custom schema-name function */

FILE_DESCRIPTION(
/* description */ (''),
/* implementation_level */ '2;1');

FILE_NAME(
/* name */ '02_wall_with_PLCM_logo_plcm.stp',
/* time_stamp */ '2025-08-11T16:29:44+02:00',
/* author */ (''),
/* organization */ (''),
/* preprocessor_version */ 'ST-DEVELOPER v20',
/* originating_system */ 'SIEMENS PLM Software NX2412.1700',
/* authorisation */ '');

FILE_SCHEMA (('AUTOMOTIVE_DESIGN { 1 0 10303 214 3 1 1 1 }'));
ENDSEC;

DATA;
#10=CONTEXT_DEPENDENT_SHAPE_REPRESENTATION(#18,#34);
#11=CONTEXT_DEPENDENT_SHAPE_REPRESENTATION(#19,#35);
#12=CONTEXT_DEPENDENT_SHAPE_REPRESENTATION(#20,#36);
#13=CONTEXT_DEPENDENT_SHAPE_REPRESENTATION(#21,#37);
#14=NEXT_ASSEMBLY_USAGE_OCCURRENCE('1001',' ','CLIPPERV13_HALB_STP',#39,
#38,$);
#15=NEXT_ASSEMBLY_USAGE_OCCURRENCE('1002',' ','CLIPPERV13_HALB_STP',#39,
#38,$);
#16=NEXT_ASSEMBLY_USAGE_OCCURRENCE('1003',' ','CLIPPERV13_HALB_STP',#39,
#38,$);
#17=NEXT_ASSEMBLY_USAGE_OCCURRENCE('1004',' ','CLIPPERV13_HALB_STP',#39,
#38,$);
#18=(
REPRESENTATION_RELATIONSHIP(' ',' ',#52,#53)
REPRESENTATION_RELATIONSHIP_WITH_TRANSFORMATION(#22)
SHAPE_REPRESENTATION_RELATIONSHIP()
);
#19=(
REPRESENTATION_RELATIONSHIP(' ',' ',#52,#53)
REPRESENTATION_RELATIONSHIP_WITH_TRANSFORMATION(#23)
SHAPE_REPRESENTATION_RELATIONSHIP()
);
#20=(
REPRESENTATION_RELATIONSHIP(' ',' ',#52,#53)
REPRESENTATION_RELATIONSHIP_WITH_TRANSFORMATION(#24)
SHAPE_REPRESENTATION_RELATIONSHIP()
);
#21=(
REPRESENTATION_RELATIONSHIP(' ',' ',#52,#53)
REPRESENTATION_RELATIONSHIP_WITH_TRANSFORMATION(#25)
SHAPE_REPRESENTATION_RELATIONSHIP()
);
#22=ITEM_DEFINED_TRANSFORMATION(' ',' ',#3116,#3321);
#23=ITEM_DEFINED_TRANSFORMATION(' ',' ',#3116,#3322);
#24=ITEM_DEFINED_TRANSFORMATION(' ',' ',#3116,#3323);
#25=ITEM_DEFINED_TRANSFORMATION(' ',' ',#3116,#3324);
#26=SHAPE_REPRESENTATION_RELATIONSHIP('MODEL',
'relationship between clipperV13_halb_stp-MODEL and clipperV13_halb_st
p-MODEL',#52,#28);
#27=SHAPE_REPRESENTATION_RELATIONSHIP('None',
'relationship between 02_wall_with_PLCM_logo_plcm-None and 02_wall_wit
h_PLCM_logo_plcm-None',#53,#29);
#28=ADVANCED_BREP_SHAPE_REPRESENTATION('clipperV13_halb_stp-MODEL',(#265),
#5517);
#29=ADVANCED_BREP_SHAPE_REPRESENTATION(
'02_wall_with_PLCM_logo_plcm-None',(#263,#264),#5516);
#30=SHAPE_DEFINITION_REPRESENTATION(#32,#52);
#31=SHAPE_DEFINITION_REPRESENTATION(#33,#53);
#32=PRODUCT_DEFINITION_SHAPE('','',#38);
#33=PRODUCT_DEFINITION_SHAPE('','',#39);
#34=PRODUCT_DEFINITION_SHAPE(' ','NAUO PRDDFN',#14);
#35=PRODUCT_DEFINITION_SHAPE(' ','NAUO PRDDFN',#15);
#36=PRODUCT_DEFINITION_SHAPE(' ','NAUO PRDDFN',#16);
#37=PRODUCT_DEFINITION_SHAPE(' ','NAUO PRDDFN',#17);
#38=PRODUCT_DEFINITION(' ','',#42,#40);
#39=PRODUCT_DEFINITION(' ','',#43,#41);
#40=PRODUCT_DEFINITION_CONTEXT('part definition',#51,'design');
#41=PRODUCT_DEFINITION_CONTEXT('part definition',#51,'design');
#42=PRODUCT_DEFINITION_FORMATION_WITH_SPECIFIED_SOURCE(' ',' ',#46,
 .NOT_KNOWN.);
#43=PRODUCT_DEFINITION_FORMATION_WITH_SPECIFIED_SOURCE(' ',' ',#47,
 .NOT_KNOWN.);
#44=PRODUCT_RELATED_PRODUCT_CATEGORY('part','',(#46));
#45=PRODUCT_RELATED_PRODUCT_CATEGORY('part','',(#47));
#46=PRODUCT('clipperV13_halb_stp','clipperV13_halb_stp',' ',(#48));
#47=PRODUCT('02_wall_with_PLCM_logo_plcm','02_wall_with_PLCM_logo_plcm',
' ',(#49));
#48=PRODUCT_CONTEXT(' ',#51,'mechanical');
#49=PRODUCT_CONTEXT(' ',#51,'mechanical');
#50=APPLICATION_PROTOCOL_DEFINITION('international standard',
'automotive_design',2010,#51);
#51=APPLICATION_CONTEXT(
'core data for automotive mechanical design processes');
#52=SHAPE_REPRESENTATION('clipperV13_halb_stp-MODEL',(#3116),#5517);
#53=SHAPE_REPRESENTATION('02_wall_with_PLCM_logo_plcm-None',(#3116,#3321,
#3322,#3323,#3324),#5516);
#54=FACE_BOUND('',#857,.T.);
#55=FACE_BOUND('',#858,.T.);
#56=FACE_BOUND('',#932,.T.);
#57=FACE_BOUND('',#933,.T.);
#58=FACE_BOUND('',#934,.T.);
#59=FACE_BOUND('',#935,.T.);
#60=SURFACE_OF_LINEAR_EXTRUSION('',#76,#2910);
#61=SURFACE_OF_LINEAR_EXTRUSION('',#79,#2952);
#62=SURFACE_OF_LINEAR_EXTRUSION('',#82,#2962);
#63=SURFACE_OF_LINEAR_EXTRUSION('',#85,#2970);
#64=SURFACE_OF_LINEAR_EXTRUSION('',#88,#2972);
#65=SURFACE_OF_LINEAR_EXTRUSION('',#121,#2997);
#66=SURFACE_OF_LINEAR_EXTRUSION('',#128,#3002);
#67=SURFACE_OF_LINEAR_EXTRUSION('',#91,#3010);
#68=SURFACE_OF_LINEAR_EXTRUSION('',#94,#3012);
#69=SURFACE_OF_LINEAR_EXTRUSION('',#97,#3013);
#70=SURFACE_OF_LINEAR_EXTRUSION('',#100,#3046);
#71=SURFACE_OF_LINEAR_EXTRUSION('',#103,#3054);
#72=SURFACE_OF_LINEAR_EXTRUSION('',#106,#3055);
#73=(
BOUNDED_CURVE()
B_SPLINE_CURVE(3,(#4246,#4247,#4248,#4249),.UNSPECIFIED.,.F.,.F.)
B_SPLINE_CURVE_WITH_KNOTS((4,4),(0.,1.),.UNSPECIFIED.)
CURVE()
GEOMETRIC_REPRESENTATION_ITEM()
RATIONAL_B_SPLINE_CURVE((1.,1.,1.,1.))
REPRESENTATION_ITEM('')
);
#74=(
BOUNDED_CURVE()
B_SPLINE_CURVE(3,(#4254,#4255,#4256,#4257,#4258,#4259,#4260),
 .UNSPECIFIED.,.F.,.F.)
B_SPLINE_CURVE_WITH_KNOTS((4,3,4),(0.,0.0099009900990099,1.),
 .UNSPECIFIED.)
CURVE()
GEOMETRIC_REPRESENTATION_ITEM()
RATIONAL_B_SPLINE_CURVE((1.,1.,1.,1.,1.,1.,1.))
REPRESENTATION_ITEM('')
);
#75=(
BOUNDED_CURVE()
B_SPLINE_CURVE(3,(#4267,#4268,#4269,#4270,#4271,#4272,#4273),
 .UNSPECIFIED.,.F.,.F.)
B_SPLINE_CURVE_WITH_KNOTS((4,3,4),(0.,0.99009900990099,1.),
 .UNSPECIFIED.)
CURVE()
GEOMETRIC_REPRESENTATION_ITEM()
RATIONAL_B_SPLINE_CURVE((1.,1.,1.,1.,1.,1.,1.))
REPRESENTATION_ITEM('')
);
#76=(
BOUNDED_CURVE()
B_SPLINE_CURVE(3,(#4274,#4275,#4276,#4277,#4278,#4279,#4280),
 .UNSPECIFIED.,.F.,.F.)
B_SPLINE_CURVE_WITH_KNOTS((4,3,4),(0.,0.99009900990099,1.),
 .UNSPECIFIED.)
CURVE()
GEOMETRIC_REPRESENTATION_ITEM()
RATIONAL_B_SPLINE_CURVE((1.,1.,1.,1.,1.,1.,1.))
REPRESENTATION_ITEM('')
);
#77=(
BOUNDED_CURVE()
B_SPLINE_CURVE(3,(#4386,#4387,#4388,#4389),.UNSPECIFIED.,.F.,.F.)
B_SPLINE_CURVE_WITH_KNOTS((4,4),(0.,1.),.UNSPECIFIED.)
CURVE()
GEOMETRIC_REPRESENTATION_ITEM()
RATIONAL_B_SPLINE_CURVE((1.,1.,1.,1.))
REPRESENTATION_ITEM('')
);
#78=(
BOUNDED_CURVE()
B_SPLINE_CURVE(3,(#4394,#4395,#4396,#4397),.UNSPECIFIED.,.F.,.F.)
B_SPLINE_CURVE_WITH_KNOTS((4,4),(0.,1.),.UNSPECIFIED.)
CURVE()
GEOMETRIC_REPRESENTATION_ITEM()
RATIONAL_B_SPLINE_CURVE((1.,1.,1.,1.))
REPRESENTATION_ITEM('')
);
#79=(
BOUNDED_CURVE()
B_SPLINE_CURVE(3,(#4400,#4401,#4402,#4403),.UNSPECIFIED.,.F.,.F.)
B_SPLINE_CURVE_WITH_KNOTS((4,4),(0.,1.),.UNSPECIFIED.)
CURVE()
GEOMETRIC_REPRESENTATION_ITEM()
RATIONAL_B_SPLINE_CURVE((1.,1.,1.,1.))
REPRESENTATION_ITEM('')
);
#80=(
BOUNDED_CURVE()
B_SPLINE_CURVE(3,(#4422,#4423,#4424,#4425),.UNSPECIFIED.,.F.,.F.)
B_SPLINE_CURVE_WITH_KNOTS((4,4),(0.,1.),.UNSPECIFIED.)
CURVE()
GEOMETRIC_REPRESENTATION_ITEM()
RATIONAL_B_SPLINE_CURVE((1.,1.,1.,1.))
REPRESENTATION_ITEM('')
);
#81=(
BOUNDED_CURVE()
B_SPLINE_CURVE(3,(#4426,#4427,#4428,#4429),.UNSPECIFIED.,.F.,.F.)
B_SPLINE_CURVE_WITH_KNOTS((4,4),(0.,1.),.UNSPECIFIED.)
CURVE()
GEOMETRIC_REPRESENTATION_ITEM()
RATIONAL_B_SPLINE_CURVE((1.,1.,1.,1.))
REPRESENTATION_ITEM('')
);
#82=(
BOUNDED_CURVE()
B_SPLINE_CURVE(3,(#4430,#4431,#4432,#4433),.UNSPECIFIED.,.F.,.F.)
B_SPLINE_CURVE_WITH_KNOTS((4,4),(0.,1.),.UNSPECIFIED.)
CURVE()
GEOMETRIC_REPRESENTATION_ITEM()
RATIONAL_B_SPLINE_CURVE((1.,1.,1.,1.))
REPRESENTATION_ITEM('')
);
#83=(
BOUNDED_CURVE()
B_SPLINE_CURVE(3,(#4446,#4447,#4448,#4449),.UNSPECIFIED.,.F.,.F.)
B_SPLINE_CURVE_WITH_KNOTS((4,4),(0.,1.),.UNSPECIFIED.)
CURVE()
GEOMETRIC_REPRESENTATION_ITEM()
RATIONAL_B_SPLINE_CURVE((1.,1.,1.,1.))
REPRESENTATION_ITEM('')
);
#84=(
BOUNDED_CURVE()
B_SPLINE_CURVE(3,(#4450,#4451,#4452,#4453),.UNSPECIFIED.,.F.,.F.)
B_SPLINE_CURVE_WITH_KNOTS((4,4),(0.,1.),.UNSPECIFIED.)
CURVE()
GEOMETRIC_REPRESENTATION_ITEM()
RATIONAL_B_SPLINE_CURVE((1.,1.,1.,1.))
REPRESENTATION_ITEM('')
);
#85=(
BOUNDED_CURVE()
B_SPLINE_CURVE(3,(#4456,#4457,#4458,#4459),.UNSPECIFIED.,.F.,.F.)
B_SPLINE_CURVE_WITH_KNOTS((4,4),(0.,1.),.UNSPECIFIED.)
CURVE()
GEOMETRIC_REPRESENTATION_ITEM()
RATIONAL_B_SPLINE_CURVE((1.,1.,1.,1.))
REPRESENTATION_ITEM('')
);
#86=(
BOUNDED_CURVE()
B_SPLINE_CURVE(3,(#4460,#4461,#4462,#4463),.UNSPECIFIED.,.F.,.F.)
B_SPLINE_CURVE_WITH_KNOTS((4,4),(0.,1.),.UNSPECIFIED.)
CURVE()
GEOMETRIC_REPRESENTATION_ITEM()
RATIONAL_B_SPLINE_CURVE((1.,1.,1.,1.))
REPRESENTATION_ITEM('')
);
#87=(
BOUNDED_CURVE()
B_SPLINE_CURVE(3,(#4467,#4468,#4469,#4470),.UNSPECIFIED.,.F.,.F.)
B_SPLINE_CURVE_WITH_KNOTS((4,4),(0.,1.),.UNSPECIFIED.)
CURVE()
GEOMETRIC_REPRESENTATION_ITEM()
RATIONAL_B_SPLINE_CURVE((1.,1.,1.,1.))
REPRESENTATION_ITEM('')
);
#88=(
BOUNDED_CURVE()
B_SPLINE_CURVE(3,(#4471,#4472,#4473,#4474),.UNSPECIFIED.,.F.,.F.)
B_SPLINE_CURVE_WITH_KNOTS((4,4),(0.,1.),.UNSPECIFIED.)
CURVE()
GEOMETRIC_REPRESENTATION_ITEM()
RATIONAL_B_SPLINE_CURVE((1.,1.,1.,1.))
REPRESENTATION_ITEM('')
);
#89=(
BOUNDED_CURVE()
B_SPLINE_CURVE(3,(#4661,#4662,#4663,#4664),.UNSPECIFIED.,.F.,.F.)
B_SPLINE_CURVE_WITH_KNOTS((4,4),(0.,1.),.UNSPECIFIED.)
CURVE()
GEOMETRIC_REPRESENTATION_ITEM()
RATIONAL_B_SPLINE_CURVE((1.,1.,1.,1.))
REPRESENTATION_ITEM('')
);
#90=(
BOUNDED_CURVE()
B_SPLINE_CURVE(3,(#4665,#4666,#4667,#4668),.UNSPECIFIED.,.F.,.F.)
B_SPLINE_CURVE_WITH_KNOTS((4,4),(0.,1.),.UNSPECIFIED.)
CURVE()
GEOMETRIC_REPRESENTATION_ITEM()
RATIONAL_B_SPLINE_CURVE((1.,1.,1.,1.))
REPRESENTATION_ITEM('')
);
#91=(
BOUNDED_CURVE()
B_SPLINE_CURVE(3,(#4669,#4670,#4671,#4672),.UNSPECIFIED.,.F.,.F.)
B_SPLINE_CURVE_WITH_KNOTS((4,4),(0.,1.),.UNSPECIFIED.)
CURVE()
GEOMETRIC_REPRESENTATION_ITEM()
RATIONAL_B_SPLINE_CURVE((1.,1.,1.,1.))
REPRESENTATION_ITEM('')
);
#92=(
BOUNDED_CURVE()
B_SPLINE_CURVE(3,(#4686,#4687,#4688,#4689),.UNSPECIFIED.,.F.,.F.)
B_SPLINE_CURVE_WITH_KNOTS((4,4),(0.,1.),.UNSPECIFIED.)
CURVE()
GEOMETRIC_REPRESENTATION_ITEM()
RATIONAL_B_SPLINE_CURVE((1.,1.,1.,1.))
REPRESENTATION_ITEM('')
);
#93=(
BOUNDED_CURVE()
B_SPLINE_CURVE(3,(#4691,#4692,#4693,#4694),.UNSPECIFIED.,.F.,.F.)
B_SPLINE_CURVE_WITH_KNOTS((4,4),(0.,1.),.UNSPECIFIED.)
CURVE()
GEOMETRIC_REPRESENTATION_ITEM()
RATIONAL_B_SPLINE_CURVE((1.,1.,1.,1.))
REPRESENTATION_ITEM('')
);
#94=(
BOUNDED_CURVE()
B_SPLINE_CURVE(3,(#4697,#4698,#4699,#4700),.UNSPECIFIED.,.F.,.F.)
B_SPLINE_CURVE_WITH_KNOTS((4,4),(0.,1.),.UNSPECIFIED.)
CURVE()
GEOMETRIC_REPRESENTATION_ITEM()
RATIONAL_B_SPLINE_CURVE((1.,1.,1.,1.))
REPRESENTATION_ITEM('')
);
#95=(
BOUNDED_CURVE()
B_SPLINE_CURVE(3,(#4701,#4702,#4703,#4704),.UNSPECIFIED.,.F.,.F.)
B_SPLINE_CURVE_WITH_KNOTS((4,4),(0.,1.),.UNSPECIFIED.)
CURVE()
GEOMETRIC_REPRESENTATION_ITEM()
RATIONAL_B_SPLINE_CURVE((1.,1.,1.,1.))
REPRESENTATION_ITEM('')
);
#96=(
BOUNDED_CURVE()
B_SPLINE_CURVE(3,(#4706,#4707,#4708,#4709),.UNSPECIFIED.,.F.,.F.)
B_SPLINE_CURVE_WITH_KNOTS((4,4),(0.,1.),.UNSPECIFIED.)
CURVE()
GEOMETRIC_REPRESENTATION_ITEM()
RATIONAL_B_SPLINE_CURVE((1.,1.,1.,1.))
REPRESENTATION_ITEM('')
);
#97=(
BOUNDED_CURVE()
B_SPLINE_CURVE(3,(#4715,#4716,#4717,#4718),.UNSPECIFIED.,.F.,.F.)
B_SPLINE_CURVE_WITH_KNOTS((4,4),(0.,1.),.UNSPECIFIED.)
CURVE()
GEOMETRIC_REPRESENTATION_ITEM()
RATIONAL_B_SPLINE_CURVE((1.,1.,1.,1.))
REPRESENTATION_ITEM('')
);
#98=(
BOUNDED_CURVE()
B_SPLINE_CURVE(3,(#4890,#4891,#4892,#4893),.UNSPECIFIED.,.F.,.F.)
B_SPLINE_CURVE_WITH_KNOTS((4,4),(0.,1.),.UNSPECIFIED.)
CURVE()
GEOMETRIC_REPRESENTATION_ITEM()
RATIONAL_B_SPLINE_CURVE((1.,1.,1.,1.))
REPRESENTATION_ITEM('')
);
#99=(
BOUNDED_CURVE()
B_SPLINE_CURVE(3,(#4895,#4896,#4897,#4898),.UNSPECIFIED.,.F.,.F.)
B_SPLINE_CURVE_WITH_KNOTS((4,4),(0.,1.),.UNSPECIFIED.)
CURVE()
GEOMETRIC_REPRESENTATION_ITEM()
RATIONAL_B_SPLINE_CURVE((1.,1.,1.,1.))
REPRESENTATION_ITEM('')
);
#100=(
BOUNDED_CURVE()
B_SPLINE_CURVE(3,(#4904,#4905,#4906,#4907),.UNSPECIFIED.,.F.,.F.)
B_SPLINE_CURVE_WITH_KNOTS((4,4),(0.,1.),.UNSPECIFIED.)
CURVE()
GEOMETRIC_REPRESENTATION_ITEM()
RATIONAL_B_SPLINE_CURVE((1.,1.,1.,1.))
REPRESENTATION_ITEM('')
);
#101=(
BOUNDED_CURVE()
B_SPLINE_CURVE(3,(#5069,#5070,#5071,#5072),.UNSPECIFIED.,.F.,.F.)
B_SPLINE_CURVE_WITH_KNOTS((4,4),(0.,1.),.UNSPECIFIED.)
CURVE()
GEOMETRIC_REPRESENTATION_ITEM()
RATIONAL_B_SPLINE_CURVE((1.,1.,1.,1.))
REPRESENTATION_ITEM('')
);
#102=(
BOUNDED_CURVE()
B_SPLINE_CURVE(3,(#5074,#5075,#5076,#5077),.UNSPECIFIED.,.F.,.F.)
B_SPLINE_CURVE_WITH_KNOTS((4,4),(0.,1.),.UNSPECIFIED.)
CURVE()
GEOMETRIC_REPRESENTATION_ITEM()
RATIONAL_B_SPLINE_CURVE((1.,1.,1.,1.))
REPRESENTATION_ITEM('')
);
#103=(
BOUNDED_CURVE()
B_SPLINE_CURVE(3,(#5080,#5081,#5082,#5083),.UNSPECIFIED.,.F.,.F.)
B_SPLINE_CURVE_WITH_KNOTS((4,4),(0.,1.),.UNSPECIFIED.)
CURVE()
GEOMETRIC_REPRESENTATION_ITEM()
RATIONAL_B_SPLINE_CURVE((1.,1.,1.,1.))
REPRESENTATION_ITEM('')
);
#104=(
BOUNDED_CURVE()
B_SPLINE_CURVE(3,(#5084,#5085,#5086,#5087,#5088,#5089,#5090),
 .UNSPECIFIED.,.F.,.F.)
B_SPLINE_CURVE_WITH_KNOTS((4,3,4),(0.,0.0099009900990099,1.),
 .UNSPECIFIED.)
CURVE()
GEOMETRIC_REPRESENTATION_ITEM()
RATIONAL_B_SPLINE_CURVE((1.,1.,1.,1.,1.,1.,1.))
REPRESENTATION_ITEM('')
);
#105=(
BOUNDED_CURVE()
B_SPLINE_CURVE(3,(#5092,#5093,#5094,#5095,#5096,#5097,#5098),
 .UNSPECIFIED.,.F.,.F.)
B_SPLINE_CURVE_WITH_KNOTS((4,3,4),(0.,0.0099009900990099,1.),
 .UNSPECIFIED.)
CURVE()
GEOMETRIC_REPRESENTATION_ITEM()
RATIONAL_B_SPLINE_CURVE((1.,1.,1.,1.,1.,1.,1.))
REPRESENTATION_ITEM('')
);
#106=(
BOUNDED_CURVE()
B_SPLINE_CURVE(3,(#5104,#5105,#5106,#5107,#5108,#5109,#5110),
 .UNSPECIFIED.,.F.,.F.)
B_SPLINE_CURVE_WITH_KNOTS((4,3,4),(0.,0.99009900990099,1.),
 .UNSPECIFIED.)
CURVE()
GEOMETRIC_REPRESENTATION_ITEM()
RATIONAL_B_SPLINE_CURVE((1.,1.,1.,1.,1.,1.,1.))
REPRESENTATION_ITEM('')
);
#107=B_SPLINE_CURVE_WITH_KNOTS('',3,(#4215,#4216,#4217,#4218),
 .UNSPECIFIED.,.F.,.F.,(4,4),(0.,1.),.UNSPECIFIED.);
#108=B_SPLINE_CURVE_WITH_KNOTS('',1,(#4251,#4252),.UNSPECIFIED.,.F.,.F.,
(2,2),(0.,1.),.UNSPECIFIED.);
#109=B_SPLINE_CURVE_WITH_KNOTS('',3,(#4262,#4263,#4264,#4265),
 .UNSPECIFIED.,.F.,.F.,(4,4),(0.,1.),.UNSPECIFIED.);
#110=B_SPLINE_CURVE_WITH_KNOTS('',3,(#4341,#4342,#4343,#4344),
 .UNSPECIFIED.,.F.,.F.,(4,4),(0.,1.),.UNSPECIFIED.);
#111=B_SPLINE_CURVE_WITH_KNOTS('',3,(#4356,#4357,#4358,#4359),
 .UNSPECIFIED.,.F.,.F.,(4,4),(0.,1.),.UNSPECIFIED.);
#112=B_SPLINE_CURVE_WITH_KNOTS('',3,(#4364,#4365,#4366,#4367),
 .UNSPECIFIED.,.F.,.F.,(4,4),(0.,1.),.UNSPECIFIED.);
#113=B_SPLINE_CURVE_WITH_KNOTS('',3,(#4501,#4502,#4503,#4504),
 .UNSPECIFIED.,.F.,.F.,(4,4),(0.,1.),.UNSPECIFIED.);
#114=B_SPLINE_CURVE_WITH_KNOTS('',3,(#4512,#4513,#4514,#4515),
 .UNSPECIFIED.,.F.,.F.,(4,4),(0.,1.),.UNSPECIFIED.);
#115=B_SPLINE_CURVE_WITH_KNOTS('',3,(#4532,#4533,#4534,#4535),
 .UNSPECIFIED.,.F.,.F.,(4,4),(0.,1.),.UNSPECIFIED.);
#116=B_SPLINE_CURVE_WITH_KNOTS('',3,(#4539,#4540,#4541,#4542),
 .UNSPECIFIED.,.F.,.F.,(4,4),(0.,1.),.UNSPECIFIED.);
#117=B_SPLINE_CURVE_WITH_KNOTS('',3,(#4544,#4545,#4546,#4547),
 .UNSPECIFIED.,.F.,.F.,(4,4),(0.,1.),.UNSPECIFIED.);
#118=B_SPLINE_CURVE_WITH_KNOTS('',1,(#4549,#4550),.UNSPECIFIED.,.F.,.F.,
(2,2),(0.,1.),.UNSPECIFIED.);
#119=B_SPLINE_CURVE_WITH_KNOTS('',2,(#4552,#4553,#4554),.UNSPECIFIED.,.F.,
 .F.,(3,3),(0.,1.),.UNSPECIFIED.);
#120=B_SPLINE_CURVE_WITH_KNOTS('',2,(#4556,#4557,#4558),.UNSPECIFIED.,.F.,
 .F.,(3,3),(0.,1.),.UNSPECIFIED.);
#121=B_SPLINE_CURVE_WITH_KNOTS('',2,(#4561,#4562,#4563),.UNSPECIFIED.,.F.,
 .F.,(3,3),(0.,1.),.UNSPECIFIED.);
#122=B_SPLINE_CURVE_WITH_KNOTS('',3,(#4567,#4568,#4569,#4570),
 .UNSPECIFIED.,.F.,.F.,(4,4),(0.,1.),.UNSPECIFIED.);
#123=B_SPLINE_CURVE_WITH_KNOTS('',3,(#4573,#4574,#4575,#4576),
 .UNSPECIFIED.,.F.,.F.,(4,4),(0.,1.),.UNSPECIFIED.);
#124=B_SPLINE_CURVE_WITH_KNOTS('',1,(#4578,#4579),.UNSPECIFIED.,.F.,.F.,
(2,2),(0.,1.),.UNSPECIFIED.);
#125=B_SPLINE_CURVE_WITH_KNOTS('',3,(#4581,#4582,#4583,#4584),
 .UNSPECIFIED.,.F.,.F.,(4,4),(0.,1.),.UNSPECIFIED.);
#126=B_SPLINE_CURVE_WITH_KNOTS('',2,(#4586,#4587,#4588),.UNSPECIFIED.,.F.,
 .F.,(3,3),(0.,1.),.UNSPECIFIED.);
#127=B_SPLINE_CURVE_WITH_KNOTS('',2,(#4590,#4591,#4592),.UNSPECIFIED.,.F.,
 .F.,(3,3),(0.,1.),.UNSPECIFIED.);
#128=B_SPLINE_CURVE_WITH_KNOTS('',2,(#4595,#4596,#4597),.UNSPECIFIED.,.F.,
 .F.,(3,3),(0.,1.),.UNSPECIFIED.);
#129=B_SPLINE_CURVE_WITH_KNOTS('',3,(#4611,#4612,#4613,#4614,#4615,#4616,
#4617,#4618,#4619,#4620),.UNSPECIFIED.,.F.,.F.,(4,1,1,2,2,4),(0.,0.250000000000006,
0.375000000000009,0.437500000000008,0.500000000000007,1.),.UNSPECIFIED.);
#130=B_SPLINE_CURVE_WITH_KNOTS('',3,(#4622,#4623,#4624,#4625),
 .UNSPECIFIED.,.F.,.F.,(4,4),(0.,1.),.UNSPECIFIED.);
#131=B_SPLINE_CURVE_WITH_KNOTS('',3,(#4627,#4628,#4629,#4630,#4631,#4632,
#4633,#4634,#4635,#4636),.UNSPECIFIED.,.F.,.F.,(4,1,1,2,2,4),(0.,0.249999999999998,
0.374999999999998,0.437499999999999,0.499999999999999,1.),.UNSPECIFIED.);
#132=B_SPLINE_CURVE_WITH_KNOTS('',3,(#4638,#4639,#4640,#4641,#4642,#4643),
 .UNSPECIFIED.,.F.,.F.,(4,2,4),(0.,0.5,1.),.UNSPECIFIED.);
#133=B_SPLINE_CURVE_WITH_KNOTS('',3,(#4644,#4645,#4646,#4647,#4648,#4649,
#4650,#4651),.UNSPECIFIED.,.F.,.F.,(4,2,2,4),(0.,0.25,0.5,1.),
 .UNSPECIFIED.);
#134=B_SPLINE_CURVE_WITH_KNOTS('',1,(#4653,#4654),.UNSPECIFIED.,.F.,.F.,
(2,2),(0.,1.),.UNSPECIFIED.);
#135=B_SPLINE_CURVE_WITH_KNOTS('',3,(#4656,#4657,#4658,#4659),
 .UNSPECIFIED.,.F.,.F.,(4,4),(0.,1.),.UNSPECIFIED.);
#136=B_SPLINE_CURVE_WITH_KNOTS('',3,(#4673,#4674,#4675,#4676),
 .UNSPECIFIED.,.F.,.F.,(4,4),(0.,1.),.UNSPECIFIED.);
#137=B_SPLINE_CURVE_WITH_KNOTS('',3,(#4678,#4679,#4680,#4681),
 .UNSPECIFIED.,.F.,.F.,(4,4),(0.,1.),.UNSPECIFIED.);
#138=B_SPLINE_CURVE_WITH_KNOTS('',1,(#4683,#4684),.UNSPECIFIED.,.F.,.F.,
(2,2),(0.,1.),.UNSPECIFIED.);
#139=B_SPLINE_CURVE_WITH_KNOTS('',3,(#4711,#4712,#4713,#4714),
 .UNSPECIFIED.,.F.,.F.,(4,4),(0.,1.),.UNSPECIFIED.);
#140=B_SPLINE_CURVE_WITH_KNOTS('',3,(#4719,#4720,#4721,#4722),
 .UNSPECIFIED.,.F.,.F.,(4,4),(0.,1.),.UNSPECIFIED.);
#141=B_SPLINE_CURVE_WITH_KNOTS('',3,(#4724,#4725,#4726,#4727),
 .UNSPECIFIED.,.F.,.F.,(4,4),(0.,1.),.UNSPECIFIED.);
#142=B_SPLINE_CURVE_WITH_KNOTS('',3,(#4729,#4730,#4731,#4732),
 .UNSPECIFIED.,.F.,.F.,(4,4),(0.,1.),.UNSPECIFIED.);
#143=B_SPLINE_CURVE_WITH_KNOTS('',3,(#4734,#4735,#4736,#4737,#4738,#4739,
#4740,#4741),.UNSPECIFIED.,.F.,.F.,(4,2,2,4),(0.,0.25,0.5,1.),
 .UNSPECIFIED.);
#144=B_SPLINE_CURVE_WITH_KNOTS('',3,(#4743,#4744,#4745,#4746,#4747,#4748,
#4749,#4750),.UNSPECIFIED.,.F.,.F.,(4,2,2,4),(0.,0.25,0.5,1.),
 .UNSPECIFIED.);
#145=B_SPLINE_CURVE_WITH_KNOTS('',3,(#4752,#4753,#4754,#4755),
 .UNSPECIFIED.,.F.,.F.,(4,4),(0.,1.),.UNSPECIFIED.);
#146=B_SPLINE_CURVE_WITH_KNOTS('',3,(#4757,#4758,#4759,#4760,#4761,#4762),
 .UNSPECIFIED.,.F.,.F.,(4,2,4),(0.,0.5,1.),.UNSPECIFIED.);
#147=B_SPLINE_CURVE_WITH_KNOTS('',3,(#4763,#4764,#4765,#4766,#4767,#4768),
 .UNSPECIFIED.,.F.,.F.,(4,2,4),(0.,0.5,1.),.UNSPECIFIED.);
#148=B_SPLINE_CURVE_WITH_KNOTS('',3,(#4837,#4838,#4839,#4840),
 .UNSPECIFIED.,.F.,.F.,(4,4),(0.,1.),.UNSPECIFIED.);
#149=B_SPLINE_CURVE_WITH_KNOTS('',3,(#4843,#4844,#4845,#4846),
 .UNSPECIFIED.,.F.,.F.,(4,4),(0.,1.),.UNSPECIFIED.);
#150=B_SPLINE_CURVE_WITH_KNOTS('',3,(#4848,#4849,#4850,#4851),
 .UNSPECIFIED.,.F.,.F.,(4,4),(0.,1.),.UNSPECIFIED.);
#151=B_SPLINE_CURVE_WITH_KNOTS('',3,(#4853,#4854,#4855,#4856),
 .UNSPECIFIED.,.F.,.F.,(4,4),(0.,1.),.UNSPECIFIED.);
#152=B_SPLINE_CURVE_WITH_KNOTS('',3,(#4858,#4859,#4860,#4861),
 .UNSPECIFIED.,.F.,.F.,(4,4),(0.,1.),.UNSPECIFIED.);
#153=B_SPLINE_CURVE_WITH_KNOTS('',3,(#4863,#4864,#4865,#4866),
 .UNSPECIFIED.,.F.,.F.,(4,4),(0.,1.),.UNSPECIFIED.);
#154=B_SPLINE_CURVE_WITH_KNOTS('',3,(#4868,#4869,#4870,#4871),
 .UNSPECIFIED.,.F.,.F.,(4,4),(0.,1.),.UNSPECIFIED.);
#155=B_SPLINE_CURVE_WITH_KNOTS('',3,(#4873,#4874,#4875,#4876,#4877,#4878),
 .UNSPECIFIED.,.F.,.F.,(4,2,4),(0.,0.5,1.),.UNSPECIFIED.);
#156=B_SPLINE_CURVE_WITH_KNOTS('',3,(#4880,#4881,#4882,#4883,#4884,#4885),
 .UNSPECIFIED.,.F.,.F.,(4,2,4),(0.,0.5,1.),.UNSPECIFIED.);
#157=B_SPLINE_CURVE_WITH_KNOTS('',1,(#4887,#4888),.UNSPECIFIED.,.F.,.F.,
(2,2),(0.,1.),.UNSPECIFIED.);
#158=B_SPLINE_CURVE_WITH_KNOTS('',3,(#4900,#4901,#4902,#4903),
 .UNSPECIFIED.,.F.,.F.,(4,4),(0.,1.),.UNSPECIFIED.);
#159=B_SPLINE_CURVE_WITH_KNOTS('',3,(#4908,#4909,#4910,#4911),
 .UNSPECIFIED.,.F.,.F.,(4,4),(0.,1.),.UNSPECIFIED.);
#160=B_SPLINE_CURVE_WITH_KNOTS('',3,(#4913,#4914,#4915,#4916),
 .UNSPECIFIED.,.F.,.F.,(4,4),(0.,1.),.UNSPECIFIED.);
#161=B_SPLINE_CURVE_WITH_KNOTS('',3,(#4918,#4919,#4920,#4921),
 .UNSPECIFIED.,.F.,.F.,(4,4),(0.,1.),.UNSPECIFIED.);
#162=B_SPLINE_CURVE_WITH_KNOTS('',3,(#4923,#4924,#4925,#4926),
 .UNSPECIFIED.,.F.,.F.,(4,4),(0.,1.),.UNSPECIFIED.);
#163=B_SPLINE_CURVE_WITH_KNOTS('',3,(#4928,#4929,#4930,#4931),
 .UNSPECIFIED.,.F.,.F.,(4,4),(0.,1.),.UNSPECIFIED.);
#164=B_SPLINE_CURVE_WITH_KNOTS('',3,(#4933,#4934,#4935,#4936),
 .UNSPECIFIED.,.F.,.F.,(4,4),(0.,1.),.UNSPECIFIED.);
#165=B_SPLINE_CURVE_WITH_KNOTS('',3,(#4938,#4939,#4940,#4941),
 .UNSPECIFIED.,.F.,.F.,(4,4),(0.,1.),.UNSPECIFIED.);
#166=B_SPLINE_CURVE_WITH_KNOTS('',3,(#4943,#4944,#4945,#4946),
 .UNSPECIFIED.,.F.,.F.,(4,4),(0.,1.),.UNSPECIFIED.);
#167=B_SPLINE_CURVE_WITH_KNOTS('',3,(#4948,#4949,#4950,#4951),
 .UNSPECIFIED.,.F.,.F.,(4,4),(0.,1.),.UNSPECIFIED.);
#168=B_SPLINE_CURVE_WITH_KNOTS('',3,(#4953,#4954,#4955,#4956),
 .UNSPECIFIED.,.F.,.F.,(4,4),(0.,1.),.UNSPECIFIED.);
#169=B_SPLINE_CURVE_WITH_KNOTS('',3,(#4958,#4959,#4960,#4961),
 .UNSPECIFIED.,.F.,.F.,(4,4),(0.,1.),.UNSPECIFIED.);
#170=B_SPLINE_CURVE_WITH_KNOTS('',3,(#4963,#4964,#4965,#4966),
 .UNSPECIFIED.,.F.,.F.,(4,4),(0.,1.),.UNSPECIFIED.);
#171=B_SPLINE_CURVE_WITH_KNOTS('',3,(#4968,#4969,#4970,#4971),
 .UNSPECIFIED.,.F.,.F.,(4,4),(0.,1.),.UNSPECIFIED.);
#172=B_SPLINE_CURVE_WITH_KNOTS('',3,(#4973,#4974,#4975,#4976),
 .UNSPECIFIED.,.F.,.F.,(4,4),(0.,1.),.UNSPECIFIED.);
#173=B_SPLINE_CURVE_WITH_KNOTS('',3,(#4978,#4979,#4980,#4981),
 .UNSPECIFIED.,.F.,.F.,(4,4),(0.,1.),.UNSPECIFIED.);
#174=B_SPLINE_CURVE_WITH_KNOTS('',3,(#4983,#4984,#4985,#4986),
 .UNSPECIFIED.,.F.,.F.,(4,4),(0.,1.),.UNSPECIFIED.);
#175=B_SPLINE_CURVE_WITH_KNOTS('',3,(#4988,#4989,#4990,#4991),
 .UNSPECIFIED.,.F.,.F.,(4,4),(0.,1.),.UNSPECIFIED.);
#176=B_SPLINE_CURVE_WITH_KNOTS('',3,(#4993,#4994,#4995,#4996),
 .UNSPECIFIED.,.F.,.F.,(4,4),(0.,1.),.UNSPECIFIED.);
#177=B_SPLINE_CURVE_WITH_KNOTS('',3,(#4998,#4999,#5000,#5001),
 .UNSPECIFIED.,.F.,.F.,(4,4),(0.,1.),.UNSPECIFIED.);
#178=B_SPLINE_CURVE_WITH_KNOTS('',3,(#5003,#5004,#5005,#5006),
 .UNSPECIFIED.,.F.,.F.,(4,4),(0.,1.),.UNSPECIFIED.);
#179=B_SPLINE_CURVE_WITH_KNOTS('',3,(#5008,#5009,#5010,#5011),
 .UNSPECIFIED.,.F.,.F.,(4,4),(0.,1.),.UNSPECIFIED.);
#180=B_SPLINE_CURVE_WITH_KNOTS('',3,(#5013,#5014,#5015,#5016),
 .UNSPECIFIED.,.F.,.F.,(4,4),(0.,1.),.UNSPECIFIED.);
#181=B_SPLINE_CURVE_WITH_KNOTS('',3,(#5018,#5019,#5020,#5021),
 .UNSPECIFIED.,.F.,.F.,(4,4),(0.,1.),.UNSPECIFIED.);
#182=B_SPLINE_CURVE_WITH_KNOTS('',3,(#5023,#5024,#5025,#5026),
 .UNSPECIFIED.,.F.,.F.,(4,4),(0.,1.),.UNSPECIFIED.);
#183=B_SPLINE_CURVE_WITH_KNOTS('',3,(#5028,#5029,#5030,#5031),
 .UNSPECIFIED.,.F.,.F.,(4,4),(0.,1.),.UNSPECIFIED.);
#184=B_SPLINE_CURVE_WITH_KNOTS('',3,(#5033,#5034,#5035,#5036),
 .UNSPECIFIED.,.F.,.F.,(4,4),(0.,1.),.UNSPECIFIED.);
#185=B_SPLINE_CURVE_WITH_KNOTS('',3,(#5038,#5039,#5040,#5041),
 .UNSPECIFIED.,.F.,.F.,(4,4),(0.,1.),.UNSPECIFIED.);
#186=B_SPLINE_CURVE_WITH_KNOTS('',3,(#5043,#5044,#5045,#5046),
 .UNSPECIFIED.,.F.,.F.,(4,4),(0.,1.),.UNSPECIFIED.);
#187=B_SPLINE_CURVE_WITH_KNOTS('',3,(#5048,#5049,#5050,#5051),
 .UNSPECIFIED.,.F.,.F.,(4,4),(0.,1.),.UNSPECIFIED.);
#188=B_SPLINE_CURVE_WITH_KNOTS('',3,(#5053,#5054,#5055,#5056),
 .UNSPECIFIED.,.F.,.F.,(4,4),(0.,1.),.UNSPECIFIED.);
#189=B_SPLINE_CURVE_WITH_KNOTS('',3,(#5100,#5101,#5102,#5103),
 .UNSPECIFIED.,.F.,.F.,(4,4),(0.,1.),.UNSPECIFIED.);
#190=B_SPLINE_CURVE_WITH_KNOTS('',3,(#5111,#5112,#5113,#5114),
 .UNSPECIFIED.,.F.,.F.,(4,4),(0.,1.),.UNSPECIFIED.);
#191=B_SPLINE_CURVE_WITH_KNOTS('',3,(#5116,#5117,#5118,#5119),
 .UNSPECIFIED.,.F.,.F.,(4,4),(0.,1.),.UNSPECIFIED.);
#192=B_SPLINE_CURVE_WITH_KNOTS('',3,(#5121,#5122,#5123,#5124),
 .UNSPECIFIED.,.F.,.F.,(4,4),(0.,1.),.UNSPECIFIED.);
#193=B_SPLINE_CURVE_WITH_KNOTS('',3,(#5126,#5127,#5128,#5129),
 .UNSPECIFIED.,.F.,.F.,(4,4),(0.,1.),.UNSPECIFIED.);
#194=B_SPLINE_CURVE_WITH_KNOTS('',3,(#5131,#5132,#5133,#5134),
 .UNSPECIFIED.,.F.,.F.,(4,4),(0.,1.),.UNSPECIFIED.);
#195=B_SPLINE_CURVE_WITH_KNOTS('',3,(#5136,#5137,#5138,#5139),
 .UNSPECIFIED.,.F.,.F.,(4,4),(0.,1.),.UNSPECIFIED.);
#196=B_SPLINE_CURVE_WITH_KNOTS('',3,(#5141,#5142,#5143,#5144),
 .UNSPECIFIED.,.F.,.F.,(4,4),(0.,1.),.UNSPECIFIED.);
#197=B_SPLINE_CURVE_WITH_KNOTS('',3,(#5146,#5147,#5148,#5149),
 .UNSPECIFIED.,.F.,.F.,(4,4),(0.,1.),.UNSPECIFIED.);
#198=B_SPLINE_CURVE_WITH_KNOTS('',3,(#5151,#5152,#5153,#5154),
 .UNSPECIFIED.,.F.,.F.,(4,4),(0.,1.),.UNSPECIFIED.);
#199=B_SPLINE_CURVE_WITH_KNOTS('',3,(#5156,#5157,#5158,#5159),
 .UNSPECIFIED.,.F.,.F.,(4,4),(0.,1.),.UNSPECIFIED.);
#200=B_SPLINE_CURVE_WITH_KNOTS('',3,(#5161,#5162,#5163,#5164),
 .UNSPECIFIED.,.F.,.F.,(4,4),(0.,1.),.UNSPECIFIED.);
#201=B_SPLINE_CURVE_WITH_KNOTS('',3,(#5166,#5167,#5168,#5169),
 .UNSPECIFIED.,.F.,.F.,(4,4),(0.,1.),.UNSPECIFIED.);
#202=B_SPLINE_CURVE_WITH_KNOTS('',3,(#5171,#5172,#5173,#5174),
 .UNSPECIFIED.,.F.,.F.,(4,4),(0.,1.),.UNSPECIFIED.);
#203=B_SPLINE_CURVE_WITH_KNOTS('',3,(#5176,#5177,#5178,#5179),
 .UNSPECIFIED.,.F.,.F.,(4,4),(0.,1.),.UNSPECIFIED.);
#204=B_SPLINE_CURVE_WITH_KNOTS('',3,(#5181,#5182,#5183,#5184),
 .UNSPECIFIED.,.F.,.F.,(4,4),(0.,1.),.UNSPECIFIED.);
#205=B_SPLINE_CURVE_WITH_KNOTS('',3,(#5186,#5187,#5188,#5189),
 .UNSPECIFIED.,.F.,.F.,(4,4),(0.,1.),.UNSPECIFIED.);
#206=B_SPLINE_CURVE_WITH_KNOTS('',3,(#5191,#5192,#5193,#5194),
 .UNSPECIFIED.,.F.,.F.,(4,4),(0.,1.),.UNSPECIFIED.);
#207=B_SPLINE_CURVE_WITH_KNOTS('',3,(#5196,#5197,#5198,#5199),
 .UNSPECIFIED.,.F.,.F.,(4,4),(0.,1.),.UNSPECIFIED.);
#208=B_SPLINE_CURVE_WITH_KNOTS('',3,(#5205,#5206,#5207,#5208),
 .UNSPECIFIED.,.F.,.F.,(4,4),(0.,1.),.UNSPECIFIED.);
#209=B_SPLINE_CURVE_WITH_KNOTS('',3,(#5210,#5211,#5212,#5213),
 .UNSPECIFIED.,.F.,.F.,(4,4),(0.,1.),.UNSPECIFIED.);
#210=B_SPLINE_CURVE_WITH_KNOTS('',3,(#5215,#5216,#5217,#5218),
 .UNSPECIFIED.,.F.,.F.,(4,4),(0.,1.),.UNSPECIFIED.);
#211=B_SPLINE_CURVE_WITH_KNOTS('',3,(#5220,#5221,#5222,#5223),
 .UNSPECIFIED.,.F.,.F.,(4,4),(0.,1.),.UNSPECIFIED.);
#212=B_SPLINE_CURVE_WITH_KNOTS('',3,(#5225,#5226,#5227,#5228),
 .UNSPECIFIED.,.F.,.F.,(4,4),(0.,1.),.UNSPECIFIED.);
#213=B_SPLINE_CURVE_WITH_KNOTS('',3,(#5230,#5231,#5232,#5233),
 .UNSPECIFIED.,.F.,.F.,(4,4),(0.,1.),.UNSPECIFIED.);
#214=B_SPLINE_CURVE_WITH_KNOTS('',3,(#5235,#5236,#5237,#5238),
 .UNSPECIFIED.,.F.,.F.,(4,4),(0.,1.),.UNSPECIFIED.);
#215=B_SPLINE_CURVE_WITH_KNOTS('',3,(#5240,#5241,#5242,#5243),
 .UNSPECIFIED.,.F.,.F.,(4,4),(0.,1.),.UNSPECIFIED.);
#216=B_SPLINE_CURVE_WITH_KNOTS('',3,(#5245,#5246,#5247,#5248),
 .UNSPECIFIED.,.F.,.F.,(4,4),(0.,1.),.UNSPECIFIED.);
#217=B_SPLINE_CURVE_WITH_KNOTS('',3,(#5250,#5251,#5252,#5253),
 .UNSPECIFIED.,.F.,.F.,(4,4),(0.,1.),.UNSPECIFIED.);
#218=B_SPLINE_CURVE_WITH_KNOTS('',3,(#5255,#5256,#5257,#5258),
 .UNSPECIFIED.,.F.,.F.,(4,4),(0.,1.),.UNSPECIFIED.);
#219=B_SPLINE_CURVE_WITH_KNOTS('',3,(#5260,#5261,#5262,#5263),
 .UNSPECIFIED.,.F.,.F.,(4,4),(0.,1.),.UNSPECIFIED.);
#220=B_SPLINE_CURVE_WITH_KNOTS('',3,(#5265,#5266,#5267,#5268),
 .UNSPECIFIED.,.F.,.F.,(4,4),(0.,1.),.UNSPECIFIED.);
#221=B_SPLINE_CURVE_WITH_KNOTS('',3,(#5270,#5271,#5272,#5273),
 .UNSPECIFIED.,.F.,.F.,(4,4),(0.,1.),.UNSPECIFIED.);
#222=B_SPLINE_CURVE_WITH_KNOTS('',3,(#5275,#5276,#5277,#5278),
 .UNSPECIFIED.,.F.,.F.,(4,4),(0.,1.),.UNSPECIFIED.);
#223=B_SPLINE_CURVE_WITH_KNOTS('',3,(#5280,#5281,#5282,#5283),
 .UNSPECIFIED.,.F.,.F.,(4,4),(0.,1.),.UNSPECIFIED.);
#224=B_SPLINE_CURVE_WITH_KNOTS('',3,(#5285,#5286,#5287,#5288),
 .UNSPECIFIED.,.F.,.F.,(4,4),(0.,1.),.UNSPECIFIED.);
#225=B_SPLINE_CURVE_WITH_KNOTS('',3,(#5290,#5291,#5292,#5293),
 .UNSPECIFIED.,.F.,.F.,(4,4),(0.,1.),.UNSPECIFIED.);
#226=B_SPLINE_CURVE_WITH_KNOTS('',3,(#5295,#5296,#5297,#5298),
 .UNSPECIFIED.,.F.,.F.,(4,4),(0.,1.),.UNSPECIFIED.);
#227=B_SPLINE_CURVE_WITH_KNOTS('',3,(#5300,#5301,#5302,#5303),
 .UNSPECIFIED.,.F.,.F.,(4,4),(0.,1.),.UNSPECIFIED.);
#228=B_SPLINE_CURVE_WITH_KNOTS('',3,(#5305,#5306,#5307,#5308),
 .UNSPECIFIED.,.F.,.F.,(4,4),(0.,1.),.UNSPECIFIED.);
#229=B_SPLINE_CURVE_WITH_KNOTS('',3,(#5310,#5311,#5312,#5313),
 .UNSPECIFIED.,.F.,.F.,(4,4),(0.,1.),.UNSPECIFIED.);
#230=B_SPLINE_CURVE_WITH_KNOTS('',3,(#5318,#5319,#5320,#5321),
 .UNSPECIFIED.,.F.,.F.,(4,4),(0.,1.),.UNSPECIFIED.);
#231=B_SPLINE_CURVE_WITH_KNOTS('',3,(#5323,#5324,#5325,#5326),
 .UNSPECIFIED.,.F.,.F.,(4,4),(0.,1.),.UNSPECIFIED.);
#232=B_SPLINE_CURVE_WITH_KNOTS('',3,(#5328,#5329,#5330,#5331),
 .UNSPECIFIED.,.F.,.F.,(4,4),(0.,1.),.UNSPECIFIED.);
#233=B_SPLINE_CURVE_WITH_KNOTS('',3,(#5333,#5334,#5335,#5336),
 .UNSPECIFIED.,.F.,.F.,(4,4),(0.,1.),.UNSPECIFIED.);
#234=B_SPLINE_CURVE_WITH_KNOTS('',3,(#5338,#5339,#5340,#5341),
 .UNSPECIFIED.,.F.,.F.,(4,4),(0.,1.),.UNSPECIFIED.);
#235=B_SPLINE_CURVE_WITH_KNOTS('',3,(#5343,#5344,#5345,#5346),
 .UNSPECIFIED.,.F.,.F.,(4,4),(0.,1.),.UNSPECIFIED.);
#236=B_SPLINE_CURVE_WITH_KNOTS('',3,(#5348,#5349,#5350,#5351),
 .UNSPECIFIED.,.F.,.F.,(4,4),(0.,1.),.UNSPECIFIED.);
#237=B_SPLINE_CURVE_WITH_KNOTS('',3,(#5353,#5354,#5355,#5356),
 .UNSPECIFIED.,.F.,.F.,(4,4),(0.,1.),.UNSPECIFIED.);
#238=B_SPLINE_CURVE_WITH_KNOTS('',3,(#5357,#5358,#5359,#5360),
 .UNSPECIFIED.,.F.,.F.,(4,4),(0.,1.),.UNSPECIFIED.);
#239=PRESENTATION_LAYER_ASSIGNMENT('1','Layer 1',(#263,#264,#265));
#240=STYLED_ITEM('',(#243),#263);
#241=STYLED_ITEM('',(#244),#264);
#242=STYLED_ITEM('',(#245),#265);
#243=PRESENTATION_STYLE_ASSIGNMENT((#246));
#244=PRESENTATION_STYLE_ASSIGNMENT((#247));
#245=PRESENTATION_STYLE_ASSIGNMENT((#248));
#246=SURFACE_STYLE_USAGE(.BOTH.,#249);
#247=SURFACE_STYLE_USAGE(.BOTH.,#250);
#248=SURFACE_STYLE_USAGE(.BOTH.,#251);
#249=SURFACE_SIDE_STYLE('',(#252));
#250=SURFACE_SIDE_STYLE('',(#253));
#251=SURFACE_SIDE_STYLE('',(#254));
#252=SURFACE_STYLE_FILL_AREA(#255);
#253=SURFACE_STYLE_FILL_AREA(#256);
#254=SURFACE_STYLE_FILL_AREA(#257);
#255=FILL_AREA_STYLE('',(#258));
#256=FILL_AREA_STYLE('',(#259));
#257=FILL_AREA_STYLE('',(#260));
#258=FILL_AREA_STYLE_COLOUR('',#261);
#259=FILL_AREA_STYLE_COLOUR('',#262);
#260=FILL_AREA_STYLE_COLOUR('',#261);
#261=COLOUR_RGB('medium steel',0.611764705882353,0.658823529411765,0.670588235294118);
#262=COLOUR_RGB('silver gray',0.6,0.6,0.6);
#263=MANIFOLD_SOLID_BREP('',#266);
#264=MANIFOLD_SOLID_BREP('K\X\D6RPER1',#267);
#265=MANIFOLD_SOLID_BREP('',#268);
#266=CLOSED_SHELL('',(#395,#396,#397,#398,#399,#400,#401,#402,#403,#404,
#405,#406,#407,#408,#409,#410,#411,#412,#413,#414,#415,#416,#417,#418));
#267=CLOSED_SHELL('',(#419,#420,#421,#422,#423,#424,#425,#426,#427,#428,
#429,#430,#431,#432,#433,#434,#435,#436,#437,#438,#439,#440,#441,#442,#443,
#444,#445,#446,#447,#448,#449,#450,#451,#452,#453,#454,#455,#456,#457,#458,
#459,#460,#461,#462,#463,#464,#465,#466,#467,#468,#469,#470,#471,#472,#473,
#474,#475,#476,#477,#478,#479,#480,#481,#482,#483,#484,#485,#486,#487,#488,
#489,#490,#491,#492,#493,#494,#495,#496,#497,#498,#499,#500,#501,#502,#503,
#504,#505,#506,#507,#508,#509,#510,#511,#512,#513,#514,#515,#516,#517,#518,
#519,#520,#521,#522,#523,#524,#525,#526,#527,#528,#529));
#268=CLOSED_SHELL('',(#530,#531,#532,#533,#534,#535,#536,#537,#538,#539,
#540,#541,#542,#543,#544,#545,#546,#547,#548,#549,#550,#551,#552,#553,#554,
#555));
#269=TOROIDAL_SURFACE('',#3157,0.3,0.2);
#270=TOROIDAL_SURFACE('',#3161,0.3,0.2);
#271=TOROIDAL_SURFACE('',#3164,0.3,0.2);
#272=TOROIDAL_SURFACE('',#3168,0.3,0.2);
#273=(
BOUNDED_SURFACE()
B_SPLINE_SURFACE(3,2,((#4091,#4092,#4093),(#4094,#4095,#4096),(#4097,#4098,
#4099),(#4100,#4101,#4102),(#4103,#4104,#4105),(#4106,#4107,#4108)),
 .UNSPECIFIED.,.F.,.F.,.F.)
B_SPLINE_SURFACE_WITH_KNOTS((4,2,4),(3,3),(0.,0.5,1.),(0.,1.),
 .UNSPECIFIED.)
GEOMETRIC_REPRESENTATION_ITEM()
RATIONAL_B_SPLINE_SURFACE(((1.,0.707106781186541,1.),(1.,0.704674679133976,
1.),(1.,0.790450772383263,1.),(1.,0.941600035185592,1.),(1.,1.0026757383406,
1.),(1.,1.,1.)))
REPRESENTATION_ITEM('')
SURFACE()
);
#274=(
BOUNDED_SURFACE()
B_SPLINE_SURFACE(3,2,((#4115,#4116,#4117),(#4118,#4119,#4120),(#4121,#4122,
#4123),(#4124,#4125,#4126),(#4127,#4128,#4129),(#4130,#4131,#4132)),
 .UNSPECIFIED.,.F.,.F.,.F.)
B_SPLINE_SURFACE_WITH_KNOTS((4,2,4),(3,3),(0.,0.5,1.),(0.,1.),
 .UNSPECIFIED.)
GEOMETRIC_REPRESENTATION_ITEM()
RATIONAL_B_SPLINE_SURFACE(((1.,1.,1.),(1.,1.00267573834065,1.),(1.,0.941600035185533,
1.),(1.,0.790450772383351,1.),(1.,0.704674679133938,1.),(1.,0.707106781186556,
1.)))
REPRESENTATION_ITEM('')
SURFACE()
);
#275=(
BOUNDED_SURFACE()
B_SPLINE_SURFACE(3,2,((#4134,#4135,#4136),(#4137,#4138,#4139),(#4140,#4141,
#4142),(#4143,#4144,#4145),(#4146,#4147,#4148),(#4149,#4150,#4151)),
 .UNSPECIFIED.,.F.,.F.,.F.)
B_SPLINE_SURFACE_WITH_KNOTS((4,2,4),(3,3),(0.,0.5,1.),(0.,1.),
 .UNSPECIFIED.)
GEOMETRIC_REPRESENTATION_ITEM()
RATIONAL_B_SPLINE_SURFACE(((1.,0.707106781186545,1.),(1.,0.704674679134045,
1.),(1.,0.790450772383216,1.),(1.,0.941600035185663,1.),(1.,1.00267573834055,
1.),(1.,1.,1.)))
REPRESENTATION_ITEM('')
SURFACE()
);
#276=(
BOUNDED_SURFACE()
B_SPLINE_SURFACE(3,2,((#4158,#4159,#4160),(#4161,#4162,#4163),(#4164,#4165,
#4166),(#4167,#4168,#4169),(#4170,#4171,#4172),(#4173,#4174,#4175)),
 .UNSPECIFIED.,.F.,.F.,.F.)
B_SPLINE_SURFACE_WITH_KNOTS((4,2,4),(3,3),(0.,0.5,1.),(0.,1.),
 .UNSPECIFIED.)
GEOMETRIC_REPRESENTATION_ITEM()
RATIONAL_B_SPLINE_SURFACE(((1.,0.707106781186548,1.),(1.,0.704674679133886,
1.),(1.,0.790450772383427,1.),(1.,0.941600035185457,1.),(1.,1.0026757383407,
1.),(1.,1.,1.)))
REPRESENTATION_ITEM('')
SURFACE()
);
#277=CYLINDRICAL_SURFACE('',#3133,0.5);
#278=CYLINDRICAL_SURFACE('',#3138,0.5);
#279=CYLINDRICAL_SURFACE('',#3140,0.5);
#280=CYLINDRICAL_SURFACE('',#3142,0.5);
#281=CYLINDRICAL_SURFACE('',#3145,0.5);
#282=CYLINDRICAL_SURFACE('',#3147,0.5);
#283=CYLINDRICAL_SURFACE('',#3152,0.5);
#284=CYLINDRICAL_SURFACE('',#3154,0.5);
#285=CYLINDRICAL_SURFACE('',#3159,0.2);
#286=CYLINDRICAL_SURFACE('',#3166,0.2);
#287=CYLINDRICAL_SURFACE('',#3172,21.0612033206257);
#288=CYLINDRICAL_SURFACE('',#3181,20.6797157297718);
#289=CYLINDRICAL_SURFACE('',#3217,2244.54375753143);
#290=CYLINDRICAL_SURFACE('',#3219,1098.17534653643);
#291=CYLINDRICAL_SURFACE('',#3223,56.683520359731);
#292=CYLINDRICAL_SURFACE('',#3224,7.67344759422635);
#293=CYLINDRICAL_SURFACE('',#3225,4.38759501393122);
#294=CYLINDRICAL_SURFACE('',#3226,4.49124788349581);
#295=CYLINDRICAL_SURFACE('',#3227,176.5889171215);
#296=CYLINDRICAL_SURFACE('',#3228,7.3495190416223);
#297=CYLINDRICAL_SURFACE('',#3233,20.5867558255586);
#298=CYLINDRICAL_SURFACE('',#3244,19.7672607619809);
#299=CYLINDRICAL_SURFACE('',#3245,20.5850644390271);
#300=CYLINDRICAL_SURFACE('',#3246,20.607810016909);
#301=CYLINDRICAL_SURFACE('',#3247,20.6860318502955);
#302=CYLINDRICAL_SURFACE('',#3248,20.5632345362903);
#303=CYLINDRICAL_SURFACE('',#3249,19.3270285812805);
#304=CYLINDRICAL_SURFACE('',#3250,20.0224992245609);
#305=CYLINDRICAL_SURFACE('',#3251,20.1989058065182);
#306=CYLINDRICAL_SURFACE('',#3252,21.3140768850549);
#307=CYLINDRICAL_SURFACE('',#3253,21.3800901617536);
#308=CYLINDRICAL_SURFACE('',#3254,22.3071774618453);
#309=CYLINDRICAL_SURFACE('',#3255,20.241939426835);
#310=CYLINDRICAL_SURFACE('',#3256,21.1530445911574);
#311=CYLINDRICAL_SURFACE('',#3259,21.4269335517828);
#312=CYLINDRICAL_SURFACE('',#3260,21.4952294494502);
#313=CYLINDRICAL_SURFACE('',#3261,22.7023035960885);
#314=CYLINDRICAL_SURFACE('',#3262,22.127432198657);
#315=CYLINDRICAL_SURFACE('',#3263,21.9948649982761);
#316=CYLINDRICAL_SURFACE('',#3264,21.8906220726326);
#317=CYLINDRICAL_SURFACE('',#3266,19.4539595646987);
#318=CYLINDRICAL_SURFACE('',#3267,21.7183060380518);
#319=CYLINDRICAL_SURFACE('',#3268,21.7815258144905);
#320=CYLINDRICAL_SURFACE('',#3269,22.3345130417048);
#321=CYLINDRICAL_SURFACE('',#3270,21.8076673139098);
#322=CYLINDRICAL_SURFACE('',#3271,21.6295445735047);
#323=CYLINDRICAL_SURFACE('',#3272,13.7089067146087);
#324=CYLINDRICAL_SURFACE('',#3274,3.0315098910229);
#325=CYLINDRICAL_SURFACE('',#3275,20.7201902086728);
#326=CYLINDRICAL_SURFACE('',#3276,20.2310642934768);
#327=CYLINDRICAL_SURFACE('',#3281,1.15);
#328=CYLINDRICAL_SURFACE('',#3284,1.15);
#329=CYLINDRICAL_SURFACE('',#3287,0.5);
#330=CYLINDRICAL_SURFACE('',#3290,0.5);
#331=CYLINDRICAL_SURFACE('',#3300,1.15);
#332=CYLINDRICAL_SURFACE('',#3303,1.15);
#333=CYLINDRICAL_SURFACE('',#3306,0.5);
#334=CYLINDRICAL_SURFACE('',#3309,0.5);
#335=CIRCLE('',#3125,0.3);
#336=CIRCLE('',#3126,0.3);
#337=CIRCLE('',#3128,0.3);
#338=CIRCLE('',#3129,0.3);
#339=CIRCLE('',#3135,0.5);
#340=CIRCLE('',#3136,0.5);
#341=CIRCLE('',#3148,0.5);
#342=CIRCLE('',#3151,0.5);
#343=CIRCLE('',#3155,0.2);
#344=CIRCLE('',#3156,0.2);
#345=CIRCLE('',#3158,0.2);
#346=CIRCLE('',#3160,0.2);
#347=CIRCLE('',#3162,0.2);
#348=CIRCLE('',#3163,0.2);
#349=CIRCLE('',#3165,0.2);
#350=CIRCLE('',#3167,0.2);
#351=CIRCLE('',#3170,21.0570216737576);
#352=CIRCLE('',#3171,21.0570216737576);
#353=CIRCLE('',#3179,20.6770012994365);
#354=CIRCLE('',#3180,20.6770012992743);
#355=CIRCLE('',#3183,7.59623929071341);
#356=CIRCLE('',#3190,5.17715770764412);
#357=CIRCLE('',#3191,6.35667249646971);
#358=CIRCLE('',#3195,1098.1753912457);
#359=CIRCLE('',#3199,7.67502737171939);
#360=CIRCLE('',#3213,56.6835792703019);
#361=CIRCLE('',#3231,20.5847182520628);
#362=CIRCLE('',#3232,20.5847182520628);
#363=CIRCLE('',#3279,1.15);
#364=CIRCLE('',#3280,1.15);
#365=CIRCLE('',#3282,1.15);
#366=CIRCLE('',#3283,1.15);
#367=CIRCLE('',#3285,0.5);
#368=CIRCLE('',#3286,0.5);
#369=CIRCLE('',#3288,0.5);
#370=CIRCLE('',#3289,0.5);
#371=CIRCLE('',#3298,1.15);
#372=CIRCLE('',#3299,1.15);
#373=CIRCLE('',#3301,1.15);
#374=CIRCLE('',#3302,1.15);
#375=CIRCLE('',#3304,0.5);
#376=CIRCLE('',#3305,0.5);
#377=CIRCLE('',#3307,0.5);
#378=CIRCLE('',#3308,0.5);
#379=ELLIPSE('',#3118,0.710418702713033,0.5);
#380=ELLIPSE('',#3119,0.710418702713033,0.5);
#381=ELLIPSE('',#3120,0.710418702713035,0.5);
#382=ELLIPSE('',#3121,0.710418702713035,0.5);
#383=ELLIPSE('',#3131,0.583095189484531,0.5);
#384=ELLIPSE('',#3132,0.707106781186547,0.5);
#385=ELLIPSE('',#3134,0.58309518948453,0.5);
#386=ELLIPSE('',#3137,0.583095189484529,0.5);
#387=ELLIPSE('',#3139,0.707106781186547,0.5);
#388=ELLIPSE('',#3141,0.583095189484531,0.5);
#389=ELLIPSE('',#3143,0.58309518948453,0.5);
#390=ELLIPSE('',#3144,0.707106781186547,0.5);
#391=ELLIPSE('',#3146,0.707106781186547,0.5);
#392=ELLIPSE('',#3149,0.58309518948453,0.5);
#393=ELLIPSE('',#3150,0.583095189484531,0.5);
#394=ELLIPSE('',#3153,0.58309518948453,0.5);
#395=ADVANCED_FACE('',(#638),#556,.T.);
#396=ADVANCED_FACE('',(#639),#557,.T.);
#397=ADVANCED_FACE('',(#640),#558,.T.);
#398=ADVANCED_FACE('',(#641),#559,.T.);
#399=ADVANCED_FACE('',(#642),#560,.F.);
#400=ADVANCED_FACE('',(#643),#561,.T.);
#401=ADVANCED_FACE('',(#644),#277,.T.);
#402=ADVANCED_FACE('',(#645),#278,.T.);
#403=ADVANCED_FACE('',(#646),#279,.T.);
#404=ADVANCED_FACE('',(#647),#280,.T.);
#405=ADVANCED_FACE('',(#648),#281,.T.);
#406=ADVANCED_FACE('',(#649),#282,.T.);
#407=ADVANCED_FACE('',(#650),#283,.T.);
#408=ADVANCED_FACE('',(#651),#284,.T.);
#409=ADVANCED_FACE('',(#652),#273,.T.);
#410=ADVANCED_FACE('',(#653),#269,.T.);
#411=ADVANCED_FACE('',(#654),#285,.T.);
#412=ADVANCED_FACE('',(#655),#270,.T.);
#413=ADVANCED_FACE('',(#656),#274,.T.);
#414=ADVANCED_FACE('',(#657),#275,.T.);
#415=ADVANCED_FACE('',(#658),#271,.T.);
#416=ADVANCED_FACE('',(#659),#286,.T.);
#417=ADVANCED_FACE('',(#660),#272,.T.);
#418=ADVANCED_FACE('',(#661),#276,.T.);
#419=ADVANCED_FACE('',(#662),#562,.T.);
#420=ADVANCED_FACE('',(#663),#287,.T.);
#421=ADVANCED_FACE('',(#664),#563,.T.);
#422=ADVANCED_FACE('',(#665),#564,.T.);
#423=ADVANCED_FACE('',(#666),#565,.T.);
#424=ADVANCED_FACE('',(#667),#566,.T.);
#425=ADVANCED_FACE('',(#668),#567,.T.);
#426=ADVANCED_FACE('',(#669),#568,.T.);
#427=ADVANCED_FACE('',(#670),#288,.T.);
#428=ADVANCED_FACE('',(#671),#569,.T.);
#429=ADVANCED_FACE('',(#672),#570,.T.);
#430=ADVANCED_FACE('',(#673),#60,.T.);
#431=ADVANCED_FACE('',(#674),#571,.T.);
#432=ADVANCED_FACE('',(#675),#572,.T.);
#433=ADVANCED_FACE('',(#676),#573,.T.);
#434=ADVANCED_FACE('',(#677),#574,.T.);
#435=ADVANCED_FACE('',(#678),#575,.T.);
#436=ADVANCED_FACE('',(#679),#576,.T.);
#437=ADVANCED_FACE('',(#680),#577,.T.);
#438=ADVANCED_FACE('',(#681),#578,.T.);
#439=ADVANCED_FACE('',(#682),#579,.T.);
#440=ADVANCED_FACE('',(#683),#580,.T.);
#441=ADVANCED_FACE('',(#684),#581,.T.);
#442=ADVANCED_FACE('',(#685),#582,.T.);
#443=ADVANCED_FACE('',(#686),#583,.T.);
#444=ADVANCED_FACE('',(#687),#61,.T.);
#445=ADVANCED_FACE('',(#688),#584,.T.);
#446=ADVANCED_FACE('',(#689),#585,.T.);
#447=ADVANCED_FACE('',(#690),#586,.T.);
#448=ADVANCED_FACE('',(#691),#62,.T.);
#449=ADVANCED_FACE('',(#692),#587,.T.);
#450=ADVANCED_FACE('',(#693),#588,.T.);
#451=ADVANCED_FACE('',(#694),#63,.T.);
#452=ADVANCED_FACE('',(#695),#64,.T.);
#453=ADVANCED_FACE('',(#696),#589,.T.);
#454=ADVANCED_FACE('',(#697),#590,.T.);
#455=ADVANCED_FACE('',(#54,#55),#591,.T.);
#456=ADVANCED_FACE('',(#698),#592,.T.);
#457=ADVANCED_FACE('',(#699),#593,.T.);
#458=ADVANCED_FACE('',(#700),#594,.T.);
#459=ADVANCED_FACE('',(#701),#595,.T.);
#460=ADVANCED_FACE('',(#702),#596,.T.);
#461=ADVANCED_FACE('',(#703),#597,.T.);
#462=ADVANCED_FACE('',(#704),#289,.T.);
#463=ADVANCED_FACE('',(#705),#65,.T.);
#464=ADVANCED_FACE('',(#706),#598,.T.);
#465=ADVANCED_FACE('',(#707),#290,.T.);
#466=ADVANCED_FACE('',(#708),#66,.T.);
#467=ADVANCED_FACE('',(#709),#599,.T.);
#468=ADVANCED_FACE('',(#710),#600,.T.);
#469=ADVANCED_FACE('',(#711),#601,.T.);
#470=ADVANCED_FACE('',(#712),#291,.T.);
#471=ADVANCED_FACE('',(#713),#292,.T.);
#472=ADVANCED_FACE('',(#714),#67,.T.);
#473=ADVANCED_FACE('',(#715),#293,.F.);
#474=ADVANCED_FACE('',(#716),#68,.T.);
#475=ADVANCED_FACE('',(#717),#69,.T.);
#476=ADVANCED_FACE('',(#718),#294,.F.);
#477=ADVANCED_FACE('',(#719),#295,.T.);
#478=ADVANCED_FACE('',(#720),#296,.T.);
#479=ADVANCED_FACE('',(#721),#602,.T.);
#480=ADVANCED_FACE('',(#722),#603,.T.);
#481=ADVANCED_FACE('',(#723),#297,.T.);
#482=ADVANCED_FACE('',(#724),#604,.T.);
#483=ADVANCED_FACE('',(#725),#605,.T.);
#484=ADVANCED_FACE('',(#726),#606,.T.);
#485=ADVANCED_FACE('',(#727),#607,.T.);
#486=ADVANCED_FACE('',(#728),#608,.T.);
#487=ADVANCED_FACE('',(#729),#609,.T.);
#488=ADVANCED_FACE('',(#730),#610,.T.);
#489=ADVANCED_FACE('',(#731),#611,.T.);
#490=ADVANCED_FACE('',(#732),#612,.T.);
#491=ADVANCED_FACE('',(#733),#613,.T.);
#492=ADVANCED_FACE('',(#734),#298,.F.);
#493=ADVANCED_FACE('',(#735),#299,.F.);
#494=ADVANCED_FACE('',(#736),#300,.F.);
#495=ADVANCED_FACE('',(#737),#70,.T.);
#496=ADVANCED_FACE('',(#738),#301,.F.);
#497=ADVANCED_FACE('',(#739),#302,.F.);
#498=ADVANCED_FACE('',(#740),#303,.F.);
#499=ADVANCED_FACE('',(#741),#304,.F.);
#500=ADVANCED_FACE('',(#742),#305,.F.);
#501=ADVANCED_FACE('',(#743),#306,.F.);
#502=ADVANCED_FACE('',(#744),#307,.F.);
#503=ADVANCED_FACE('',(#745),#308,.F.);
#504=ADVANCED_FACE('',(#746),#309,.F.);
#505=ADVANCED_FACE('',(#747),#310,.F.);
#506=ADVANCED_FACE('',(#748),#614,.T.);
#507=ADVANCED_FACE('',(#749),#615,.T.);
#508=ADVANCED_FACE('',(#750),#71,.T.);
#509=ADVANCED_FACE('',(#751),#72,.T.);
#510=ADVANCED_FACE('',(#752),#311,.T.);
#511=ADVANCED_FACE('',(#753),#312,.T.);
#512=ADVANCED_FACE('',(#754),#313,.T.);
#513=ADVANCED_FACE('',(#755),#314,.T.);
#514=ADVANCED_FACE('',(#756),#315,.T.);
#515=ADVANCED_FACE('',(#757),#316,.T.);
#516=ADVANCED_FACE('',(#758),#616,.T.);
#517=ADVANCED_FACE('',(#759),#317,.T.);
#518=ADVANCED_FACE('',(#760),#318,.T.);
#519=ADVANCED_FACE('',(#761),#319,.T.);
#520=ADVANCED_FACE('',(#762),#320,.T.);
#521=ADVANCED_FACE('',(#763),#321,.T.);
#522=ADVANCED_FACE('',(#764),#322,.T.);
#523=ADVANCED_FACE('',(#765),#323,.T.);
#524=ADVANCED_FACE('',(#766),#617,.T.);
#525=ADVANCED_FACE('',(#767),#324,.T.);
#526=ADVANCED_FACE('',(#768),#325,.F.);
#527=ADVANCED_FACE('',(#769),#326,.F.);
#528=ADVANCED_FACE('',(#770),#618,.T.);
#529=ADVANCED_FACE('',(#56,#57,#58,#59),#619,.F.);
#530=ADVANCED_FACE('',(#771),#327,.F.);
#531=ADVANCED_FACE('',(#772),#328,.F.);
#532=ADVANCED_FACE('',(#773),#329,.T.);
#533=ADVANCED_FACE('',(#774),#330,.T.);
#534=ADVANCED_FACE('',(#775),#620,.T.);
#535=ADVANCED_FACE('',(#776),#621,.T.);
#536=ADVANCED_FACE('',(#777),#622,.T.);
#537=ADVANCED_FACE('',(#778),#623,.T.);
#538=ADVANCED_FACE('',(#779),#624,.T.);
#539=ADVANCED_FACE('',(#780),#625,.T.);
#540=ADVANCED_FACE('',(#781),#626,.T.);
#541=ADVANCED_FACE('',(#782),#331,.F.);
#542=ADVANCED_FACE('',(#783),#332,.F.);
#543=ADVANCED_FACE('',(#784),#333,.T.);
#544=ADVANCED_FACE('',(#785),#334,.T.);
#545=ADVANCED_FACE('',(#786),#627,.F.);
#546=ADVANCED_FACE('',(#787),#628,.T.);
#547=ADVANCED_FACE('',(#788),#629,.F.);
#548=ADVANCED_FACE('',(#789),#630,.F.);
#549=ADVANCED_FACE('',(#790),#631,.F.);
#550=ADVANCED_FACE('',(#791),#632,.F.);
#551=ADVANCED_FACE('',(#792),#633,.F.);
#552=ADVANCED_FACE('',(#793),#634,.F.);
#553=ADVANCED_FACE('',(#794),#635,.F.);
#554=ADVANCED_FACE('',(#795),#636,.F.);
#555=ADVANCED_FACE('',(#796),#637,.F.);
#556=PLANE('',#3117);
#557=PLANE('',#3122);
#558=PLANE('',#3123);
#559=PLANE('',#3124);
#560=PLANE('',#3127);
#561=PLANE('',#3130);
#562=PLANE('',#3169);
#563=PLANE('',#3173);
#564=PLANE('',#3174);
#565=PLANE('',#3175);
#566=PLANE('',#3176);
#567=PLANE('',#3177);
#568=PLANE('',#3178);
#569=PLANE('',#3182);
#570=PLANE('',#3184);
#571=PLANE('',#3185);
#572=PLANE('',#3186);
#573=PLANE('',#3187);
#574=PLANE('',#3188);
#575=PLANE('',#3189);
#576=PLANE('',#3192);
#577=PLANE('',#3193);
#578=PLANE('',#3194);
#579=PLANE('',#3196);
#580=PLANE('',#3197);
#581=PLANE('',#3198);
#582=PLANE('',#3200);
#583=PLANE('',#3201);
#584=PLANE('',#3202);
#585=PLANE('',#3203);
#586=PLANE('',#3204);
#587=PLANE('',#3205);
#588=PLANE('',#3206);
#589=PLANE('',#3207);
#590=PLANE('',#3208);
#591=PLANE('',#3209);
#592=PLANE('',#3210);
#593=PLANE('',#3211);
#594=PLANE('',#3212);
#595=PLANE('',#3214);
#596=PLANE('',#3215);
#597=PLANE('',#3216);
#598=PLANE('',#3218);
#599=PLANE('',#3220);
#600=PLANE('',#3221);
#601=PLANE('',#3222);
#602=PLANE('',#3229);
#603=PLANE('',#3230);
#604=PLANE('',#3234);
#605=PLANE('',#3235);
#606=PLANE('',#3236);
#607=PLANE('',#3237);
#608=PLANE('',#3238);
#609=PLANE('',#3239);
#610=PLANE('',#3240);
#611=PLANE('',#3241);
#612=PLANE('',#3242);
#613=PLANE('',#3243);
#614=PLANE('',#3257);
#615=PLANE('',#3258);
#616=PLANE('',#3265);
#617=PLANE('',#3273);
#618=PLANE('',#3277);
#619=PLANE('',#3278);
#620=PLANE('',#3291);
#621=PLANE('',#3292);
#622=PLANE('',#3293);
#623=PLANE('',#3294);
#624=PLANE('',#3295);
#625=PLANE('',#3296);
#626=PLANE('',#3297);
#627=PLANE('',#3310);
#628=PLANE('',#3311);
#629=PLANE('',#3312);
#630=PLANE('',#3313);
#631=PLANE('',#3314);
#632=PLANE('',#3315);
#633=PLANE('',#3316);
#634=PLANE('',#3317);
#635=PLANE('',#3318);
#636=PLANE('',#3319);
#637=PLANE('',#3320);
#638=FACE_OUTER_BOUND('',#797,.T.);
#639=FACE_OUTER_BOUND('',#798,.T.);
#640=FACE_OUTER_BOUND('',#799,.T.);
#641=FACE_OUTER_BOUND('',#800,.T.);
#642=FACE_OUTER_BOUND('',#801,.T.);
#643=FACE_OUTER_BOUND('',#802,.T.);
#644=FACE_OUTER_BOUND('',#803,.T.);
#645=FACE_OUTER_BOUND('',#804,.T.);
#646=FACE_OUTER_BOUND('',#805,.T.);
#647=FACE_OUTER_BOUND('',#806,.T.);
#648=FACE_OUTER_BOUND('',#807,.T.);
#649=FACE_OUTER_BOUND('',#808,.T.);
#650=FACE_OUTER_BOUND('',#809,.T.);
#651=FACE_OUTER_BOUND('',#810,.T.);
#652=FACE_OUTER_BOUND('',#811,.T.);
#653=FACE_OUTER_BOUND('',#812,.T.);
#654=FACE_OUTER_BOUND('',#813,.T.);
#655=FACE_OUTER_BOUND('',#814,.T.);
#656=FACE_OUTER_BOUND('',#815,.T.);
#657=FACE_OUTER_BOUND('',#816,.T.);
#658=FACE_OUTER_BOUND('',#817,.T.);
#659=FACE_OUTER_BOUND('',#818,.T.);
#660=FACE_OUTER_BOUND('',#819,.T.);
#661=FACE_OUTER_BOUND('',#820,.T.);
#662=FACE_OUTER_BOUND('',#821,.T.);
#663=FACE_OUTER_BOUND('',#822,.T.);
#664=FACE_OUTER_BOUND('',#823,.T.);
#665=FACE_OUTER_BOUND('',#824,.T.);
#666=FACE_OUTER_BOUND('',#825,.T.);
#667=FACE_OUTER_BOUND('',#826,.T.);
#668=FACE_OUTER_BOUND('',#827,.T.);
#669=FACE_OUTER_BOUND('',#828,.T.);
#670=FACE_OUTER_BOUND('',#829,.T.);
#671=FACE_OUTER_BOUND('',#830,.T.);
#672=FACE_OUTER_BOUND('',#831,.T.);
#673=FACE_OUTER_BOUND('',#832,.T.);
#674=FACE_OUTER_BOUND('',#833,.T.);
#675=FACE_OUTER_BOUND('',#834,.T.);
#676=FACE_OUTER_BOUND('',#835,.T.);
#677=FACE_OUTER_BOUND('',#836,.T.);
#678=FACE_OUTER_BOUND('',#837,.T.);
#679=FACE_OUTER_BOUND('',#838,.T.);
#680=FACE_OUTER_BOUND('',#839,.T.);
#681=FACE_OUTER_BOUND('',#840,.T.);
#682=FACE_OUTER_BOUND('',#841,.T.);
#683=FACE_OUTER_BOUND('',#842,.T.);
#684=FACE_OUTER_BOUND('',#843,.T.);
#685=FACE_OUTER_BOUND('',#844,.T.);
#686=FACE_OUTER_BOUND('',#845,.T.);
#687=FACE_OUTER_BOUND('',#846,.T.);
#688=FACE_OUTER_BOUND('',#847,.T.);
#689=FACE_OUTER_BOUND('',#848,.T.);
#690=FACE_OUTER_BOUND('',#849,.T.);
#691=FACE_OUTER_BOUND('',#850,.T.);
#692=FACE_OUTER_BOUND('',#851,.T.);
#693=FACE_OUTER_BOUND('',#852,.T.);
#694=FACE_OUTER_BOUND('',#853,.T.);
#695=FACE_OUTER_BOUND('',#854,.T.);
#696=FACE_OUTER_BOUND('',#855,.T.);
#697=FACE_OUTER_BOUND('',#856,.T.);
#698=FACE_OUTER_BOUND('',#859,.T.);
#699=FACE_OUTER_BOUND('',#860,.T.);
#700=FACE_OUTER_BOUND('',#861,.T.);
#701=FACE_OUTER_BOUND('',#862,.T.);
#702=FACE_OUTER_BOUND('',#863,.T.);
#703=FACE_OUTER_BOUND('',#864,.T.);
#704=FACE_OUTER_BOUND('',#865,.T.);
#705=FACE_OUTER_BOUND('',#866,.T.);
#706=FACE_OUTER_BOUND('',#867,.T.);
#707=FACE_OUTER_BOUND('',#868,.T.);
#708=FACE_OUTER_BOUND('',#869,.T.);
#709=FACE_OUTER_BOUND('',#870,.T.);
#710=FACE_OUTER_BOUND('',#871,.T.);
#711=FACE_OUTER_BOUND('',#872,.T.);
#712=FACE_OUTER_BOUND('',#873,.T.);
#713=FACE_OUTER_BOUND('',#874,.T.);
#714=FACE_OUTER_BOUND('',#875,.T.);
#715=FACE_OUTER_BOUND('',#876,.T.);
#716=FACE_OUTER_BOUND('',#877,.T.);
#717=FACE_OUTER_BOUND('',#878,.T.);
#718=FACE_OUTER_BOUND('',#879,.T.);
#719=FACE_OUTER_BOUND('',#880,.T.);
#720=FACE_OUTER_BOUND('',#881,.T.);
#721=FACE_OUTER_BOUND('',#882,.T.);
#722=FACE_OUTER_BOUND('',#883,.T.);
#723=FACE_OUTER_BOUND('',#884,.T.);
#724=FACE_OUTER_BOUND('',#885,.T.);
#725=FACE_OUTER_BOUND('',#886,.T.);
#726=FACE_OUTER_BOUND('',#887,.T.);
#727=FACE_OUTER_BOUND('',#888,.T.);
#728=FACE_OUTER_BOUND('',#889,.T.);
#729=FACE_OUTER_BOUND('',#890,.T.);
#730=FACE_OUTER_BOUND('',#891,.T.);
#731=FACE_OUTER_BOUND('',#892,.T.);
#732=FACE_OUTER_BOUND('',#893,.T.);
#733=FACE_OUTER_BOUND('',#894,.T.);
#734=FACE_OUTER_BOUND('',#895,.T.);
#735=FACE_OUTER_BOUND('',#896,.T.);
#736=FACE_OUTER_BOUND('',#897,.T.);
#737=FACE_OUTER_BOUND('',#898,.T.);
#738=FACE_OUTER_BOUND('',#899,.T.);
#739=FACE_OUTER_BOUND('',#900,.T.);
#740=FACE_OUTER_BOUND('',#901,.T.);
#741=FACE_OUTER_BOUND('',#902,.T.);
#742=FACE_OUTER_BOUND('',#903,.T.);
#743=FACE_OUTER_BOUND('',#904,.T.);
#744=FACE_OUTER_BOUND('',#905,.T.);
#745=FACE_OUTER_BOUND('',#906,.T.);
#746=FACE_OUTER_BOUND('',#907,.T.);
#747=FACE_OUTER_BOUND('',#908,.T.);
#748=FACE_OUTER_BOUND('',#909,.T.);
#749=FACE_OUTER_BOUND('',#910,.T.);
#750=FACE_OUTER_BOUND('',#911,.T.);
#751=FACE_OUTER_BOUND('',#912,.T.);
#752=FACE_OUTER_BOUND('',#913,.T.);
#753=FACE_OUTER_BOUND('',#914,.T.);
#754=FACE_OUTER_BOUND('',#915,.T.);
#755=FACE_OUTER_BOUND('',#916,.T.);
#756=FACE_OUTER_BOUND('',#917,.T.);
#757=FACE_OUTER_BOUND('',#918,.T.);
#758=FACE_OUTER_BOUND('',#919,.T.);
#759=FACE_OUTER_BOUND('',#920,.T.);
#760=FACE_OUTER_BOUND('',#921,.T.);
#761=FACE_OUTER_BOUND('',#922,.T.);
#762=FACE_OUTER_BOUND('',#923,.T.);
#763=FACE_OUTER_BOUND('',#924,.T.);
#764=FACE_OUTER_BOUND('',#925,.T.);
#765=FACE_OUTER_BOUND('',#926,.T.);
#766=FACE_OUTER_BOUND('',#927,.T.);
#767=FACE_OUTER_BOUND('',#928,.T.);
#768=FACE_OUTER_BOUND('',#929,.T.);
#769=FACE_OUTER_BOUND('',#930,.T.);
#770=FACE_OUTER_BOUND('',#931,.T.);
#771=FACE_OUTER_BOUND('',#936,.T.);
#772=FACE_OUTER_BOUND('',#937,.T.);
#773=FACE_OUTER_BOUND('',#938,.T.);
#774=FACE_OUTER_BOUND('',#939,.T.);
#775=FACE_OUTER_BOUND('',#940,.T.);
#776=FACE_OUTER_BOUND('',#941,.T.);
#777=FACE_OUTER_BOUND('',#942,.T.);
#778=FACE_OUTER_BOUND('',#943,.T.);
#779=FACE_OUTER_BOUND('',#944,.T.);
#780=FACE_OUTER_BOUND('',#945,.T.);
#781=FACE_OUTER_BOUND('',#946,.T.);
#782=FACE_OUTER_BOUND('',#947,.T.);
#783=FACE_OUTER_BOUND('',#948,.T.);
#784=FACE_OUTER_BOUND('',#949,.T.);
#785=FACE_OUTER_BOUND('',#950,.T.);
#786=FACE_OUTER_BOUND('',#951,.T.);
#787=FACE_OUTER_BOUND('',#952,.T.);
#788=FACE_OUTER_BOUND('',#953,.T.);
#789=FACE_OUTER_BOUND('',#954,.T.);
#790=FACE_OUTER_BOUND('',#955,.T.);
#791=FACE_OUTER_BOUND('',#956,.T.);
#792=FACE_OUTER_BOUND('',#957,.T.);
#793=FACE_OUTER_BOUND('',#958,.T.);
#794=FACE_OUTER_BOUND('',#959,.T.);
#795=FACE_OUTER_BOUND('',#960,.T.);
#796=FACE_OUTER_BOUND('',#961,.T.);
#797=EDGE_LOOP('',(#962,#963,#964,#965));
#798=EDGE_LOOP('',(#966,#967,#968,#969,#970,#971,#972,#973));
#799=EDGE_LOOP('',(#974,#975,#976,#977));
#800=EDGE_LOOP('',(#978,#979,#980,#981));
#801=EDGE_LOOP('',(#982,#983,#984,#985,#986,#987));
#802=EDGE_LOOP('',(#988,#989,#990,#991,#992,#993));
#803=EDGE_LOOP('',(#994,#995,#996,#997,#998));
#804=EDGE_LOOP('',(#999,#1000,#1001,#1002,#1003,#1004));
#805=EDGE_LOOP('',(#1005,#1006,#1007,#1008));
#806=EDGE_LOOP('',(#1009,#1010,#1011,#1012,#1013));
#807=EDGE_LOOP('',(#1014,#1015,#1016,#1017,#1018));
#808=EDGE_LOOP('',(#1019,#1020,#1021,#1022));
#809=EDGE_LOOP('',(#1023,#1024,#1025,#1026,#1027,#1028));
#810=EDGE_LOOP('',(#1029,#1030,#1031,#1032,#1033));
#811=EDGE_LOOP('',(#1034,#1035,#1036));
#812=EDGE_LOOP('',(#1037,#1038,#1039,#1040));
#813=EDGE_LOOP('',(#1041,#1042,#1043,#1044));
#814=EDGE_LOOP('',(#1045,#1046,#1047,#1048));
#815=EDGE_LOOP('',(#1049,#1050,#1051));
#816=EDGE_LOOP('',(#1052,#1053,#1054));
#817=EDGE_LOOP('',(#1055,#1056,#1057,#1058));
#818=EDGE_LOOP('',(#1059,#1060,#1061,#1062));
#819=EDGE_LOOP('',(#1063,#1064,#1065,#1066));
#820=EDGE_LOOP('',(#1067,#1068,#1069));
#821=EDGE_LOOP('',(#1070,#1071,#1072,#1073));
#822=EDGE_LOOP('',(#1074,#1075,#1076,#1077));
#823=EDGE_LOOP('',(#1078,#1079,#1080,#1081));
#824=EDGE_LOOP('',(#1082,#1083,#1084,#1085));
#825=EDGE_LOOP('',(#1086,#1087,#1088,#1089));
#826=EDGE_LOOP('',(#1090,#1091,#1092,#1093));
#827=EDGE_LOOP('',(#1094,#1095,#1096,#1097));
#828=EDGE_LOOP('',(#1098,#1099,#1100,#1101));
#829=EDGE_LOOP('',(#1102,#1103,#1104,#1105));
#830=EDGE_LOOP('',(#1106,#1107,#1108,#1109));
#831=EDGE_LOOP('',(#1110,#1111,#1112,#1113));
#832=EDGE_LOOP('',(#1114,#1115,#1116,#1117,#1118,#1119,#1120,#1121));
#833=EDGE_LOOP('',(#1122,#1123,#1124,#1125));
#834=EDGE_LOOP('',(#1126,#1127,#1128,#1129));
#835=EDGE_LOOP('',(#1130,#1131,#1132,#1133));
#836=EDGE_LOOP('',(#1134,#1135,#1136,#1137));
#837=EDGE_LOOP('',(#1138,#1139,#1140,#1141));
#838=EDGE_LOOP('',(#1142,#1143,#1144,#1145,#1146));
#839=EDGE_LOOP('',(#1147,#1148,#1149,#1150));
#840=EDGE_LOOP('',(#1151,#1152,#1153,#1154));
#841=EDGE_LOOP('',(#1155,#1156,#1157,#1158));
#842=EDGE_LOOP('',(#1159,#1160,#1161,#1162));
#843=EDGE_LOOP('',(#1163,#1164,#1165,#1166));
#844=EDGE_LOOP('',(#1167,#1168,#1169,#1170));
#845=EDGE_LOOP('',(#1171,#1172,#1173,#1174,#1175,#1176,#1177,#1178));
#846=EDGE_LOOP('',(#1179,#1180,#1181,#1182));
#847=EDGE_LOOP('',(#1183,#1184,#1185,#1186));
#848=EDGE_LOOP('',(#1187,#1188,#1189,#1190));
#849=EDGE_LOOP('',(#1191,#1192,#1193,#1194));
#850=EDGE_LOOP('',(#1195,#1196,#1197,#1198));
#851=EDGE_LOOP('',(#1199,#1200,#1201,#1202));
#852=EDGE_LOOP('',(#1203,#1204,#1205,#1206));
#853=EDGE_LOOP('',(#1207,#1208,#1209,#1210,#1211,#1212));
#854=EDGE_LOOP('',(#1213,#1214,#1215,#1216,#1217,#1218));
#855=EDGE_LOOP('',(#1219,#1220,#1221,#1222));
#856=EDGE_LOOP('',(#1223,#1224,#1225,#1226));
#857=EDGE_LOOP('',(#1227,#1228,#1229,#1230,#1231,#1232,#1233));
#858=EDGE_LOOP('',(#1234,#1235,#1236,#1237,#1238));
#859=EDGE_LOOP('',(#1239,#1240,#1241,#1242));
#860=EDGE_LOOP('',(#1243,#1244,#1245,#1246));
#861=EDGE_LOOP('',(#1247,#1248,#1249,#1250));
#862=EDGE_LOOP('',(#1251,#1252,#1253,#1254,#1255,#1256));
#863=EDGE_LOOP('',(#1257,#1258,#1259,#1260));
#864=EDGE_LOOP('',(#1261,#1262,#1263,#1264,#1265,#1266,#1267,#1268));
#865=EDGE_LOOP('',(#1269,#1270,#1271,#1272));
#866=EDGE_LOOP('',(#1273,#1274,#1275,#1276));
#867=EDGE_LOOP('',(#1277,#1278,#1279,#1280,#1281,#1282,#1283,#1284,#1285));
#868=EDGE_LOOP('',(#1286,#1287,#1288,#1289,#1290,#1291));
#869=EDGE_LOOP('',(#1292,#1293,#1294,#1295));
#870=EDGE_LOOP('',(#1296,#1297,#1298,#1299));
#871=EDGE_LOOP('',(#1300,#1301,#1302,#1303,#1304,#1305,#1306,#1307));
#872=EDGE_LOOP('',(#1308,#1309,#1310,#1311,#1312,#1313,#1314,#1315,#1316));
#873=EDGE_LOOP('',(#1317,#1318,#1319,#1320,#1321,#1322));
#874=EDGE_LOOP('',(#1323,#1324,#1325,#1326,#1327,#1328,#1329,#1330));
#875=EDGE_LOOP('',(#1331,#1332,#1333,#1334,#1335,#1336));
#876=EDGE_LOOP('',(#1337,#1338,#1339,#1340));
#877=EDGE_LOOP('',(#1341,#1342,#1343,#1344));
#878=EDGE_LOOP('',(#1345,#1346,#1347,#1348));
#879=EDGE_LOOP('',(#1349,#1350,#1351,#1352));
#880=EDGE_LOOP('',(#1353,#1354,#1355,#1356));
#881=EDGE_LOOP('',(#1357,#1358,#1359,#1360));
#882=EDGE_LOOP('',(#1361,#1362,#1363,#1364,#1365,#1366,#1367,#1368,#1369,
#1370));
#883=EDGE_LOOP('',(#1371,#1372,#1373,#1374));
#884=EDGE_LOOP('',(#1375,#1376,#1377,#1378));
#885=EDGE_LOOP('',(#1379,#1380,#1381,#1382));
#886=EDGE_LOOP('',(#1383,#1384,#1385,#1386));
#887=EDGE_LOOP('',(#1387,#1388,#1389,#1390,#1391,#1392,#1393,#1394));
#888=EDGE_LOOP('',(#1395,#1396,#1397,#1398,#1399));
#889=EDGE_LOOP('',(#1400,#1401,#1402,#1403));
#890=EDGE_LOOP('',(#1404,#1405,#1406,#1407,#1408,#1409,#1410,#1411,#1412));
#891=EDGE_LOOP('',(#1413,#1414,#1415,#1416));
#892=EDGE_LOOP('',(#1417,#1418,#1419,#1420));
#893=EDGE_LOOP('',(#1421,#1422,#1423,#1424,#1425,#1426,#1427,#1428));
#894=EDGE_LOOP('',(#1429,#1430,#1431,#1432,#1433,#1434,#1435));
#895=EDGE_LOOP('',(#1436,#1437,#1438,#1439));
#896=EDGE_LOOP('',(#1440,#1441,#1442,#1443));
#897=EDGE_LOOP('',(#1444,#1445,#1446,#1447));
#898=EDGE_LOOP('',(#1448,#1449,#1450,#1451));
#899=EDGE_LOOP('',(#1452,#1453,#1454,#1455));
#900=EDGE_LOOP('',(#1456,#1457,#1458,#1459));
#901=EDGE_LOOP('',(#1460,#1461,#1462,#1463));
#902=EDGE_LOOP('',(#1464,#1465,#1466,#1467));
#903=EDGE_LOOP('',(#1468,#1469,#1470,#1471));
#904=EDGE_LOOP('',(#1472,#1473,#1474,#1475));
#905=EDGE_LOOP('',(#1476,#1477,#1478,#1479));
#906=EDGE_LOOP('',(#1480,#1481,#1482,#1483));
#907=EDGE_LOOP('',(#1484,#1485,#1486,#1487));
#908=EDGE_LOOP('',(#1488,#1489,#1490,#1491));
#909=EDGE_LOOP('',(#1492,#1493,#1494,#1495));
#910=EDGE_LOOP('',(#1496,#1497,#1498,#1499,#1500,#1501));
#911=EDGE_LOOP('',(#1502,#1503,#1504,#1505,#1506));
#912=EDGE_LOOP('',(#1507,#1508,#1509,#1510));
#913=EDGE_LOOP('',(#1511,#1512,#1513,#1514));
#914=EDGE_LOOP('',(#1515,#1516,#1517,#1518));
#915=EDGE_LOOP('',(#1519,#1520,#1521,#1522));
#916=EDGE_LOOP('',(#1523,#1524,#1525,#1526));
#917=EDGE_LOOP('',(#1527,#1528,#1529,#1530));
#918=EDGE_LOOP('',(#1531,#1532,#1533,#1534));
#919=EDGE_LOOP('',(#1535,#1536,#1537,#1538));
#920=EDGE_LOOP('',(#1539,#1540,#1541,#1542));
#921=EDGE_LOOP('',(#1543,#1544,#1545,#1546));
#922=EDGE_LOOP('',(#1547,#1548,#1549,#1550));
#923=EDGE_LOOP('',(#1551,#1552,#1553,#1554));
#924=EDGE_LOOP('',(#1555,#1556,#1557,#1558));
#925=EDGE_LOOP('',(#1559,#1560,#1561,#1562));
#926=EDGE_LOOP('',(#1563,#1564,#1565,#1566));
#927=EDGE_LOOP('',(#1567,#1568,#1569,#1570,#1571,#1572));
#928=EDGE_LOOP('',(#1573,#1574,#1575,#1576,#1577));
#929=EDGE_LOOP('',(#1578,#1579,#1580,#1581));
#930=EDGE_LOOP('',(#1582,#1583,#1584,#1585));
#931=EDGE_LOOP('',(#1586,#1587,#1588,#1589,#1590,#1591,#1592,#1593,#1594,
#1595,#1596,#1597,#1598,#1599,#1600,#1601,#1602,#1603,#1604,#1605,#1606,
#1607,#1608,#1609,#1610,#1611,#1612,#1613,#1614,#1615,#1616,#1617,#1618,
#1619,#1620,#1621));
#932=EDGE_LOOP('',(#1622,#1623,#1624,#1625,#1626,#1627,#1628,#1629,#1630,
#1631,#1632,#1633,#1634,#1635,#1636,#1637,#1638,#1639,#1640,#1641,#1642,
#1643));
#933=EDGE_LOOP('',(#1644,#1645,#1646,#1647,#1648,#1649,#1650,#1651,#1652,
#1653,#1654,#1655,#1656,#1657,#1658,#1659,#1660,#1661,#1662,#1663,#1664,
#1665,#1666,#1667,#1668,#1669,#1670,#1671,#1672,#1673,#1674,#1675,#1676,
#1677,#1678,#1679,#1680,#1681,#1682,#1683,#1684,#1685,#1686,#1687,#1688,
#1689,#1690,#1691,#1692,#1693,#1694,#1695,#1696,#1697,#1698,#1699,#1700,
#1701,#1702,#1703,#1704,#1705,#1706,#1707));
#934=EDGE_LOOP('',(#1708,#1709,#1710,#1711,#1712,#1713,#1714,#1715,#1716,
#1717,#1718,#1719,#1720));
#935=EDGE_LOOP('',(#1721,#1722,#1723,#1724,#1725));
#936=EDGE_LOOP('',(#1726,#1727,#1728,#1729));
#937=EDGE_LOOP('',(#1730,#1731,#1732,#1733));
#938=EDGE_LOOP('',(#1734,#1735,#1736,#1737));
#939=EDGE_LOOP('',(#1738,#1739,#1740,#1741));
#940=EDGE_LOOP('',(#1742,#1743,#1744,#1745));
#941=EDGE_LOOP('',(#1746,#1747,#1748,#1749));
#942=EDGE_LOOP('',(#1750,#1751,#1752,#1753));
#943=EDGE_LOOP('',(#1754,#1755,#1756,#1757));
#944=EDGE_LOOP('',(#1758,#1759,#1760,#1761));
#945=EDGE_LOOP('',(#1762,#1763,#1764,#1765));
#946=EDGE_LOOP('',(#1766,#1767,#1768,#1769));
#947=EDGE_LOOP('',(#1770,#1771,#1772,#1773));
#948=EDGE_LOOP('',(#1774,#1775,#1776,#1777));
#949=EDGE_LOOP('',(#1778,#1779,#1780,#1781));
#950=EDGE_LOOP('',(#1782,#1783,#1784,#1785));
#951=EDGE_LOOP('',(#1786,#1787,#1788,#1789,#1790,#1791,#1792,#1793,#1794,
#1795,#1796,#1797,#1798,#1799,#1800,#1801,#1802,#1803,#1804,#1805,#1806,
#1807,#1808,#1809));
#952=EDGE_LOOP('',(#1810,#1811,#1812,#1813,#1814,#1815,#1816,#1817,#1818,
#1819,#1820,#1821,#1822,#1823,#1824,#1825,#1826,#1827,#1828,#1829,#1830,
#1831,#1832,#1833));
#953=EDGE_LOOP('',(#1834,#1835,#1836,#1837));
#954=EDGE_LOOP('',(#1838,#1839,#1840,#1841));
#955=EDGE_LOOP('',(#1842,#1843,#1844,#1845));
#956=EDGE_LOOP('',(#1846,#1847,#1848,#1849));
#957=EDGE_LOOP('',(#1850,#1851,#1852,#1853));
#958=EDGE_LOOP('',(#1854,#1855,#1856,#1857));
#959=EDGE_LOOP('',(#1858,#1859,#1860,#1861));
#960=EDGE_LOOP('',(#1862,#1863,#1864,#1865));
#961=EDGE_LOOP('',(#1866,#1867,#1868,#1869));
#962=ORIENTED_EDGE('',*,*,#2167,.T.);
#963=ORIENTED_EDGE('',*,*,#2168,.T.);
#964=ORIENTED_EDGE('',*,*,#2169,.T.);
#965=ORIENTED_EDGE('',*,*,#2170,.T.);
#966=ORIENTED_EDGE('',*,*,#2171,.F.);
#967=ORIENTED_EDGE('',*,*,#2172,.T.);
#968=ORIENTED_EDGE('',*,*,#2173,.T.);
#969=ORIENTED_EDGE('',*,*,#2174,.T.);
#970=ORIENTED_EDGE('',*,*,#2175,.T.);
#971=ORIENTED_EDGE('',*,*,#2176,.T.);
#972=ORIENTED_EDGE('',*,*,#2177,.T.);
#973=ORIENTED_EDGE('',*,*,#2178,.T.);
#974=ORIENTED_EDGE('',*,*,#2179,.T.);
#975=ORIENTED_EDGE('',*,*,#2180,.T.);
#976=ORIENTED_EDGE('',*,*,#2181,.T.);
#977=ORIENTED_EDGE('',*,*,#2182,.T.);
#978=ORIENTED_EDGE('',*,*,#2183,.T.);
#979=ORIENTED_EDGE('',*,*,#2184,.T.);
#980=ORIENTED_EDGE('',*,*,#2185,.T.);
#981=ORIENTED_EDGE('',*,*,#2186,.T.);
#982=ORIENTED_EDGE('',*,*,#2187,.T.);
#983=ORIENTED_EDGE('',*,*,#2188,.T.);
#984=ORIENTED_EDGE('',*,*,#2189,.T.);
#985=ORIENTED_EDGE('',*,*,#2175,.F.);
#986=ORIENTED_EDGE('',*,*,#2190,.T.);
#987=ORIENTED_EDGE('',*,*,#2191,.T.);
#988=ORIENTED_EDGE('',*,*,#2192,.T.);
#989=ORIENTED_EDGE('',*,*,#2193,.T.);
#990=ORIENTED_EDGE('',*,*,#2194,.T.);
#991=ORIENTED_EDGE('',*,*,#2195,.T.);
#992=ORIENTED_EDGE('',*,*,#2196,.T.);
#993=ORIENTED_EDGE('',*,*,#2171,.T.);
#994=ORIENTED_EDGE('',*,*,#2167,.F.);
#995=ORIENTED_EDGE('',*,*,#2197,.T.);
#996=ORIENTED_EDGE('',*,*,#2190,.F.);
#997=ORIENTED_EDGE('',*,*,#2174,.F.);
#998=ORIENTED_EDGE('',*,*,#2198,.F.);
#999=ORIENTED_EDGE('',*,*,#2170,.F.);
#1000=ORIENTED_EDGE('',*,*,#2199,.T.);
#1001=ORIENTED_EDGE('',*,*,#2200,.T.);
#1002=ORIENTED_EDGE('',*,*,#2183,.F.);
#1003=ORIENTED_EDGE('',*,*,#2201,.T.);
#1004=ORIENTED_EDGE('',*,*,#2202,.T.);
#1005=ORIENTED_EDGE('',*,*,#2198,.T.);
#1006=ORIENTED_EDGE('',*,*,#2173,.F.);
#1007=ORIENTED_EDGE('',*,*,#2203,.F.);
#1008=ORIENTED_EDGE('',*,*,#2168,.F.);
#1009=ORIENTED_EDGE('',*,*,#2196,.F.);
#1010=ORIENTED_EDGE('',*,*,#2204,.T.);
#1011=ORIENTED_EDGE('',*,*,#2169,.F.);
#1012=ORIENTED_EDGE('',*,*,#2203,.T.);
#1013=ORIENTED_EDGE('',*,*,#2172,.F.);
#1014=ORIENTED_EDGE('',*,*,#2179,.F.);
#1015=ORIENTED_EDGE('',*,*,#2205,.T.);
#1016=ORIENTED_EDGE('',*,*,#2192,.F.);
#1017=ORIENTED_EDGE('',*,*,#2178,.F.);
#1018=ORIENTED_EDGE('',*,*,#2206,.F.);
#1019=ORIENTED_EDGE('',*,*,#2206,.T.);
#1020=ORIENTED_EDGE('',*,*,#2177,.F.);
#1021=ORIENTED_EDGE('',*,*,#2207,.F.);
#1022=ORIENTED_EDGE('',*,*,#2180,.F.);
#1023=ORIENTED_EDGE('',*,*,#2208,.T.);
#1024=ORIENTED_EDGE('',*,*,#2209,.T.);
#1025=ORIENTED_EDGE('',*,*,#2182,.F.);
#1026=ORIENTED_EDGE('',*,*,#2210,.T.);
#1027=ORIENTED_EDGE('',*,*,#2211,.T.);
#1028=ORIENTED_EDGE('',*,*,#2185,.F.);
#1029=ORIENTED_EDGE('',*,*,#2189,.F.);
#1030=ORIENTED_EDGE('',*,*,#2212,.T.);
#1031=ORIENTED_EDGE('',*,*,#2181,.F.);
#1032=ORIENTED_EDGE('',*,*,#2207,.T.);
#1033=ORIENTED_EDGE('',*,*,#2176,.F.);
#1034=ORIENTED_EDGE('',*,*,#2199,.F.);
#1035=ORIENTED_EDGE('',*,*,#2204,.F.);
#1036=ORIENTED_EDGE('',*,*,#2213,.F.);
#1037=ORIENTED_EDGE('',*,*,#2213,.T.);
#1038=ORIENTED_EDGE('',*,*,#2195,.F.);
#1039=ORIENTED_EDGE('',*,*,#2214,.F.);
#1040=ORIENTED_EDGE('',*,*,#2200,.F.);
#1041=ORIENTED_EDGE('',*,*,#2214,.T.);
#1042=ORIENTED_EDGE('',*,*,#2194,.F.);
#1043=ORIENTED_EDGE('',*,*,#2215,.F.);
#1044=ORIENTED_EDGE('',*,*,#2184,.F.);
#1045=ORIENTED_EDGE('',*,*,#2215,.T.);
#1046=ORIENTED_EDGE('',*,*,#2193,.F.);
#1047=ORIENTED_EDGE('',*,*,#2216,.F.);
#1048=ORIENTED_EDGE('',*,*,#2208,.F.);
#1049=ORIENTED_EDGE('',*,*,#2216,.T.);
#1050=ORIENTED_EDGE('',*,*,#2205,.F.);
#1051=ORIENTED_EDGE('',*,*,#2209,.F.);
#1052=ORIENTED_EDGE('',*,*,#2197,.F.);
#1053=ORIENTED_EDGE('',*,*,#2202,.F.);
#1054=ORIENTED_EDGE('',*,*,#2217,.F.);
#1055=ORIENTED_EDGE('',*,*,#2217,.T.);
#1056=ORIENTED_EDGE('',*,*,#2201,.F.);
#1057=ORIENTED_EDGE('',*,*,#2218,.F.);
#1058=ORIENTED_EDGE('',*,*,#2191,.F.);
#1059=ORIENTED_EDGE('',*,*,#2218,.T.);
#1060=ORIENTED_EDGE('',*,*,#2186,.F.);
#1061=ORIENTED_EDGE('',*,*,#2219,.F.);
#1062=ORIENTED_EDGE('',*,*,#2187,.F.);
#1063=ORIENTED_EDGE('',*,*,#2219,.T.);
#1064=ORIENTED_EDGE('',*,*,#2211,.F.);
#1065=ORIENTED_EDGE('',*,*,#2220,.F.);
#1066=ORIENTED_EDGE('',*,*,#2188,.F.);
#1067=ORIENTED_EDGE('',*,*,#2220,.T.);
#1068=ORIENTED_EDGE('',*,*,#2210,.F.);
#1069=ORIENTED_EDGE('',*,*,#2212,.F.);
#1070=ORIENTED_EDGE('',*,*,#2221,.F.);
#1071=ORIENTED_EDGE('',*,*,#2222,.F.);
#1072=ORIENTED_EDGE('',*,*,#2223,.F.);
#1073=ORIENTED_EDGE('',*,*,#2224,.F.);
#1074=ORIENTED_EDGE('',*,*,#2225,.T.);
#1075=ORIENTED_EDGE('',*,*,#2224,.T.);
#1076=ORIENTED_EDGE('',*,*,#2226,.F.);
#1077=ORIENTED_EDGE('',*,*,#2227,.F.);
#1078=ORIENTED_EDGE('',*,*,#2228,.T.);
#1079=ORIENTED_EDGE('',*,*,#2227,.T.);
#1080=ORIENTED_EDGE('',*,*,#2229,.F.);
#1081=ORIENTED_EDGE('',*,*,#2230,.F.);
#1082=ORIENTED_EDGE('',*,*,#2231,.F.);
#1083=ORIENTED_EDGE('',*,*,#2229,.T.);
#1084=ORIENTED_EDGE('',*,*,#2226,.T.);
#1085=ORIENTED_EDGE('',*,*,#2223,.T.);
#1086=ORIENTED_EDGE('',*,*,#2232,.F.);
#1087=ORIENTED_EDGE('',*,*,#2233,.F.);
#1088=ORIENTED_EDGE('',*,*,#2234,.F.);
#1089=ORIENTED_EDGE('',*,*,#2235,.F.);
#1090=ORIENTED_EDGE('',*,*,#2236,.T.);
#1091=ORIENTED_EDGE('',*,*,#2237,.F.);
#1092=ORIENTED_EDGE('',*,*,#2238,.F.);
#1093=ORIENTED_EDGE('',*,*,#2239,.F.);
#1094=ORIENTED_EDGE('',*,*,#2238,.T.);
#1095=ORIENTED_EDGE('',*,*,#2240,.F.);
#1096=ORIENTED_EDGE('',*,*,#2234,.T.);
#1097=ORIENTED_EDGE('',*,*,#2241,.F.);
#1098=ORIENTED_EDGE('',*,*,#2242,.F.);
#1099=ORIENTED_EDGE('',*,*,#2243,.F.);
#1100=ORIENTED_EDGE('',*,*,#2244,.F.);
#1101=ORIENTED_EDGE('',*,*,#2245,.F.);
#1102=ORIENTED_EDGE('',*,*,#2246,.T.);
#1103=ORIENTED_EDGE('',*,*,#2245,.T.);
#1104=ORIENTED_EDGE('',*,*,#2247,.F.);
#1105=ORIENTED_EDGE('',*,*,#2248,.F.);
#1106=ORIENTED_EDGE('',*,*,#2249,.T.);
#1107=ORIENTED_EDGE('',*,*,#2248,.T.);
#1108=ORIENTED_EDGE('',*,*,#2250,.F.);
#1109=ORIENTED_EDGE('',*,*,#2251,.F.);
#1110=ORIENTED_EDGE('',*,*,#2250,.T.);
#1111=ORIENTED_EDGE('',*,*,#2247,.T.);
#1112=ORIENTED_EDGE('',*,*,#2244,.T.);
#1113=ORIENTED_EDGE('',*,*,#2252,.F.);
#1114=ORIENTED_EDGE('',*,*,#2251,.T.);
#1115=ORIENTED_EDGE('',*,*,#2252,.T.);
#1116=ORIENTED_EDGE('',*,*,#2243,.T.);
#1117=ORIENTED_EDGE('',*,*,#2253,.F.);
#1118=ORIENTED_EDGE('',*,*,#2254,.T.);
#1119=ORIENTED_EDGE('',*,*,#2255,.F.);
#1120=ORIENTED_EDGE('',*,*,#2256,.F.);
#1121=ORIENTED_EDGE('',*,*,#2257,.F.);
#1122=ORIENTED_EDGE('',*,*,#2258,.T.);
#1123=ORIENTED_EDGE('',*,*,#2259,.F.);
#1124=ORIENTED_EDGE('',*,*,#2260,.F.);
#1125=ORIENTED_EDGE('',*,*,#2261,.F.);
#1126=ORIENTED_EDGE('',*,*,#2262,.T.);
#1127=ORIENTED_EDGE('',*,*,#2263,.F.);
#1128=ORIENTED_EDGE('',*,*,#2264,.F.);
#1129=ORIENTED_EDGE('',*,*,#2265,.F.);
#1130=ORIENTED_EDGE('',*,*,#2264,.T.);
#1131=ORIENTED_EDGE('',*,*,#2266,.F.);
#1132=ORIENTED_EDGE('',*,*,#2260,.T.);
#1133=ORIENTED_EDGE('',*,*,#2267,.F.);
#1134=ORIENTED_EDGE('',*,*,#2268,.F.);
#1135=ORIENTED_EDGE('',*,*,#2269,.F.);
#1136=ORIENTED_EDGE('',*,*,#2270,.F.);
#1137=ORIENTED_EDGE('',*,*,#2271,.F.);
#1138=ORIENTED_EDGE('',*,*,#2272,.T.);
#1139=ORIENTED_EDGE('',*,*,#2273,.F.);
#1140=ORIENTED_EDGE('',*,*,#2274,.F.);
#1141=ORIENTED_EDGE('',*,*,#2275,.F.);
#1142=ORIENTED_EDGE('',*,*,#2276,.F.);
#1143=ORIENTED_EDGE('',*,*,#2274,.T.);
#1144=ORIENTED_EDGE('',*,*,#2277,.F.);
#1145=ORIENTED_EDGE('',*,*,#2270,.T.);
#1146=ORIENTED_EDGE('',*,*,#2278,.F.);
#1147=ORIENTED_EDGE('',*,*,#2279,.F.);
#1148=ORIENTED_EDGE('',*,*,#2280,.T.);
#1149=ORIENTED_EDGE('',*,*,#2281,.F.);
#1150=ORIENTED_EDGE('',*,*,#2282,.F.);
#1151=ORIENTED_EDGE('',*,*,#2283,.F.);
#1152=ORIENTED_EDGE('',*,*,#2284,.T.);
#1153=ORIENTED_EDGE('',*,*,#2285,.F.);
#1154=ORIENTED_EDGE('',*,*,#2286,.F.);
#1155=ORIENTED_EDGE('',*,*,#2287,.F.);
#1156=ORIENTED_EDGE('',*,*,#2285,.T.);
#1157=ORIENTED_EDGE('',*,*,#2288,.F.);
#1158=ORIENTED_EDGE('',*,*,#2281,.T.);
#1159=ORIENTED_EDGE('',*,*,#2289,.F.);
#1160=ORIENTED_EDGE('',*,*,#2290,.F.);
#1161=ORIENTED_EDGE('',*,*,#2291,.F.);
#1162=ORIENTED_EDGE('',*,*,#2292,.F.);
#1163=ORIENTED_EDGE('',*,*,#2293,.T.);
#1164=ORIENTED_EDGE('',*,*,#2294,.F.);
#1165=ORIENTED_EDGE('',*,*,#2295,.F.);
#1166=ORIENTED_EDGE('',*,*,#2296,.F.);
#1167=ORIENTED_EDGE('',*,*,#2295,.T.);
#1168=ORIENTED_EDGE('',*,*,#2297,.F.);
#1169=ORIENTED_EDGE('',*,*,#2291,.T.);
#1170=ORIENTED_EDGE('',*,*,#2298,.F.);
#1171=ORIENTED_EDGE('',*,*,#2296,.T.);
#1172=ORIENTED_EDGE('',*,*,#2298,.T.);
#1173=ORIENTED_EDGE('',*,*,#2290,.T.);
#1174=ORIENTED_EDGE('',*,*,#2299,.F.);
#1175=ORIENTED_EDGE('',*,*,#2300,.T.);
#1176=ORIENTED_EDGE('',*,*,#2301,.F.);
#1177=ORIENTED_EDGE('',*,*,#2302,.F.);
#1178=ORIENTED_EDGE('',*,*,#2303,.F.);
#1179=ORIENTED_EDGE('',*,*,#2304,.T.);
#1180=ORIENTED_EDGE('',*,*,#2305,.T.);
#1181=ORIENTED_EDGE('',*,*,#2306,.F.);
#1182=ORIENTED_EDGE('',*,*,#2307,.F.);
#1183=ORIENTED_EDGE('',*,*,#2308,.T.);
#1184=ORIENTED_EDGE('',*,*,#2307,.T.);
#1185=ORIENTED_EDGE('',*,*,#2309,.F.);
#1186=ORIENTED_EDGE('',*,*,#2310,.F.);
#1187=ORIENTED_EDGE('',*,*,#2311,.T.);
#1188=ORIENTED_EDGE('',*,*,#2310,.T.);
#1189=ORIENTED_EDGE('',*,*,#2312,.F.);
#1190=ORIENTED_EDGE('',*,*,#2313,.F.);
#1191=ORIENTED_EDGE('',*,*,#2314,.T.);
#1192=ORIENTED_EDGE('',*,*,#2313,.T.);
#1193=ORIENTED_EDGE('',*,*,#2315,.F.);
#1194=ORIENTED_EDGE('',*,*,#2316,.F.);
#1195=ORIENTED_EDGE('',*,*,#2317,.T.);
#1196=ORIENTED_EDGE('',*,*,#2316,.T.);
#1197=ORIENTED_EDGE('',*,*,#2318,.F.);
#1198=ORIENTED_EDGE('',*,*,#2305,.F.);
#1199=ORIENTED_EDGE('',*,*,#2319,.F.);
#1200=ORIENTED_EDGE('',*,*,#2302,.T.);
#1201=ORIENTED_EDGE('',*,*,#2320,.F.);
#1202=ORIENTED_EDGE('',*,*,#2321,.F.);
#1203=ORIENTED_EDGE('',*,*,#2322,.F.);
#1204=ORIENTED_EDGE('',*,*,#2321,.T.);
#1205=ORIENTED_EDGE('',*,*,#2323,.F.);
#1206=ORIENTED_EDGE('',*,*,#2324,.F.);
#1207=ORIENTED_EDGE('',*,*,#2269,.T.);
#1208=ORIENTED_EDGE('',*,*,#2325,.F.);
#1209=ORIENTED_EDGE('',*,*,#2324,.T.);
#1210=ORIENTED_EDGE('',*,*,#2326,.F.);
#1211=ORIENTED_EDGE('',*,*,#2327,.F.);
#1212=ORIENTED_EDGE('',*,*,#2278,.T.);
#1213=ORIENTED_EDGE('',*,*,#2276,.T.);
#1214=ORIENTED_EDGE('',*,*,#2327,.T.);
#1215=ORIENTED_EDGE('',*,*,#2328,.F.);
#1216=ORIENTED_EDGE('',*,*,#2329,.F.);
#1217=ORIENTED_EDGE('',*,*,#2330,.F.);
#1218=ORIENTED_EDGE('',*,*,#2275,.T.);
#1219=ORIENTED_EDGE('',*,*,#2331,.F.);
#1220=ORIENTED_EDGE('',*,*,#2329,.T.);
#1221=ORIENTED_EDGE('',*,*,#2332,.F.);
#1222=ORIENTED_EDGE('',*,*,#2333,.F.);
#1223=ORIENTED_EDGE('',*,*,#2334,.F.);
#1224=ORIENTED_EDGE('',*,*,#2333,.T.);
#1225=ORIENTED_EDGE('',*,*,#2335,.F.);
#1226=ORIENTED_EDGE('',*,*,#2300,.F.);
#1227=ORIENTED_EDGE('',*,*,#2301,.T.);
#1228=ORIENTED_EDGE('',*,*,#2335,.T.);
#1229=ORIENTED_EDGE('',*,*,#2332,.T.);
#1230=ORIENTED_EDGE('',*,*,#2328,.T.);
#1231=ORIENTED_EDGE('',*,*,#2326,.T.);
#1232=ORIENTED_EDGE('',*,*,#2323,.T.);
#1233=ORIENTED_EDGE('',*,*,#2320,.T.);
#1234=ORIENTED_EDGE('',*,*,#2318,.T.);
#1235=ORIENTED_EDGE('',*,*,#2315,.T.);
#1236=ORIENTED_EDGE('',*,*,#2312,.T.);
#1237=ORIENTED_EDGE('',*,*,#2309,.T.);
#1238=ORIENTED_EDGE('',*,*,#2306,.T.);
#1239=ORIENTED_EDGE('',*,*,#2336,.F.);
#1240=ORIENTED_EDGE('',*,*,#2337,.T.);
#1241=ORIENTED_EDGE('',*,*,#2338,.F.);
#1242=ORIENTED_EDGE('',*,*,#2339,.F.);
#1243=ORIENTED_EDGE('',*,*,#2340,.F.);
#1244=ORIENTED_EDGE('',*,*,#2341,.F.);
#1245=ORIENTED_EDGE('',*,*,#2342,.F.);
#1246=ORIENTED_EDGE('',*,*,#2343,.F.);
#1247=ORIENTED_EDGE('',*,*,#2344,.T.);
#1248=ORIENTED_EDGE('',*,*,#2345,.F.);
#1249=ORIENTED_EDGE('',*,*,#2346,.F.);
#1250=ORIENTED_EDGE('',*,*,#2337,.F.);
#1251=ORIENTED_EDGE('',*,*,#2346,.T.);
#1252=ORIENTED_EDGE('',*,*,#2347,.F.);
#1253=ORIENTED_EDGE('',*,*,#2348,.F.);
#1254=ORIENTED_EDGE('',*,*,#2342,.T.);
#1255=ORIENTED_EDGE('',*,*,#2349,.F.);
#1256=ORIENTED_EDGE('',*,*,#2338,.T.);
#1257=ORIENTED_EDGE('',*,*,#2350,.F.);
#1258=ORIENTED_EDGE('',*,*,#2351,.T.);
#1259=ORIENTED_EDGE('',*,*,#2352,.F.);
#1260=ORIENTED_EDGE('',*,*,#2353,.F.);
#1261=ORIENTED_EDGE('',*,*,#2263,.T.);
#1262=ORIENTED_EDGE('',*,*,#2354,.F.);
#1263=ORIENTED_EDGE('',*,*,#2353,.T.);
#1264=ORIENTED_EDGE('',*,*,#2355,.F.);
#1265=ORIENTED_EDGE('',*,*,#2356,.F.);
#1266=ORIENTED_EDGE('',*,*,#2357,.F.);
#1267=ORIENTED_EDGE('',*,*,#2261,.T.);
#1268=ORIENTED_EDGE('',*,*,#2266,.T.);
#1269=ORIENTED_EDGE('',*,*,#2358,.F.);
#1270=ORIENTED_EDGE('',*,*,#2356,.T.);
#1271=ORIENTED_EDGE('',*,*,#2359,.F.);
#1272=ORIENTED_EDGE('',*,*,#2360,.F.);
#1273=ORIENTED_EDGE('',*,*,#2361,.F.);
#1274=ORIENTED_EDGE('',*,*,#2360,.T.);
#1275=ORIENTED_EDGE('',*,*,#2362,.F.);
#1276=ORIENTED_EDGE('',*,*,#2363,.F.);
#1277=ORIENTED_EDGE('',*,*,#2341,.T.);
#1278=ORIENTED_EDGE('',*,*,#2364,.F.);
#1279=ORIENTED_EDGE('',*,*,#2363,.T.);
#1280=ORIENTED_EDGE('',*,*,#2365,.F.);
#1281=ORIENTED_EDGE('',*,*,#2366,.F.);
#1282=ORIENTED_EDGE('',*,*,#2280,.F.);
#1283=ORIENTED_EDGE('',*,*,#2367,.F.);
#1284=ORIENTED_EDGE('',*,*,#2339,.T.);
#1285=ORIENTED_EDGE('',*,*,#2349,.T.);
#1286=ORIENTED_EDGE('',*,*,#2287,.T.);
#1287=ORIENTED_EDGE('',*,*,#2366,.T.);
#1288=ORIENTED_EDGE('',*,*,#2368,.F.);
#1289=ORIENTED_EDGE('',*,*,#2369,.F.);
#1290=ORIENTED_EDGE('',*,*,#2370,.F.);
#1291=ORIENTED_EDGE('',*,*,#2286,.T.);
#1292=ORIENTED_EDGE('',*,*,#2371,.F.);
#1293=ORIENTED_EDGE('',*,*,#2369,.T.);
#1294=ORIENTED_EDGE('',*,*,#2372,.F.);
#1295=ORIENTED_EDGE('',*,*,#2373,.F.);
#1296=ORIENTED_EDGE('',*,*,#2374,.F.);
#1297=ORIENTED_EDGE('',*,*,#2373,.T.);
#1298=ORIENTED_EDGE('',*,*,#2375,.F.);
#1299=ORIENTED_EDGE('',*,*,#2376,.F.);
#1300=ORIENTED_EDGE('',*,*,#2237,.T.);
#1301=ORIENTED_EDGE('',*,*,#2377,.F.);
#1302=ORIENTED_EDGE('',*,*,#2376,.T.);
#1303=ORIENTED_EDGE('',*,*,#2378,.F.);
#1304=ORIENTED_EDGE('',*,*,#2351,.F.);
#1305=ORIENTED_EDGE('',*,*,#2379,.F.);
#1306=ORIENTED_EDGE('',*,*,#2235,.T.);
#1307=ORIENTED_EDGE('',*,*,#2240,.T.);
#1308=ORIENTED_EDGE('',*,*,#2378,.T.);
#1309=ORIENTED_EDGE('',*,*,#2375,.T.);
#1310=ORIENTED_EDGE('',*,*,#2372,.T.);
#1311=ORIENTED_EDGE('',*,*,#2368,.T.);
#1312=ORIENTED_EDGE('',*,*,#2365,.T.);
#1313=ORIENTED_EDGE('',*,*,#2362,.T.);
#1314=ORIENTED_EDGE('',*,*,#2359,.T.);
#1315=ORIENTED_EDGE('',*,*,#2355,.T.);
#1316=ORIENTED_EDGE('',*,*,#2352,.T.);
#1317=ORIENTED_EDGE('',*,*,#2343,.T.);
#1318=ORIENTED_EDGE('',*,*,#2348,.T.);
#1319=ORIENTED_EDGE('',*,*,#2380,.T.);
#1320=ORIENTED_EDGE('',*,*,#2381,.F.);
#1321=ORIENTED_EDGE('',*,*,#2382,.F.);
#1322=ORIENTED_EDGE('',*,*,#2383,.F.);
#1323=ORIENTED_EDGE('',*,*,#2294,.T.);
#1324=ORIENTED_EDGE('',*,*,#2384,.F.);
#1325=ORIENTED_EDGE('',*,*,#2256,.T.);
#1326=ORIENTED_EDGE('',*,*,#2385,.F.);
#1327=ORIENTED_EDGE('',*,*,#2386,.F.);
#1328=ORIENTED_EDGE('',*,*,#2387,.F.);
#1329=ORIENTED_EDGE('',*,*,#2292,.T.);
#1330=ORIENTED_EDGE('',*,*,#2297,.T.);
#1331=ORIENTED_EDGE('',*,*,#2345,.T.);
#1332=ORIENTED_EDGE('',*,*,#2388,.F.);
#1333=ORIENTED_EDGE('',*,*,#2386,.T.);
#1334=ORIENTED_EDGE('',*,*,#2389,.F.);
#1335=ORIENTED_EDGE('',*,*,#2380,.F.);
#1336=ORIENTED_EDGE('',*,*,#2347,.T.);
#1337=ORIENTED_EDGE('',*,*,#2390,.F.);
#1338=ORIENTED_EDGE('',*,*,#2382,.T.);
#1339=ORIENTED_EDGE('',*,*,#2391,.F.);
#1340=ORIENTED_EDGE('',*,*,#2392,.F.);
#1341=ORIENTED_EDGE('',*,*,#2393,.F.);
#1342=ORIENTED_EDGE('',*,*,#2392,.T.);
#1343=ORIENTED_EDGE('',*,*,#2394,.F.);
#1344=ORIENTED_EDGE('',*,*,#2395,.F.);
#1345=ORIENTED_EDGE('',*,*,#2396,.F.);
#1346=ORIENTED_EDGE('',*,*,#2395,.T.);
#1347=ORIENTED_EDGE('',*,*,#2397,.F.);
#1348=ORIENTED_EDGE('',*,*,#2398,.F.);
#1349=ORIENTED_EDGE('',*,*,#2399,.F.);
#1350=ORIENTED_EDGE('',*,*,#2398,.T.);
#1351=ORIENTED_EDGE('',*,*,#2400,.F.);
#1352=ORIENTED_EDGE('',*,*,#2401,.F.);
#1353=ORIENTED_EDGE('',*,*,#2402,.F.);
#1354=ORIENTED_EDGE('',*,*,#2401,.T.);
#1355=ORIENTED_EDGE('',*,*,#2403,.F.);
#1356=ORIENTED_EDGE('',*,*,#2404,.F.);
#1357=ORIENTED_EDGE('',*,*,#2405,.F.);
#1358=ORIENTED_EDGE('',*,*,#2404,.T.);
#1359=ORIENTED_EDGE('',*,*,#2406,.F.);
#1360=ORIENTED_EDGE('',*,*,#2254,.F.);
#1361=ORIENTED_EDGE('',*,*,#2255,.T.);
#1362=ORIENTED_EDGE('',*,*,#2406,.T.);
#1363=ORIENTED_EDGE('',*,*,#2403,.T.);
#1364=ORIENTED_EDGE('',*,*,#2400,.T.);
#1365=ORIENTED_EDGE('',*,*,#2397,.T.);
#1366=ORIENTED_EDGE('',*,*,#2394,.T.);
#1367=ORIENTED_EDGE('',*,*,#2391,.T.);
#1368=ORIENTED_EDGE('',*,*,#2381,.T.);
#1369=ORIENTED_EDGE('',*,*,#2389,.T.);
#1370=ORIENTED_EDGE('',*,*,#2385,.T.);
#1371=ORIENTED_EDGE('',*,*,#2407,.F.);
#1372=ORIENTED_EDGE('',*,*,#2408,.F.);
#1373=ORIENTED_EDGE('',*,*,#2409,.F.);
#1374=ORIENTED_EDGE('',*,*,#2410,.F.);
#1375=ORIENTED_EDGE('',*,*,#2411,.F.);
#1376=ORIENTED_EDGE('',*,*,#2410,.T.);
#1377=ORIENTED_EDGE('',*,*,#2412,.F.);
#1378=ORIENTED_EDGE('',*,*,#2413,.F.);
#1379=ORIENTED_EDGE('',*,*,#2414,.T.);
#1380=ORIENTED_EDGE('',*,*,#2413,.T.);
#1381=ORIENTED_EDGE('',*,*,#2415,.F.);
#1382=ORIENTED_EDGE('',*,*,#2416,.F.);
#1383=ORIENTED_EDGE('',*,*,#2415,.T.);
#1384=ORIENTED_EDGE('',*,*,#2412,.T.);
#1385=ORIENTED_EDGE('',*,*,#2409,.T.);
#1386=ORIENTED_EDGE('',*,*,#2417,.F.);
#1387=ORIENTED_EDGE('',*,*,#2416,.T.);
#1388=ORIENTED_EDGE('',*,*,#2417,.T.);
#1389=ORIENTED_EDGE('',*,*,#2408,.T.);
#1390=ORIENTED_EDGE('',*,*,#2418,.F.);
#1391=ORIENTED_EDGE('',*,*,#2419,.T.);
#1392=ORIENTED_EDGE('',*,*,#2420,.F.);
#1393=ORIENTED_EDGE('',*,*,#2421,.F.);
#1394=ORIENTED_EDGE('',*,*,#2422,.F.);
#1395=ORIENTED_EDGE('',*,*,#2423,.F.);
#1396=ORIENTED_EDGE('',*,*,#2424,.T.);
#1397=ORIENTED_EDGE('',*,*,#2425,.F.);
#1398=ORIENTED_EDGE('',*,*,#2426,.F.);
#1399=ORIENTED_EDGE('',*,*,#2284,.F.);
#1400=ORIENTED_EDGE('',*,*,#2288,.T.);
#1401=ORIENTED_EDGE('',*,*,#2426,.T.);
#1402=ORIENTED_EDGE('',*,*,#2427,.F.);
#1403=ORIENTED_EDGE('',*,*,#2428,.F.);
#1404=ORIENTED_EDGE('',*,*,#2273,.T.);
#1405=ORIENTED_EDGE('',*,*,#2429,.F.);
#1406=ORIENTED_EDGE('',*,*,#2282,.T.);
#1407=ORIENTED_EDGE('',*,*,#2428,.T.);
#1408=ORIENTED_EDGE('',*,*,#2430,.F.);
#1409=ORIENTED_EDGE('',*,*,#2419,.F.);
#1410=ORIENTED_EDGE('',*,*,#2431,.F.);
#1411=ORIENTED_EDGE('',*,*,#2271,.T.);
#1412=ORIENTED_EDGE('',*,*,#2277,.T.);
#1413=ORIENTED_EDGE('',*,*,#2432,.F.);
#1414=ORIENTED_EDGE('',*,*,#2421,.T.);
#1415=ORIENTED_EDGE('',*,*,#2433,.F.);
#1416=ORIENTED_EDGE('',*,*,#2434,.F.);
#1417=ORIENTED_EDGE('',*,*,#2435,.F.);
#1418=ORIENTED_EDGE('',*,*,#2434,.T.);
#1419=ORIENTED_EDGE('',*,*,#2436,.F.);
#1420=ORIENTED_EDGE('',*,*,#2437,.F.);
#1421=ORIENTED_EDGE('',*,*,#2222,.T.);
#1422=ORIENTED_EDGE('',*,*,#2438,.F.);
#1423=ORIENTED_EDGE('',*,*,#2437,.T.);
#1424=ORIENTED_EDGE('',*,*,#2439,.F.);
#1425=ORIENTED_EDGE('',*,*,#2424,.F.);
#1426=ORIENTED_EDGE('',*,*,#2440,.F.);
#1427=ORIENTED_EDGE('',*,*,#2230,.T.);
#1428=ORIENTED_EDGE('',*,*,#2231,.T.);
#1429=ORIENTED_EDGE('',*,*,#2439,.T.);
#1430=ORIENTED_EDGE('',*,*,#2436,.T.);
#1431=ORIENTED_EDGE('',*,*,#2433,.T.);
#1432=ORIENTED_EDGE('',*,*,#2420,.T.);
#1433=ORIENTED_EDGE('',*,*,#2430,.T.);
#1434=ORIENTED_EDGE('',*,*,#2427,.T.);
#1435=ORIENTED_EDGE('',*,*,#2425,.T.);
#1436=ORIENTED_EDGE('',*,*,#2441,.F.);
#1437=ORIENTED_EDGE('',*,*,#2442,.T.);
#1438=ORIENTED_EDGE('',*,*,#2443,.F.);
#1439=ORIENTED_EDGE('',*,*,#2444,.F.);
#1440=ORIENTED_EDGE('',*,*,#2445,.F.);
#1441=ORIENTED_EDGE('',*,*,#2444,.T.);
#1442=ORIENTED_EDGE('',*,*,#2446,.F.);
#1443=ORIENTED_EDGE('',*,*,#2447,.F.);
#1444=ORIENTED_EDGE('',*,*,#2448,.F.);
#1445=ORIENTED_EDGE('',*,*,#2447,.T.);
#1446=ORIENTED_EDGE('',*,*,#2449,.F.);
#1447=ORIENTED_EDGE('',*,*,#2450,.F.);
#1448=ORIENTED_EDGE('',*,*,#2451,.F.);
#1449=ORIENTED_EDGE('',*,*,#2450,.T.);
#1450=ORIENTED_EDGE('',*,*,#2452,.F.);
#1451=ORIENTED_EDGE('',*,*,#2453,.F.);
#1452=ORIENTED_EDGE('',*,*,#2454,.F.);
#1453=ORIENTED_EDGE('',*,*,#2453,.T.);
#1454=ORIENTED_EDGE('',*,*,#2455,.F.);
#1455=ORIENTED_EDGE('',*,*,#2456,.F.);
#1456=ORIENTED_EDGE('',*,*,#2457,.F.);
#1457=ORIENTED_EDGE('',*,*,#2456,.T.);
#1458=ORIENTED_EDGE('',*,*,#2458,.F.);
#1459=ORIENTED_EDGE('',*,*,#2459,.F.);
#1460=ORIENTED_EDGE('',*,*,#2460,.F.);
#1461=ORIENTED_EDGE('',*,*,#2459,.T.);
#1462=ORIENTED_EDGE('',*,*,#2461,.F.);
#1463=ORIENTED_EDGE('',*,*,#2462,.F.);
#1464=ORIENTED_EDGE('',*,*,#2463,.T.);
#1465=ORIENTED_EDGE('',*,*,#2462,.T.);
#1466=ORIENTED_EDGE('',*,*,#2464,.F.);
#1467=ORIENTED_EDGE('',*,*,#2465,.F.);
#1468=ORIENTED_EDGE('',*,*,#2466,.T.);
#1469=ORIENTED_EDGE('',*,*,#2465,.T.);
#1470=ORIENTED_EDGE('',*,*,#2467,.F.);
#1471=ORIENTED_EDGE('',*,*,#2468,.F.);
#1472=ORIENTED_EDGE('',*,*,#2469,.T.);
#1473=ORIENTED_EDGE('',*,*,#2468,.T.);
#1474=ORIENTED_EDGE('',*,*,#2470,.F.);
#1475=ORIENTED_EDGE('',*,*,#2471,.F.);
#1476=ORIENTED_EDGE('',*,*,#2472,.T.);
#1477=ORIENTED_EDGE('',*,*,#2471,.T.);
#1478=ORIENTED_EDGE('',*,*,#2473,.F.);
#1479=ORIENTED_EDGE('',*,*,#2474,.F.);
#1480=ORIENTED_EDGE('',*,*,#2475,.T.);
#1481=ORIENTED_EDGE('',*,*,#2474,.T.);
#1482=ORIENTED_EDGE('',*,*,#2476,.F.);
#1483=ORIENTED_EDGE('',*,*,#2477,.F.);
#1484=ORIENTED_EDGE('',*,*,#2478,.T.);
#1485=ORIENTED_EDGE('',*,*,#2477,.T.);
#1486=ORIENTED_EDGE('',*,*,#2479,.F.);
#1487=ORIENTED_EDGE('',*,*,#2480,.F.);
#1488=ORIENTED_EDGE('',*,*,#2481,.T.);
#1489=ORIENTED_EDGE('',*,*,#2480,.T.);
#1490=ORIENTED_EDGE('',*,*,#2482,.F.);
#1491=ORIENTED_EDGE('',*,*,#2483,.F.);
#1492=ORIENTED_EDGE('',*,*,#2484,.F.);
#1493=ORIENTED_EDGE('',*,*,#2483,.T.);
#1494=ORIENTED_EDGE('',*,*,#2485,.F.);
#1495=ORIENTED_EDGE('',*,*,#2486,.F.);
#1496=ORIENTED_EDGE('',*,*,#2259,.T.);
#1497=ORIENTED_EDGE('',*,*,#2487,.T.);
#1498=ORIENTED_EDGE('',*,*,#2486,.T.);
#1499=ORIENTED_EDGE('',*,*,#2488,.F.);
#1500=ORIENTED_EDGE('',*,*,#2489,.F.);
#1501=ORIENTED_EDGE('',*,*,#2267,.T.);
#1502=ORIENTED_EDGE('',*,*,#2490,.T.);
#1503=ORIENTED_EDGE('',*,*,#2265,.T.);
#1504=ORIENTED_EDGE('',*,*,#2489,.T.);
#1505=ORIENTED_EDGE('',*,*,#2491,.F.);
#1506=ORIENTED_EDGE('',*,*,#2492,.F.);
#1507=ORIENTED_EDGE('',*,*,#2493,.T.);
#1508=ORIENTED_EDGE('',*,*,#2492,.T.);
#1509=ORIENTED_EDGE('',*,*,#2494,.F.);
#1510=ORIENTED_EDGE('',*,*,#2495,.F.);
#1511=ORIENTED_EDGE('',*,*,#2496,.T.);
#1512=ORIENTED_EDGE('',*,*,#2495,.T.);
#1513=ORIENTED_EDGE('',*,*,#2497,.F.);
#1514=ORIENTED_EDGE('',*,*,#2498,.F.);
#1515=ORIENTED_EDGE('',*,*,#2499,.T.);
#1516=ORIENTED_EDGE('',*,*,#2498,.T.);
#1517=ORIENTED_EDGE('',*,*,#2500,.F.);
#1518=ORIENTED_EDGE('',*,*,#2501,.F.);
#1519=ORIENTED_EDGE('',*,*,#2502,.T.);
#1520=ORIENTED_EDGE('',*,*,#2501,.T.);
#1521=ORIENTED_EDGE('',*,*,#2503,.F.);
#1522=ORIENTED_EDGE('',*,*,#2504,.F.);
#1523=ORIENTED_EDGE('',*,*,#2505,.T.);
#1524=ORIENTED_EDGE('',*,*,#2504,.T.);
#1525=ORIENTED_EDGE('',*,*,#2506,.F.);
#1526=ORIENTED_EDGE('',*,*,#2507,.F.);
#1527=ORIENTED_EDGE('',*,*,#2508,.T.);
#1528=ORIENTED_EDGE('',*,*,#2507,.T.);
#1529=ORIENTED_EDGE('',*,*,#2509,.F.);
#1530=ORIENTED_EDGE('',*,*,#2510,.F.);
#1531=ORIENTED_EDGE('',*,*,#2511,.T.);
#1532=ORIENTED_EDGE('',*,*,#2510,.T.);
#1533=ORIENTED_EDGE('',*,*,#2512,.F.);
#1534=ORIENTED_EDGE('',*,*,#2513,.F.);
#1535=ORIENTED_EDGE('',*,*,#2514,.T.);
#1536=ORIENTED_EDGE('',*,*,#2513,.T.);
#1537=ORIENTED_EDGE('',*,*,#2515,.F.);
#1538=ORIENTED_EDGE('',*,*,#2516,.F.);
#1539=ORIENTED_EDGE('',*,*,#2517,.T.);
#1540=ORIENTED_EDGE('',*,*,#2516,.T.);
#1541=ORIENTED_EDGE('',*,*,#2518,.F.);
#1542=ORIENTED_EDGE('',*,*,#2519,.F.);
#1543=ORIENTED_EDGE('',*,*,#2520,.T.);
#1544=ORIENTED_EDGE('',*,*,#2519,.T.);
#1545=ORIENTED_EDGE('',*,*,#2521,.F.);
#1546=ORIENTED_EDGE('',*,*,#2522,.F.);
#1547=ORIENTED_EDGE('',*,*,#2523,.T.);
#1548=ORIENTED_EDGE('',*,*,#2522,.T.);
#1549=ORIENTED_EDGE('',*,*,#2524,.F.);
#1550=ORIENTED_EDGE('',*,*,#2525,.F.);
#1551=ORIENTED_EDGE('',*,*,#2526,.T.);
#1552=ORIENTED_EDGE('',*,*,#2525,.T.);
#1553=ORIENTED_EDGE('',*,*,#2527,.F.);
#1554=ORIENTED_EDGE('',*,*,#2528,.F.);
#1555=ORIENTED_EDGE('',*,*,#2529,.T.);
#1556=ORIENTED_EDGE('',*,*,#2528,.T.);
#1557=ORIENTED_EDGE('',*,*,#2530,.F.);
#1558=ORIENTED_EDGE('',*,*,#2531,.F.);
#1559=ORIENTED_EDGE('',*,*,#2532,.T.);
#1560=ORIENTED_EDGE('',*,*,#2531,.T.);
#1561=ORIENTED_EDGE('',*,*,#2533,.F.);
#1562=ORIENTED_EDGE('',*,*,#2534,.F.);
#1563=ORIENTED_EDGE('',*,*,#2535,.T.);
#1564=ORIENTED_EDGE('',*,*,#2534,.T.);
#1565=ORIENTED_EDGE('',*,*,#2536,.F.);
#1566=ORIENTED_EDGE('',*,*,#2537,.F.);
#1567=ORIENTED_EDGE('',*,*,#2233,.T.);
#1568=ORIENTED_EDGE('',*,*,#2538,.T.);
#1569=ORIENTED_EDGE('',*,*,#2537,.T.);
#1570=ORIENTED_EDGE('',*,*,#2539,.F.);
#1571=ORIENTED_EDGE('',*,*,#2540,.F.);
#1572=ORIENTED_EDGE('',*,*,#2241,.T.);
#1573=ORIENTED_EDGE('',*,*,#2541,.T.);
#1574=ORIENTED_EDGE('',*,*,#2239,.T.);
#1575=ORIENTED_EDGE('',*,*,#2540,.T.);
#1576=ORIENTED_EDGE('',*,*,#2542,.F.);
#1577=ORIENTED_EDGE('',*,*,#2543,.F.);
#1578=ORIENTED_EDGE('',*,*,#2544,.T.);
#1579=ORIENTED_EDGE('',*,*,#2543,.T.);
#1580=ORIENTED_EDGE('',*,*,#2545,.F.);
#1581=ORIENTED_EDGE('',*,*,#2546,.F.);
#1582=ORIENTED_EDGE('',*,*,#2547,.T.);
#1583=ORIENTED_EDGE('',*,*,#2546,.T.);
#1584=ORIENTED_EDGE('',*,*,#2548,.F.);
#1585=ORIENTED_EDGE('',*,*,#2442,.F.);
#1586=ORIENTED_EDGE('',*,*,#2548,.T.);
#1587=ORIENTED_EDGE('',*,*,#2545,.T.);
#1588=ORIENTED_EDGE('',*,*,#2542,.T.);
#1589=ORIENTED_EDGE('',*,*,#2539,.T.);
#1590=ORIENTED_EDGE('',*,*,#2536,.T.);
#1591=ORIENTED_EDGE('',*,*,#2533,.T.);
#1592=ORIENTED_EDGE('',*,*,#2530,.T.);
#1593=ORIENTED_EDGE('',*,*,#2527,.T.);
#1594=ORIENTED_EDGE('',*,*,#2524,.T.);
#1595=ORIENTED_EDGE('',*,*,#2521,.T.);
#1596=ORIENTED_EDGE('',*,*,#2518,.T.);
#1597=ORIENTED_EDGE('',*,*,#2515,.T.);
#1598=ORIENTED_EDGE('',*,*,#2512,.T.);
#1599=ORIENTED_EDGE('',*,*,#2509,.T.);
#1600=ORIENTED_EDGE('',*,*,#2506,.T.);
#1601=ORIENTED_EDGE('',*,*,#2503,.T.);
#1602=ORIENTED_EDGE('',*,*,#2500,.T.);
#1603=ORIENTED_EDGE('',*,*,#2497,.T.);
#1604=ORIENTED_EDGE('',*,*,#2494,.T.);
#1605=ORIENTED_EDGE('',*,*,#2491,.T.);
#1606=ORIENTED_EDGE('',*,*,#2488,.T.);
#1607=ORIENTED_EDGE('',*,*,#2485,.T.);
#1608=ORIENTED_EDGE('',*,*,#2482,.T.);
#1609=ORIENTED_EDGE('',*,*,#2479,.T.);
#1610=ORIENTED_EDGE('',*,*,#2476,.T.);
#1611=ORIENTED_EDGE('',*,*,#2473,.T.);
#1612=ORIENTED_EDGE('',*,*,#2470,.T.);
#1613=ORIENTED_EDGE('',*,*,#2467,.T.);
#1614=ORIENTED_EDGE('',*,*,#2464,.T.);
#1615=ORIENTED_EDGE('',*,*,#2461,.T.);
#1616=ORIENTED_EDGE('',*,*,#2458,.T.);
#1617=ORIENTED_EDGE('',*,*,#2455,.T.);
#1618=ORIENTED_EDGE('',*,*,#2452,.T.);
#1619=ORIENTED_EDGE('',*,*,#2449,.T.);
#1620=ORIENTED_EDGE('',*,*,#2446,.T.);
#1621=ORIENTED_EDGE('',*,*,#2443,.T.);
#1622=ORIENTED_EDGE('',*,*,#2232,.T.);
#1623=ORIENTED_EDGE('',*,*,#2379,.T.);
#1624=ORIENTED_EDGE('',*,*,#2350,.T.);
#1625=ORIENTED_EDGE('',*,*,#2354,.T.);
#1626=ORIENTED_EDGE('',*,*,#2262,.F.);
#1627=ORIENTED_EDGE('',*,*,#2490,.F.);
#1628=ORIENTED_EDGE('',*,*,#2493,.F.);
#1629=ORIENTED_EDGE('',*,*,#2496,.F.);
#1630=ORIENTED_EDGE('',*,*,#2499,.F.);
#1631=ORIENTED_EDGE('',*,*,#2502,.F.);
#1632=ORIENTED_EDGE('',*,*,#2505,.F.);
#1633=ORIENTED_EDGE('',*,*,#2508,.F.);
#1634=ORIENTED_EDGE('',*,*,#2511,.F.);
#1635=ORIENTED_EDGE('',*,*,#2514,.F.);
#1636=ORIENTED_EDGE('',*,*,#2517,.F.);
#1637=ORIENTED_EDGE('',*,*,#2520,.F.);
#1638=ORIENTED_EDGE('',*,*,#2523,.F.);
#1639=ORIENTED_EDGE('',*,*,#2526,.F.);
#1640=ORIENTED_EDGE('',*,*,#2529,.F.);
#1641=ORIENTED_EDGE('',*,*,#2532,.F.);
#1642=ORIENTED_EDGE('',*,*,#2535,.F.);
#1643=ORIENTED_EDGE('',*,*,#2538,.F.);
#1644=ORIENTED_EDGE('',*,*,#2541,.F.);
#1645=ORIENTED_EDGE('',*,*,#2544,.F.);
#1646=ORIENTED_EDGE('',*,*,#2547,.F.);
#1647=ORIENTED_EDGE('',*,*,#2441,.T.);
#1648=ORIENTED_EDGE('',*,*,#2445,.T.);
#1649=ORIENTED_EDGE('',*,*,#2448,.T.);
#1650=ORIENTED_EDGE('',*,*,#2451,.T.);
#1651=ORIENTED_EDGE('',*,*,#2454,.T.);
#1652=ORIENTED_EDGE('',*,*,#2457,.T.);
#1653=ORIENTED_EDGE('',*,*,#2460,.T.);
#1654=ORIENTED_EDGE('',*,*,#2463,.F.);
#1655=ORIENTED_EDGE('',*,*,#2466,.F.);
#1656=ORIENTED_EDGE('',*,*,#2469,.F.);
#1657=ORIENTED_EDGE('',*,*,#2472,.F.);
#1658=ORIENTED_EDGE('',*,*,#2475,.F.);
#1659=ORIENTED_EDGE('',*,*,#2478,.F.);
#1660=ORIENTED_EDGE('',*,*,#2481,.F.);
#1661=ORIENTED_EDGE('',*,*,#2484,.T.);
#1662=ORIENTED_EDGE('',*,*,#2487,.F.);
#1663=ORIENTED_EDGE('',*,*,#2258,.F.);
#1664=ORIENTED_EDGE('',*,*,#2357,.T.);
#1665=ORIENTED_EDGE('',*,*,#2358,.T.);
#1666=ORIENTED_EDGE('',*,*,#2361,.T.);
#1667=ORIENTED_EDGE('',*,*,#2364,.T.);
#1668=ORIENTED_EDGE('',*,*,#2340,.T.);
#1669=ORIENTED_EDGE('',*,*,#2383,.T.);
#1670=ORIENTED_EDGE('',*,*,#2390,.T.);
#1671=ORIENTED_EDGE('',*,*,#2393,.T.);
#1672=ORIENTED_EDGE('',*,*,#2396,.T.);
#1673=ORIENTED_EDGE('',*,*,#2399,.T.);
#1674=ORIENTED_EDGE('',*,*,#2402,.T.);
#1675=ORIENTED_EDGE('',*,*,#2405,.T.);
#1676=ORIENTED_EDGE('',*,*,#2253,.T.);
#1677=ORIENTED_EDGE('',*,*,#2242,.T.);
#1678=ORIENTED_EDGE('',*,*,#2246,.F.);
#1679=ORIENTED_EDGE('',*,*,#2249,.F.);
#1680=ORIENTED_EDGE('',*,*,#2257,.T.);
#1681=ORIENTED_EDGE('',*,*,#2384,.T.);
#1682=ORIENTED_EDGE('',*,*,#2293,.F.);
#1683=ORIENTED_EDGE('',*,*,#2303,.T.);
#1684=ORIENTED_EDGE('',*,*,#2319,.T.);
#1685=ORIENTED_EDGE('',*,*,#2322,.T.);
#1686=ORIENTED_EDGE('',*,*,#2325,.T.);
#1687=ORIENTED_EDGE('',*,*,#2268,.T.);
#1688=ORIENTED_EDGE('',*,*,#2431,.T.);
#1689=ORIENTED_EDGE('',*,*,#2418,.T.);
#1690=ORIENTED_EDGE('',*,*,#2407,.T.);
#1691=ORIENTED_EDGE('',*,*,#2411,.T.);
#1692=ORIENTED_EDGE('',*,*,#2414,.F.);
#1693=ORIENTED_EDGE('',*,*,#2422,.T.);
#1694=ORIENTED_EDGE('',*,*,#2432,.T.);
#1695=ORIENTED_EDGE('',*,*,#2435,.T.);
#1696=ORIENTED_EDGE('',*,*,#2438,.T.);
#1697=ORIENTED_EDGE('',*,*,#2221,.T.);
#1698=ORIENTED_EDGE('',*,*,#2225,.F.);
#1699=ORIENTED_EDGE('',*,*,#2228,.F.);
#1700=ORIENTED_EDGE('',*,*,#2440,.T.);
#1701=ORIENTED_EDGE('',*,*,#2423,.T.);
#1702=ORIENTED_EDGE('',*,*,#2283,.T.);
#1703=ORIENTED_EDGE('',*,*,#2370,.T.);
#1704=ORIENTED_EDGE('',*,*,#2371,.T.);
#1705=ORIENTED_EDGE('',*,*,#2374,.T.);
#1706=ORIENTED_EDGE('',*,*,#2377,.T.);
#1707=ORIENTED_EDGE('',*,*,#2236,.F.);
#1708=ORIENTED_EDGE('',*,*,#2272,.F.);
#1709=ORIENTED_EDGE('',*,*,#2330,.T.);
#1710=ORIENTED_EDGE('',*,*,#2331,.T.);
#1711=ORIENTED_EDGE('',*,*,#2334,.T.);
#1712=ORIENTED_EDGE('',*,*,#2299,.T.);
#1713=ORIENTED_EDGE('',*,*,#2289,.T.);
#1714=ORIENTED_EDGE('',*,*,#2387,.T.);
#1715=ORIENTED_EDGE('',*,*,#2388,.T.);
#1716=ORIENTED_EDGE('',*,*,#2344,.F.);
#1717=ORIENTED_EDGE('',*,*,#2336,.T.);
#1718=ORIENTED_EDGE('',*,*,#2367,.T.);
#1719=ORIENTED_EDGE('',*,*,#2279,.T.);
#1720=ORIENTED_EDGE('',*,*,#2429,.T.);
#1721=ORIENTED_EDGE('',*,*,#2317,.F.);
#1722=ORIENTED_EDGE('',*,*,#2304,.F.);
#1723=ORIENTED_EDGE('',*,*,#2308,.F.);
#1724=ORIENTED_EDGE('',*,*,#2311,.F.);
#1725=ORIENTED_EDGE('',*,*,#2314,.F.);
#1726=ORIENTED_EDGE('',*,*,#2549,.F.);
#1727=ORIENTED_EDGE('',*,*,#2550,.F.);
#1728=ORIENTED_EDGE('',*,*,#2551,.F.);
#1729=ORIENTED_EDGE('',*,*,#2552,.F.);
#1730=ORIENTED_EDGE('',*,*,#2553,.F.);
#1731=ORIENTED_EDGE('',*,*,#2554,.F.);
#1732=ORIENTED_EDGE('',*,*,#2555,.F.);
#1733=ORIENTED_EDGE('',*,*,#2556,.F.);
#1734=ORIENTED_EDGE('',*,*,#2557,.F.);
#1735=ORIENTED_EDGE('',*,*,#2558,.F.);
#1736=ORIENTED_EDGE('',*,*,#2559,.F.);
#1737=ORIENTED_EDGE('',*,*,#2560,.F.);
#1738=ORIENTED_EDGE('',*,*,#2561,.F.);
#1739=ORIENTED_EDGE('',*,*,#2562,.F.);
#1740=ORIENTED_EDGE('',*,*,#2563,.F.);
#1741=ORIENTED_EDGE('',*,*,#2564,.F.);
#1742=ORIENTED_EDGE('',*,*,#2565,.F.);
#1743=ORIENTED_EDGE('',*,*,#2558,.T.);
#1744=ORIENTED_EDGE('',*,*,#2566,.T.);
#1745=ORIENTED_EDGE('',*,*,#2567,.T.);
#1746=ORIENTED_EDGE('',*,*,#2568,.F.);
#1747=ORIENTED_EDGE('',*,*,#2562,.T.);
#1748=ORIENTED_EDGE('',*,*,#2569,.T.);
#1749=ORIENTED_EDGE('',*,*,#2560,.T.);
#1750=ORIENTED_EDGE('',*,*,#2570,.T.);
#1751=ORIENTED_EDGE('',*,*,#2564,.T.);
#1752=ORIENTED_EDGE('',*,*,#2571,.F.);
#1753=ORIENTED_EDGE('',*,*,#2572,.F.);
#1754=ORIENTED_EDGE('',*,*,#2573,.F.);
#1755=ORIENTED_EDGE('',*,*,#2550,.T.);
#1756=ORIENTED_EDGE('',*,*,#2574,.T.);
#1757=ORIENTED_EDGE('',*,*,#2572,.T.);
#1758=ORIENTED_EDGE('',*,*,#2575,.F.);
#1759=ORIENTED_EDGE('',*,*,#2554,.T.);
#1760=ORIENTED_EDGE('',*,*,#2576,.T.);
#1761=ORIENTED_EDGE('',*,*,#2552,.T.);
#1762=ORIENTED_EDGE('',*,*,#2577,.T.);
#1763=ORIENTED_EDGE('',*,*,#2556,.T.);
#1764=ORIENTED_EDGE('',*,*,#2578,.F.);
#1765=ORIENTED_EDGE('',*,*,#2579,.F.);
#1766=ORIENTED_EDGE('',*,*,#2580,.F.);
#1767=ORIENTED_EDGE('',*,*,#2567,.F.);
#1768=ORIENTED_EDGE('',*,*,#2581,.T.);
#1769=ORIENTED_EDGE('',*,*,#2582,.T.);
#1770=ORIENTED_EDGE('',*,*,#2583,.T.);
#1771=ORIENTED_EDGE('',*,*,#2584,.T.);
#1772=ORIENTED_EDGE('',*,*,#2585,.T.);
#1773=ORIENTED_EDGE('',*,*,#2586,.T.);
#1774=ORIENTED_EDGE('',*,*,#2587,.T.);
#1775=ORIENTED_EDGE('',*,*,#2588,.T.);
#1776=ORIENTED_EDGE('',*,*,#2589,.T.);
#1777=ORIENTED_EDGE('',*,*,#2590,.T.);
#1778=ORIENTED_EDGE('',*,*,#2591,.T.);
#1779=ORIENTED_EDGE('',*,*,#2592,.T.);
#1780=ORIENTED_EDGE('',*,*,#2593,.T.);
#1781=ORIENTED_EDGE('',*,*,#2594,.T.);
#1782=ORIENTED_EDGE('',*,*,#2595,.T.);
#1783=ORIENTED_EDGE('',*,*,#2596,.T.);
#1784=ORIENTED_EDGE('',*,*,#2597,.T.);
#1785=ORIENTED_EDGE('',*,*,#2598,.T.);
#1786=ORIENTED_EDGE('',*,*,#2599,.F.);
#1787=ORIENTED_EDGE('',*,*,#2597,.F.);
#1788=ORIENTED_EDGE('',*,*,#2600,.F.);
#1789=ORIENTED_EDGE('',*,*,#2601,.F.);
#1790=ORIENTED_EDGE('',*,*,#2585,.F.);
#1791=ORIENTED_EDGE('',*,*,#2602,.F.);
#1792=ORIENTED_EDGE('',*,*,#2589,.F.);
#1793=ORIENTED_EDGE('',*,*,#2603,.F.);
#1794=ORIENTED_EDGE('',*,*,#2604,.T.);
#1795=ORIENTED_EDGE('',*,*,#2578,.T.);
#1796=ORIENTED_EDGE('',*,*,#2555,.T.);
#1797=ORIENTED_EDGE('',*,*,#2575,.T.);
#1798=ORIENTED_EDGE('',*,*,#2551,.T.);
#1799=ORIENTED_EDGE('',*,*,#2573,.T.);
#1800=ORIENTED_EDGE('',*,*,#2571,.T.);
#1801=ORIENTED_EDGE('',*,*,#2563,.T.);
#1802=ORIENTED_EDGE('',*,*,#2568,.T.);
#1803=ORIENTED_EDGE('',*,*,#2559,.T.);
#1804=ORIENTED_EDGE('',*,*,#2565,.T.);
#1805=ORIENTED_EDGE('',*,*,#2580,.T.);
#1806=ORIENTED_EDGE('',*,*,#2605,.T.);
#1807=ORIENTED_EDGE('',*,*,#2606,.F.);
#1808=ORIENTED_EDGE('',*,*,#2607,.F.);
#1809=ORIENTED_EDGE('',*,*,#2593,.F.);
#1810=ORIENTED_EDGE('',*,*,#2608,.T.);
#1811=ORIENTED_EDGE('',*,*,#2595,.F.);
#1812=ORIENTED_EDGE('',*,*,#2609,.T.);
#1813=ORIENTED_EDGE('',*,*,#2591,.F.);
#1814=ORIENTED_EDGE('',*,*,#2610,.T.);
#1815=ORIENTED_EDGE('',*,*,#2611,.T.);
#1816=ORIENTED_EDGE('',*,*,#2612,.F.);
#1817=ORIENTED_EDGE('',*,*,#2581,.F.);
#1818=ORIENTED_EDGE('',*,*,#2566,.F.);
#1819=ORIENTED_EDGE('',*,*,#2557,.T.);
#1820=ORIENTED_EDGE('',*,*,#2569,.F.);
#1821=ORIENTED_EDGE('',*,*,#2561,.T.);
#1822=ORIENTED_EDGE('',*,*,#2570,.F.);
#1823=ORIENTED_EDGE('',*,*,#2574,.F.);
#1824=ORIENTED_EDGE('',*,*,#2549,.T.);
#1825=ORIENTED_EDGE('',*,*,#2576,.F.);
#1826=ORIENTED_EDGE('',*,*,#2553,.T.);
#1827=ORIENTED_EDGE('',*,*,#2577,.F.);
#1828=ORIENTED_EDGE('',*,*,#2613,.F.);
#1829=ORIENTED_EDGE('',*,*,#2614,.T.);
#1830=ORIENTED_EDGE('',*,*,#2587,.F.);
#1831=ORIENTED_EDGE('',*,*,#2615,.T.);
#1832=ORIENTED_EDGE('',*,*,#2583,.F.);
#1833=ORIENTED_EDGE('',*,*,#2616,.T.);
#1834=ORIENTED_EDGE('',*,*,#2610,.F.);
#1835=ORIENTED_EDGE('',*,*,#2594,.F.);
#1836=ORIENTED_EDGE('',*,*,#2607,.T.);
#1837=ORIENTED_EDGE('',*,*,#2617,.F.);
#1838=ORIENTED_EDGE('',*,*,#2609,.F.);
#1839=ORIENTED_EDGE('',*,*,#2598,.F.);
#1840=ORIENTED_EDGE('',*,*,#2599,.T.);
#1841=ORIENTED_EDGE('',*,*,#2592,.F.);
#1842=ORIENTED_EDGE('',*,*,#2600,.T.);
#1843=ORIENTED_EDGE('',*,*,#2596,.F.);
#1844=ORIENTED_EDGE('',*,*,#2608,.F.);
#1845=ORIENTED_EDGE('',*,*,#2618,.T.);
#1846=ORIENTED_EDGE('',*,*,#2616,.F.);
#1847=ORIENTED_EDGE('',*,*,#2586,.F.);
#1848=ORIENTED_EDGE('',*,*,#2601,.T.);
#1849=ORIENTED_EDGE('',*,*,#2618,.F.);
#1850=ORIENTED_EDGE('',*,*,#2615,.F.);
#1851=ORIENTED_EDGE('',*,*,#2590,.F.);
#1852=ORIENTED_EDGE('',*,*,#2602,.T.);
#1853=ORIENTED_EDGE('',*,*,#2584,.F.);
#1854=ORIENTED_EDGE('',*,*,#2603,.T.);
#1855=ORIENTED_EDGE('',*,*,#2588,.F.);
#1856=ORIENTED_EDGE('',*,*,#2614,.F.);
#1857=ORIENTED_EDGE('',*,*,#2619,.T.);
#1858=ORIENTED_EDGE('',*,*,#2604,.F.);
#1859=ORIENTED_EDGE('',*,*,#2619,.F.);
#1860=ORIENTED_EDGE('',*,*,#2613,.T.);
#1861=ORIENTED_EDGE('',*,*,#2579,.T.);
#1862=ORIENTED_EDGE('',*,*,#2605,.F.);
#1863=ORIENTED_EDGE('',*,*,#2582,.F.);
#1864=ORIENTED_EDGE('',*,*,#2612,.T.);
#1865=ORIENTED_EDGE('',*,*,#2620,.T.);
#1866=ORIENTED_EDGE('',*,*,#2606,.T.);
#1867=ORIENTED_EDGE('',*,*,#2620,.F.);
#1868=ORIENTED_EDGE('',*,*,#2611,.F.);
#1869=ORIENTED_EDGE('',*,*,#2617,.T.);
#1870=VERTEX_POINT('',#3999);
#1871=VERTEX_POINT('',#4000);
#1872=VERTEX_POINT('',#4002);
#1873=VERTEX_POINT('',#4004);
#1874=VERTEX_POINT('',#4008);
#1875=VERTEX_POINT('',#4009);
#1876=VERTEX_POINT('',#4011);
#1877=VERTEX_POINT('',#4013);
#1878=VERTEX_POINT('',#4015);
#1879=VERTEX_POINT('',#4017);
#1880=VERTEX_POINT('',#4019);
#1881=VERTEX_POINT('',#4021);
#1882=VERTEX_POINT('',#4025);
#1883=VERTEX_POINT('',#4026);
#1884=VERTEX_POINT('',#4028);
#1885=VERTEX_POINT('',#4030);
#1886=VERTEX_POINT('',#4034);
#1887=VERTEX_POINT('',#4035);
#1888=VERTEX_POINT('',#4037);
#1889=VERTEX_POINT('',#4039);
#1890=VERTEX_POINT('',#4043);
#1891=VERTEX_POINT('',#4044);
#1892=VERTEX_POINT('',#4046);
#1893=VERTEX_POINT('',#4049);
#1894=VERTEX_POINT('',#4053);
#1895=VERTEX_POINT('',#4055);
#1896=VERTEX_POINT('',#4057);
#1897=VERTEX_POINT('',#4059);
#1898=VERTEX_POINT('',#4066);
#1899=VERTEX_POINT('',#4069);
#1900=VERTEX_POINT('',#4082);
#1901=VERTEX_POINT('',#4085);
#1902=VERTEX_POINT('',#4177);
#1903=VERTEX_POINT('',#4178);
#1904=VERTEX_POINT('',#4180);
#1905=VERTEX_POINT('',#4182);
#1906=VERTEX_POINT('',#4186);
#1907=VERTEX_POINT('',#4188);
#1908=VERTEX_POINT('',#4192);
#1909=VERTEX_POINT('',#4194);
#1910=VERTEX_POINT('',#4200);
#1911=VERTEX_POINT('',#4201);
#1912=VERTEX_POINT('',#4203);
#1913=VERTEX_POINT('',#4205);
#1914=VERTEX_POINT('',#4209);
#1915=VERTEX_POINT('',#4210);
#1916=VERTEX_POINT('',#4212);
#1917=VERTEX_POINT('',#4214);
#1918=VERTEX_POINT('',#4224);
#1919=VERTEX_POINT('',#4225);
#1920=VERTEX_POINT('',#4227);
#1921=VERTEX_POINT('',#4229);
#1922=VERTEX_POINT('',#4233);
#1923=VERTEX_POINT('',#4235);
#1924=VERTEX_POINT('',#4239);
#1925=VERTEX_POINT('',#4241);
#1926=VERTEX_POINT('',#4250);
#1927=VERTEX_POINT('',#4253);
#1928=VERTEX_POINT('',#4261);
#1929=VERTEX_POINT('',#4266);
#1930=VERTEX_POINT('',#4282);
#1931=VERTEX_POINT('',#4283);
#1932=VERTEX_POINT('',#4285);
#1933=VERTEX_POINT('',#4287);
#1934=VERTEX_POINT('',#4291);
#1935=VERTEX_POINT('',#4292);
#1936=VERTEX_POINT('',#4294);
#1937=VERTEX_POINT('',#4296);
#1938=VERTEX_POINT('',#4303);
#1939=VERTEX_POINT('',#4304);
#1940=VERTEX_POINT('',#4306);
#1941=VERTEX_POINT('',#4308);
#1942=VERTEX_POINT('',#4312);
#1943=VERTEX_POINT('',#4313);
#1944=VERTEX_POINT('',#4315);
#1945=VERTEX_POINT('',#4317);
#1946=VERTEX_POINT('',#4321);
#1947=VERTEX_POINT('',#4326);
#1948=VERTEX_POINT('',#4327);
#1949=VERTEX_POINT('',#4329);
#1950=VERTEX_POINT('',#4331);
#1951=VERTEX_POINT('',#4335);
#1952=VERTEX_POINT('',#4336);
#1953=VERTEX_POINT('',#4338);
#1954=VERTEX_POINT('',#4340);
#1955=VERTEX_POINT('',#4350);
#1956=VERTEX_POINT('',#4351);
#1957=VERTEX_POINT('',#4353);
#1958=VERTEX_POINT('',#4355);
#1959=VERTEX_POINT('',#4362);
#1960=VERTEX_POINT('',#4363);
#1961=VERTEX_POINT('',#4368);
#1962=VERTEX_POINT('',#4370);
#1963=VERTEX_POINT('',#4377);
#1964=VERTEX_POINT('',#4379);
#1965=VERTEX_POINT('',#4381);
#1966=VERTEX_POINT('',#4383);
#1967=VERTEX_POINT('',#4390);
#1968=VERTEX_POINT('',#4391);
#1969=VERTEX_POINT('',#4393);
#1970=VERTEX_POINT('',#4398);
#1971=VERTEX_POINT('',#4405);
#1972=VERTEX_POINT('',#4407);
#1973=VERTEX_POINT('',#4411);
#1974=VERTEX_POINT('',#4413);
#1975=VERTEX_POINT('',#4417);
#1976=VERTEX_POINT('',#4419);
#1977=VERTEX_POINT('',#4435);
#1978=VERTEX_POINT('',#4437);
#1979=VERTEX_POINT('',#4441);
#1980=VERTEX_POINT('',#4443);
#1981=VERTEX_POINT('',#4454);
#1982=VERTEX_POINT('',#4464);
#1983=VERTEX_POINT('',#4466);
#1984=VERTEX_POINT('',#4476);
#1985=VERTEX_POINT('',#4478);
#1986=VERTEX_POINT('',#4486);
#1987=VERTEX_POINT('',#4487);
#1988=VERTEX_POINT('',#4489);
#1989=VERTEX_POINT('',#4491);
#1990=VERTEX_POINT('',#4495);
#1991=VERTEX_POINT('',#4496);
#1992=VERTEX_POINT('',#4498);
#1993=VERTEX_POINT('',#4500);
#1994=VERTEX_POINT('',#4507);
#1995=VERTEX_POINT('',#4509);
#1996=VERTEX_POINT('',#4516);
#1997=VERTEX_POINT('',#4521);
#1998=VERTEX_POINT('',#4522);
#1999=VERTEX_POINT('',#4524);
#2000=VERTEX_POINT('',#4526);
#2001=VERTEX_POINT('',#4531);
#2002=VERTEX_POINT('',#4536);
#2003=VERTEX_POINT('',#4543);
#2004=VERTEX_POINT('',#4548);
#2005=VERTEX_POINT('',#4555);
#2006=VERTEX_POINT('',#4559);
#2007=VERTEX_POINT('',#4566);
#2008=VERTEX_POINT('',#4577);
#2009=VERTEX_POINT('',#4580);
#2010=VERTEX_POINT('',#4589);
#2011=VERTEX_POINT('',#4593);
#2012=VERTEX_POINT('',#4599);
#2013=VERTEX_POINT('',#4601);
#2014=VERTEX_POINT('',#4610);
#2015=VERTEX_POINT('',#4621);
#2016=VERTEX_POINT('',#4626);
#2017=VERTEX_POINT('',#4652);
#2018=VERTEX_POINT('',#4655);
#2019=VERTEX_POINT('',#4677);
#2020=VERTEX_POINT('',#4682);
#2021=VERTEX_POINT('',#4690);
#2022=VERTEX_POINT('',#4695);
#2023=VERTEX_POINT('',#4705);
#2024=VERTEX_POINT('',#4710);
#2025=VERTEX_POINT('',#4723);
#2026=VERTEX_POINT('',#4728);
#2027=VERTEX_POINT('',#4742);
#2028=VERTEX_POINT('',#4751);
#2029=VERTEX_POINT('',#4772);
#2030=VERTEX_POINT('',#4773);
#2031=VERTEX_POINT('',#4775);
#2032=VERTEX_POINT('',#4777);
#2033=VERTEX_POINT('',#4781);
#2034=VERTEX_POINT('',#4783);
#2035=VERTEX_POINT('',#4787);
#2036=VERTEX_POINT('',#4789);
#2037=VERTEX_POINT('',#4795);
#2038=VERTEX_POINT('',#4797);
#2039=VERTEX_POINT('',#4799);
#2040=VERTEX_POINT('',#4801);
#2041=VERTEX_POINT('',#4805);
#2042=VERTEX_POINT('',#4807);
#2043=VERTEX_POINT('',#4809);
#2044=VERTEX_POINT('',#4813);
#2045=VERTEX_POINT('',#4821);
#2046=VERTEX_POINT('',#4823);
#2047=VERTEX_POINT('',#4827);
#2048=VERTEX_POINT('',#4829);
#2049=VERTEX_POINT('',#4841);
#2050=VERTEX_POINT('',#4842);
#2051=VERTEX_POINT('',#4847);
#2052=VERTEX_POINT('',#4852);
#2053=VERTEX_POINT('',#4862);
#2054=VERTEX_POINT('',#4867);
#2055=VERTEX_POINT('',#4879);
#2056=VERTEX_POINT('',#4886);
#2057=VERTEX_POINT('',#4894);
#2058=VERTEX_POINT('',#4899);
#2059=VERTEX_POINT('',#4912);
#2060=VERTEX_POINT('',#4917);
#2061=VERTEX_POINT('',#4927);
#2062=VERTEX_POINT('',#4932);
#2063=VERTEX_POINT('',#4942);
#2064=VERTEX_POINT('',#4947);
#2065=VERTEX_POINT('',#4957);
#2066=VERTEX_POINT('',#4962);
#2067=VERTEX_POINT('',#4972);
#2068=VERTEX_POINT('',#4977);
#2069=VERTEX_POINT('',#4987);
#2070=VERTEX_POINT('',#4992);
#2071=VERTEX_POINT('',#5002);
#2072=VERTEX_POINT('',#5007);
#2073=VERTEX_POINT('',#5017);
#2074=VERTEX_POINT('',#5022);
#2075=VERTEX_POINT('',#5032);
#2076=VERTEX_POINT('',#5037);
#2077=VERTEX_POINT('',#5047);
#2078=VERTEX_POINT('',#5052);
#2079=VERTEX_POINT('',#5059);
#2080=VERTEX_POINT('',#5061);
#2081=VERTEX_POINT('',#5066);
#2082=VERTEX_POINT('',#5073);
#2083=VERTEX_POINT('',#5078);
#2084=VERTEX_POINT('',#5091);
#2085=VERTEX_POINT('',#5099);
#2086=VERTEX_POINT('',#5115);
#2087=VERTEX_POINT('',#5120);
#2088=VERTEX_POINT('',#5130);
#2089=VERTEX_POINT('',#5135);
#2090=VERTEX_POINT('',#5145);
#2091=VERTEX_POINT('',#5150);
#2092=VERTEX_POINT('',#5160);
#2093=VERTEX_POINT('',#5165);
#2094=VERTEX_POINT('',#5175);
#2095=VERTEX_POINT('',#5180);
#2096=VERTEX_POINT('',#5190);
#2097=VERTEX_POINT('',#5195);
#2098=VERTEX_POINT('',#5202);
#2099=VERTEX_POINT('',#5204);
#2100=VERTEX_POINT('',#5214);
#2101=VERTEX_POINT('',#5219);
#2102=VERTEX_POINT('',#5229);
#2103=VERTEX_POINT('',#5234);
#2104=VERTEX_POINT('',#5244);
#2105=VERTEX_POINT('',#5249);
#2106=VERTEX_POINT('',#5259);
#2107=VERTEX_POINT('',#5264);
#2108=VERTEX_POINT('',#5274);
#2109=VERTEX_POINT('',#5279);
#2110=VERTEX_POINT('',#5289);
#2111=VERTEX_POINT('',#5294);
#2112=VERTEX_POINT('',#5304);
#2113=VERTEX_POINT('',#5309);
#2114=VERTEX_POINT('',#5317);
#2115=VERTEX_POINT('',#5327);
#2116=VERTEX_POINT('',#5332);
#2117=VERTEX_POINT('',#5342);
#2118=VERTEX_POINT('',#5347);
#2119=VERTEX_POINT('',#5365);
#2120=VERTEX_POINT('',#5366);
#2121=VERTEX_POINT('',#5368);
#2122=VERTEX_POINT('',#5370);
#2123=VERTEX_POINT('',#5374);
#2124=VERTEX_POINT('',#5375);
#2125=VERTEX_POINT('',#5377);
#2126=VERTEX_POINT('',#5379);
#2127=VERTEX_POINT('',#5383);
#2128=VERTEX_POINT('',#5384);
#2129=VERTEX_POINT('',#5386);
#2130=VERTEX_POINT('',#5388);
#2131=VERTEX_POINT('',#5392);
#2132=VERTEX_POINT('',#5393);
#2133=VERTEX_POINT('',#5395);
#2134=VERTEX_POINT('',#5397);
#2135=VERTEX_POINT('',#5401);
#2136=VERTEX_POINT('',#5403);
#2137=VERTEX_POINT('',#5410);
#2138=VERTEX_POINT('',#5412);
#2139=VERTEX_POINT('',#5422);
#2140=VERTEX_POINT('',#5424);
#2141=VERTEX_POINT('',#5428);
#2142=VERTEX_POINT('',#5430);
#2143=VERTEX_POINT('',#5434);
#2144=VERTEX_POINT('',#5435);
#2145=VERTEX_POINT('',#5437);
#2146=VERTEX_POINT('',#5439);
#2147=VERTEX_POINT('',#5443);
#2148=VERTEX_POINT('',#5444);
#2149=VERTEX_POINT('',#5446);
#2150=VERTEX_POINT('',#5448);
#2151=VERTEX_POINT('',#5452);
#2152=VERTEX_POINT('',#5453);
#2153=VERTEX_POINT('',#5455);
#2154=VERTEX_POINT('',#5457);
#2155=VERTEX_POINT('',#5461);
#2156=VERTEX_POINT('',#5462);
#2157=VERTEX_POINT('',#5464);
#2158=VERTEX_POINT('',#5466);
#2159=VERTEX_POINT('',#5471);
#2160=VERTEX_POINT('',#5475);
#2161=VERTEX_POINT('',#5478);
#2162=VERTEX_POINT('',#5480);
#2163=VERTEX_POINT('',#5484);
#2164=VERTEX_POINT('',#5487);
#2165=VERTEX_POINT('',#5489);
#2166=VERTEX_POINT('',#5492);
#2167=EDGE_CURVE('',#1870,#1871,#2621,.T.);
#2168=EDGE_CURVE('',#1871,#1872,#2622,.T.);
#2169=EDGE_CURVE('',#1872,#1873,#2623,.T.);
#2170=EDGE_CURVE('',#1873,#1870,#2624,.T.);
#2171=EDGE_CURVE('',#1874,#1875,#2625,.T.);
#2172=EDGE_CURVE('',#1874,#1876,#379,.T.);
#2173=EDGE_CURVE('',#1876,#1877,#2626,.T.);
#2174=EDGE_CURVE('',#1877,#1878,#380,.T.);
#2175=EDGE_CURVE('',#1878,#1879,#2627,.T.);
#2176=EDGE_CURVE('',#1879,#1880,#381,.T.);
#2177=EDGE_CURVE('',#1880,#1881,#2628,.T.);
#2178=EDGE_CURVE('',#1881,#1875,#382,.T.);
#2179=EDGE_CURVE('',#1882,#1883,#2629,.T.);
#2180=EDGE_CURVE('',#1883,#1884,#2630,.T.);
#2181=EDGE_CURVE('',#1884,#1885,#2631,.T.);
#2182=EDGE_CURVE('',#1885,#1882,#2632,.T.);
#2183=EDGE_CURVE('',#1886,#1887,#2633,.T.);
#2184=EDGE_CURVE('',#1887,#1888,#2634,.T.);
#2185=EDGE_CURVE('',#1888,#1889,#2635,.T.);
#2186=EDGE_CURVE('',#1889,#1886,#2636,.T.);
#2187=EDGE_CURVE('',#1890,#1891,#2637,.T.);
#2188=EDGE_CURVE('',#1891,#1892,#335,.T.);
#2189=EDGE_CURVE('',#1892,#1879,#2638,.T.);
#2190=EDGE_CURVE('',#1878,#1893,#2639,.T.);
#2191=EDGE_CURVE('',#1893,#1890,#336,.T.);
#2192=EDGE_CURVE('',#1875,#1894,#2640,.T.);
#2193=EDGE_CURVE('',#1894,#1895,#337,.T.);
#2194=EDGE_CURVE('',#1895,#1896,#2641,.T.);
#2195=EDGE_CURVE('',#1896,#1897,#338,.T.);
#2196=EDGE_CURVE('',#1897,#1874,#2642,.T.);
#2197=EDGE_CURVE('',#1870,#1893,#383,.T.);
#2198=EDGE_CURVE('',#1871,#1877,#384,.T.);
#2199=EDGE_CURVE('',#1873,#1898,#385,.T.);
#2200=EDGE_CURVE('',#1898,#1887,#339,.T.);
#2201=EDGE_CURVE('',#1886,#1899,#340,.T.);
#2202=EDGE_CURVE('',#1899,#1870,#386,.T.);
#2203=EDGE_CURVE('',#1872,#1876,#387,.T.);
#2204=EDGE_CURVE('',#1897,#1873,#388,.T.);
#2205=EDGE_CURVE('',#1882,#1894,#389,.T.);
#2206=EDGE_CURVE('',#1883,#1881,#390,.T.);
#2207=EDGE_CURVE('',#1884,#1880,#391,.T.);
#2208=EDGE_CURVE('',#1888,#1900,#341,.T.);
#2209=EDGE_CURVE('',#1900,#1882,#392,.T.);
#2210=EDGE_CURVE('',#1885,#1901,#393,.T.);
#2211=EDGE_CURVE('',#1901,#1889,#342,.T.);
#2212=EDGE_CURVE('',#1892,#1885,#394,.T.);
#2213=EDGE_CURVE('',#1898,#1897,#343,.T.);
#2214=EDGE_CURVE('',#1887,#1896,#344,.T.);
#2215=EDGE_CURVE('',#1888,#1895,#345,.T.);
#2216=EDGE_CURVE('',#1900,#1894,#346,.T.);
#2217=EDGE_CURVE('',#1893,#1899,#347,.T.);
#2218=EDGE_CURVE('',#1890,#1886,#348,.T.);
#2219=EDGE_CURVE('',#1891,#1889,#349,.T.);
#2220=EDGE_CURVE('',#1892,#1901,#350,.T.);
#2221=EDGE_CURVE('',#1902,#1903,#2643,.T.);
#2222=EDGE_CURVE('',#1904,#1902,#2644,.T.);
#2223=EDGE_CURVE('',#1905,#1904,#2645,.T.);
#2224=EDGE_CURVE('',#1903,#1905,#2646,.T.);
#2225=EDGE_CURVE('',#1906,#1903,#351,.T.);
#2226=EDGE_CURVE('',#1907,#1905,#352,.T.);
#2227=EDGE_CURVE('',#1906,#1907,#2647,.T.);
#2228=EDGE_CURVE('',#1908,#1906,#2648,.T.);
#2229=EDGE_CURVE('',#1909,#1907,#2649,.T.);
#2230=EDGE_CURVE('',#1908,#1909,#2650,.T.);
#2231=EDGE_CURVE('',#1909,#1904,#2651,.T.);
#2232=EDGE_CURVE('',#1910,#1911,#2652,.T.);
#2233=EDGE_CURVE('',#1912,#1910,#2653,.T.);
#2234=EDGE_CURVE('',#1913,#1912,#2654,.T.);
#2235=EDGE_CURVE('',#1911,#1913,#2655,.T.);
#2236=EDGE_CURVE('',#1914,#1915,#2656,.T.);
#2237=EDGE_CURVE('',#1916,#1915,#2657,.T.);
#2238=EDGE_CURVE('',#1917,#1916,#2658,.T.);
#2239=EDGE_CURVE('',#1914,#1917,#107,.T.);
#2240=EDGE_CURVE('',#1913,#1916,#2659,.T.);
#2241=EDGE_CURVE('',#1917,#1912,#2660,.T.);
#2242=EDGE_CURVE('',#1918,#1919,#2661,.T.);
#2243=EDGE_CURVE('',#1920,#1918,#2662,.T.);
#2244=EDGE_CURVE('',#1921,#1920,#2663,.T.);
#2245=EDGE_CURVE('',#1919,#1921,#2664,.T.);
#2246=EDGE_CURVE('',#1922,#1919,#353,.T.);
#2247=EDGE_CURVE('',#1923,#1921,#354,.T.);
#2248=EDGE_CURVE('',#1922,#1923,#2665,.T.);
#2249=EDGE_CURVE('',#1924,#1922,#2666,.T.);
#2250=EDGE_CURVE('',#1925,#1923,#2667,.T.);
#2251=EDGE_CURVE('',#1924,#1925,#2668,.T.);
#2252=EDGE_CURVE('',#1925,#1920,#355,.T.);
#2253=EDGE_CURVE('',#1926,#1918,#73,.T.);
#2254=EDGE_CURVE('',#1926,#1927,#108,.T.);
#2255=EDGE_CURVE('',#1928,#1927,#74,.T.);
#2256=EDGE_CURVE('',#1929,#1928,#109,.T.);
#2257=EDGE_CURVE('',#1924,#1929,#75,.T.);
#2258=EDGE_CURVE('',#1930,#1931,#2669,.T.);
#2259=EDGE_CURVE('',#1932,#1931,#2670,.T.);
#2260=EDGE_CURVE('',#1933,#1932,#2671,.T.);
#2261=EDGE_CURVE('',#1930,#1933,#2672,.T.);
#2262=EDGE_CURVE('',#1934,#1935,#2673,.T.);
#2263=EDGE_CURVE('',#1936,#1935,#2674,.T.);
#2264=EDGE_CURVE('',#1937,#1936,#2675,.T.);
#2265=EDGE_CURVE('',#1934,#1937,#2676,.T.);
#2266=EDGE_CURVE('',#1933,#1936,#2677,.T.);
#2267=EDGE_CURVE('',#1937,#1932,#2678,.T.);
#2268=EDGE_CURVE('',#1938,#1939,#2679,.T.);
#2269=EDGE_CURVE('',#1940,#1938,#2680,.T.);
#2270=EDGE_CURVE('',#1941,#1940,#2681,.T.);
#2271=EDGE_CURVE('',#1939,#1941,#2682,.T.);
#2272=EDGE_CURVE('',#1942,#1943,#2683,.T.);
#2273=EDGE_CURVE('',#1944,#1943,#2684,.T.);
#2274=EDGE_CURVE('',#1945,#1944,#2685,.T.);
#2275=EDGE_CURVE('',#1942,#1945,#2686,.T.);
#2276=EDGE_CURVE('',#1945,#1946,#356,.T.);
#2277=EDGE_CURVE('',#1941,#1944,#2687,.T.);
#2278=EDGE_CURVE('',#1946,#1940,#357,.T.);
#2279=EDGE_CURVE('',#1947,#1948,#2688,.T.);
#2280=EDGE_CURVE('',#1947,#1949,#2689,.T.);
#2281=EDGE_CURVE('',#1950,#1949,#2690,.T.);
#2282=EDGE_CURVE('',#1948,#1950,#2691,.T.);
#2283=EDGE_CURVE('',#1951,#1952,#2692,.T.);
#2284=EDGE_CURVE('',#1951,#1953,#2693,.T.);
#2285=EDGE_CURVE('',#1954,#1953,#2694,.T.);
#2286=EDGE_CURVE('',#1952,#1954,#110,.T.);
#2287=EDGE_CURVE('',#1954,#1949,#358,.T.);
#2288=EDGE_CURVE('',#1950,#1953,#2695,.T.);
#2289=EDGE_CURVE('',#1955,#1956,#2696,.T.);
#2290=EDGE_CURVE('',#1957,#1955,#2697,.T.);
#2291=EDGE_CURVE('',#1958,#1957,#2698,.T.);
#2292=EDGE_CURVE('',#1956,#1958,#111,.T.);
#2293=EDGE_CURVE('',#1959,#1960,#2699,.T.);
#2294=EDGE_CURVE('',#1961,#1960,#112,.T.);
#2295=EDGE_CURVE('',#1962,#1961,#2700,.T.);
#2296=EDGE_CURVE('',#1959,#1962,#2701,.T.);
#2297=EDGE_CURVE('',#1958,#1961,#359,.T.);
#2298=EDGE_CURVE('',#1962,#1957,#2702,.T.);
#2299=EDGE_CURVE('',#1963,#1955,#2703,.T.);
#2300=EDGE_CURVE('',#1963,#1964,#2704,.T.);
#2301=EDGE_CURVE('',#1965,#1964,#2705,.T.);
#2302=EDGE_CURVE('',#1966,#1965,#2706,.T.);
#2303=EDGE_CURVE('',#1959,#1966,#2707,.T.);
#2304=EDGE_CURVE('',#1967,#1968,#77,.T.);
#2305=EDGE_CURVE('',#1968,#1969,#2708,.T.);
#2306=EDGE_CURVE('',#1970,#1969,#78,.T.);
#2307=EDGE_CURVE('',#1967,#1970,#2709,.T.);
#2308=EDGE_CURVE('',#1971,#1967,#2710,.T.);
#2309=EDGE_CURVE('',#1972,#1970,#2711,.T.);
#2310=EDGE_CURVE('',#1971,#1972,#2712,.T.);
#2311=EDGE_CURVE('',#1973,#1971,#2713,.T.);
#2312=EDGE_CURVE('',#1974,#1972,#2714,.T.);
#2313=EDGE_CURVE('',#1973,#1974,#2715,.T.);
#2314=EDGE_CURVE('',#1975,#1973,#2716,.T.);
#2315=EDGE_CURVE('',#1976,#1974,#2717,.T.);
#2316=EDGE_CURVE('',#1975,#1976,#2718,.T.);
#2317=EDGE_CURVE('',#1968,#1975,#80,.T.);
#2318=EDGE_CURVE('',#1969,#1976,#81,.T.);
#2319=EDGE_CURVE('',#1966,#1977,#2719,.T.);
#2320=EDGE_CURVE('',#1978,#1965,#2720,.T.);
#2321=EDGE_CURVE('',#1977,#1978,#2721,.T.);
#2322=EDGE_CURVE('',#1977,#1979,#2722,.T.);
#2323=EDGE_CURVE('',#1980,#1978,#2723,.T.);
#2324=EDGE_CURVE('',#1979,#1980,#2724,.T.);
#2325=EDGE_CURVE('',#1979,#1938,#83,.T.);
#2326=EDGE_CURVE('',#1981,#1980,#84,.T.);
#2327=EDGE_CURVE('',#1946,#1981,#2725,.T.);
#2328=EDGE_CURVE('',#1982,#1981,#86,.T.);
#2329=EDGE_CURVE('',#1983,#1982,#2726,.T.);
#2330=EDGE_CURVE('',#1942,#1983,#87,.T.);
#2331=EDGE_CURVE('',#1983,#1984,#2727,.T.);
#2332=EDGE_CURVE('',#1985,#1982,#2728,.T.);
#2333=EDGE_CURVE('',#1984,#1985,#2729,.T.);
#2334=EDGE_CURVE('',#1984,#1963,#2730,.T.);
#2335=EDGE_CURVE('',#1964,#1985,#2731,.T.);
#2336=EDGE_CURVE('',#1986,#1987,#2732,.T.);
#2337=EDGE_CURVE('',#1986,#1988,#2733,.T.);
#2338=EDGE_CURVE('',#1989,#1988,#2734,.T.);
#2339=EDGE_CURVE('',#1987,#1989,#2735,.T.);
#2340=EDGE_CURVE('',#1990,#1991,#2736,.T.);
#2341=EDGE_CURVE('',#1992,#1990,#2737,.T.);
#2342=EDGE_CURVE('',#1993,#1992,#2738,.T.);
#2343=EDGE_CURVE('',#1991,#1993,#113,.T.);
#2344=EDGE_CURVE('',#1986,#1994,#2739,.T.);
#2345=EDGE_CURVE('',#1995,#1994,#2740,.T.);
#2346=EDGE_CURVE('',#1988,#1995,#2741,.T.);
#2347=EDGE_CURVE('',#1996,#1995,#114,.T.);
#2348=EDGE_CURVE('',#1993,#1996,#360,.T.);
#2349=EDGE_CURVE('',#1989,#1992,#2742,.T.);
#2350=EDGE_CURVE('',#1997,#1998,#2743,.T.);
#2351=EDGE_CURVE('',#1997,#1999,#2744,.T.);
#2352=EDGE_CURVE('',#2000,#1999,#2745,.T.);
#2353=EDGE_CURVE('',#1998,#2000,#2746,.T.);
#2354=EDGE_CURVE('',#1998,#1935,#2747,.T.);
#2355=EDGE_CURVE('',#2001,#2000,#2748,.T.);
#2356=EDGE_CURVE('',#2002,#2001,#115,.T.);
#2357=EDGE_CURVE('',#1930,#2002,#2749,.T.);
#2358=EDGE_CURVE('',#2002,#2003,#116,.T.);
#2359=EDGE_CURVE('',#2004,#2001,#117,.T.);
#2360=EDGE_CURVE('',#2003,#2004,#118,.T.);
#2361=EDGE_CURVE('',#2003,#2005,#119,.T.);
#2362=EDGE_CURVE('',#2006,#2004,#120,.T.);
#2363=EDGE_CURVE('',#2005,#2006,#2750,.T.);
#2364=EDGE_CURVE('',#2005,#1990,#2751,.T.);
#2365=EDGE_CURVE('',#2007,#2006,#2752,.T.);
#2366=EDGE_CURVE('',#1949,#2007,#122,.T.);
#2367=EDGE_CURVE('',#1987,#1947,#2753,.T.);
#2368=EDGE_CURVE('',#2008,#2007,#123,.T.);
#2369=EDGE_CURVE('',#2009,#2008,#124,.T.);
#2370=EDGE_CURVE('',#1952,#2009,#125,.T.);
#2371=EDGE_CURVE('',#2009,#2010,#126,.T.);
#2372=EDGE_CURVE('',#2011,#2008,#127,.T.);
#2373=EDGE_CURVE('',#2010,#2011,#2754,.T.);
#2374=EDGE_CURVE('',#2010,#2012,#2755,.T.);
#2375=EDGE_CURVE('',#2013,#2011,#2756,.T.);
#2376=EDGE_CURVE('',#2012,#2013,#2757,.T.);
#2377=EDGE_CURVE('',#2012,#1915,#2758,.T.);
#2378=EDGE_CURVE('',#1999,#2013,#2759,.T.);
#2379=EDGE_CURVE('',#1911,#1997,#2760,.T.);
#2380=EDGE_CURVE('',#1996,#2014,#2761,.T.);
#2381=EDGE_CURVE('',#2015,#2014,#129,.T.);
#2382=EDGE_CURVE('',#2016,#2015,#130,.T.);
#2383=EDGE_CURVE('',#1991,#2016,#131,.T.);
#2384=EDGE_CURVE('',#1929,#1960,#132,.T.);
#2385=EDGE_CURVE('',#2017,#1928,#133,.T.);
#2386=EDGE_CURVE('',#2018,#2017,#134,.T.);
#2387=EDGE_CURVE('',#1956,#2018,#135,.T.);
#2388=EDGE_CURVE('',#2018,#1994,#89,.T.);
#2389=EDGE_CURVE('',#2014,#2017,#90,.T.);
#2390=EDGE_CURVE('',#2016,#2019,#136,.T.);
#2391=EDGE_CURVE('',#2020,#2015,#137,.T.);
#2392=EDGE_CURVE('',#2019,#2020,#138,.T.);
#2393=EDGE_CURVE('',#2019,#2021,#92,.T.);
#2394=EDGE_CURVE('',#2022,#2020,#93,.T.);
#2395=EDGE_CURVE('',#2021,#2022,#2762,.T.);
#2396=EDGE_CURVE('',#2021,#2023,#95,.T.);
#2397=EDGE_CURVE('',#2024,#2022,#96,.T.);
#2398=EDGE_CURVE('',#2023,#2024,#139,.T.);
#2399=EDGE_CURVE('',#2023,#2025,#140,.T.);
#2400=EDGE_CURVE('',#2026,#2024,#141,.T.);
#2401=EDGE_CURVE('',#2025,#2026,#142,.T.);
#2402=EDGE_CURVE('',#2025,#2027,#143,.T.);
#2403=EDGE_CURVE('',#2028,#2026,#144,.T.);
#2404=EDGE_CURVE('',#2027,#2028,#145,.T.);
#2405=EDGE_CURVE('',#2027,#1926,#146,.T.);
#2406=EDGE_CURVE('',#1927,#2028,#147,.T.);
#2407=EDGE_CURVE('',#2029,#2030,#2763,.T.);
#2408=EDGE_CURVE('',#2031,#2029,#2764,.T.);
#2409=EDGE_CURVE('',#2032,#2031,#2765,.T.);
#2410=EDGE_CURVE('',#2030,#2032,#2766,.T.);
#2411=EDGE_CURVE('',#2030,#2033,#361,.T.);
#2412=EDGE_CURVE('',#2034,#2032,#362,.T.);
#2413=EDGE_CURVE('',#2033,#2034,#2767,.T.);
#2414=EDGE_CURVE('',#2035,#2033,#2768,.T.);
#2415=EDGE_CURVE('',#2036,#2034,#2769,.T.);
#2416=EDGE_CURVE('',#2035,#2036,#2770,.T.);
#2417=EDGE_CURVE('',#2036,#2031,#2771,.T.);
#2418=EDGE_CURVE('',#2037,#2029,#2772,.T.);
#2419=EDGE_CURVE('',#2037,#2038,#2773,.T.);
#2420=EDGE_CURVE('',#2039,#2038,#2774,.T.);
#2421=EDGE_CURVE('',#2040,#2039,#2775,.T.);
#2422=EDGE_CURVE('',#2035,#2040,#2776,.T.);
#2423=EDGE_CURVE('',#2041,#1951,#2777,.T.);
#2424=EDGE_CURVE('',#2041,#2042,#2778,.T.);
#2425=EDGE_CURVE('',#2043,#2042,#2779,.T.);
#2426=EDGE_CURVE('',#1953,#2043,#2780,.T.);
#2427=EDGE_CURVE('',#2044,#2043,#2781,.T.);
#2428=EDGE_CURVE('',#1950,#2044,#2782,.T.);
#2429=EDGE_CURVE('',#1948,#1943,#2783,.T.);
#2430=EDGE_CURVE('',#2038,#2044,#2784,.T.);
#2431=EDGE_CURVE('',#1939,#2037,#2785,.T.);
#2432=EDGE_CURVE('',#2040,#2045,#2786,.T.);
#2433=EDGE_CURVE('',#2046,#2039,#2787,.T.);
#2434=EDGE_CURVE('',#2045,#2046,#2788,.T.);
#2435=EDGE_CURVE('',#2045,#2047,#2789,.T.);
#2436=EDGE_CURVE('',#2048,#2046,#2790,.T.);
#2437=EDGE_CURVE('',#2047,#2048,#2791,.T.);
#2438=EDGE_CURVE('',#2047,#1902,#2792,.T.);
#2439=EDGE_CURVE('',#2042,#2048,#2793,.T.);
#2440=EDGE_CURVE('',#1908,#2041,#2794,.T.);
#2441=EDGE_CURVE('',#2049,#2050,#148,.T.);
#2442=EDGE_CURVE('',#2049,#2051,#149,.T.);
#2443=EDGE_CURVE('',#2052,#2051,#150,.T.);
#2444=EDGE_CURVE('',#2050,#2052,#151,.T.);
#2445=EDGE_CURVE('',#2050,#2053,#152,.T.);
#2446=EDGE_CURVE('',#2054,#2052,#153,.T.);
#2447=EDGE_CURVE('',#2053,#2054,#154,.T.);
#2448=EDGE_CURVE('',#2053,#2055,#155,.T.);
#2449=EDGE_CURVE('',#2056,#2054,#156,.T.);
#2450=EDGE_CURVE('',#2055,#2056,#157,.T.);
#2451=EDGE_CURVE('',#2055,#2057,#98,.T.);
#2452=EDGE_CURVE('',#2058,#2056,#99,.T.);
#2453=EDGE_CURVE('',#2057,#2058,#158,.T.);
#2454=EDGE_CURVE('',#2057,#2059,#159,.T.);
#2455=EDGE_CURVE('',#2060,#2058,#160,.T.);
#2456=EDGE_CURVE('',#2059,#2060,#161,.T.);
#2457=EDGE_CURVE('',#2059,#2061,#162,.T.);
#2458=EDGE_CURVE('',#2062,#2060,#163,.T.);
#2459=EDGE_CURVE('',#2061,#2062,#164,.T.);
#2460=EDGE_CURVE('',#2061,#2063,#165,.T.);
#2461=EDGE_CURVE('',#2064,#2062,#166,.T.);
#2462=EDGE_CURVE('',#2063,#2064,#167,.T.);
#2463=EDGE_CURVE('',#2065,#2063,#168,.T.);
#2464=EDGE_CURVE('',#2066,#2064,#169,.T.);
#2465=EDGE_CURVE('',#2065,#2066,#170,.T.);
#2466=EDGE_CURVE('',#2067,#2065,#171,.T.);
#2467=EDGE_CURVE('',#2068,#2066,#172,.T.);
#2468=EDGE_CURVE('',#2067,#2068,#173,.T.);
#2469=EDGE_CURVE('',#2069,#2067,#174,.T.);
#2470=EDGE_CURVE('',#2070,#2068,#175,.T.);
#2471=EDGE_CURVE('',#2069,#2070,#176,.T.);
#2472=EDGE_CURVE('',#2071,#2069,#177,.T.);
#2473=EDGE_CURVE('',#2072,#2070,#178,.T.);
#2474=EDGE_CURVE('',#2071,#2072,#179,.T.);
#2475=EDGE_CURVE('',#2073,#2071,#180,.T.);
#2476=EDGE_CURVE('',#2074,#2072,#181,.T.);
#2477=EDGE_CURVE('',#2073,#2074,#182,.T.);
#2478=EDGE_CURVE('',#2075,#2073,#183,.T.);
#2479=EDGE_CURVE('',#2076,#2074,#184,.T.);
#2480=EDGE_CURVE('',#2075,#2076,#185,.T.);
#2481=EDGE_CURVE('',#2077,#2075,#186,.T.);
#2482=EDGE_CURVE('',#2078,#2076,#187,.T.);
#2483=EDGE_CURVE('',#2077,#2078,#188,.T.);
#2484=EDGE_CURVE('',#2077,#2079,#2795,.T.);
#2485=EDGE_CURVE('',#2080,#2078,#2796,.T.);
#2486=EDGE_CURVE('',#2079,#2080,#2797,.T.);
#2487=EDGE_CURVE('',#1931,#2079,#2798,.T.);
#2488=EDGE_CURVE('',#2081,#2080,#2799,.T.);
#2489=EDGE_CURVE('',#1937,#2081,#2800,.T.);
#2490=EDGE_CURVE('',#2082,#1934,#101,.T.);
#2491=EDGE_CURVE('',#2083,#2081,#102,.T.);
#2492=EDGE_CURVE('',#2082,#2083,#2801,.T.);
#2493=EDGE_CURVE('',#2084,#2082,#104,.T.);
#2494=EDGE_CURVE('',#2085,#2083,#105,.T.);
#2495=EDGE_CURVE('',#2084,#2085,#189,.T.);
#2496=EDGE_CURVE('',#2086,#2084,#190,.T.);
#2497=EDGE_CURVE('',#2087,#2085,#191,.T.);
#2498=EDGE_CURVE('',#2086,#2087,#192,.T.);
#2499=EDGE_CURVE('',#2088,#2086,#193,.T.);
#2500=EDGE_CURVE('',#2089,#2087,#194,.T.);
#2501=EDGE_CURVE('',#2088,#2089,#195,.T.);
#2502=EDGE_CURVE('',#2090,#2088,#196,.T.);
#2503=EDGE_CURVE('',#2091,#2089,#197,.T.);
#2504=EDGE_CURVE('',#2090,#2091,#198,.T.);
#2505=EDGE_CURVE('',#2092,#2090,#199,.T.);
#2506=EDGE_CURVE('',#2093,#2091,#200,.T.);
#2507=EDGE_CURVE('',#2092,#2093,#201,.T.);
#2508=EDGE_CURVE('',#2094,#2092,#202,.T.);
#2509=EDGE_CURVE('',#2095,#2093,#203,.T.);
#2510=EDGE_CURVE('',#2094,#2095,#204,.T.);
#2511=EDGE_CURVE('',#2096,#2094,#205,.T.);
#2512=EDGE_CURVE('',#2097,#2095,#206,.T.);
#2513=EDGE_CURVE('',#2096,#2097,#207,.T.);
#2514=EDGE_CURVE('',#2098,#2096,#2802,.T.);
#2515=EDGE_CURVE('',#2099,#2097,#2803,.T.);
#2516=EDGE_CURVE('',#2098,#2099,#208,.T.);
#2517=EDGE_CURVE('',#2100,#2098,#209,.T.);
#2518=EDGE_CURVE('',#2101,#2099,#210,.T.);
#2519=EDGE_CURVE('',#2100,#2101,#211,.T.);
#2520=EDGE_CURVE('',#2102,#2100,#212,.T.);
#2521=EDGE_CURVE('',#2103,#2101,#213,.T.);
#2522=EDGE_CURVE('',#2102,#2103,#214,.T.);
#2523=EDGE_CURVE('',#2104,#2102,#215,.T.);
#2524=EDGE_CURVE('',#2105,#2103,#216,.T.);
#2525=EDGE_CURVE('',#2104,#2105,#217,.T.);
#2526=EDGE_CURVE('',#2106,#2104,#218,.T.);
#2527=EDGE_CURVE('',#2107,#2105,#219,.T.);
#2528=EDGE_CURVE('',#2106,#2107,#220,.T.);
#2529=EDGE_CURVE('',#2108,#2106,#221,.T.);
#2530=EDGE_CURVE('',#2109,#2107,#222,.T.);
#2531=EDGE_CURVE('',#2108,#2109,#223,.T.);
#2532=EDGE_CURVE('',#2110,#2108,#224,.T.);
#2533=EDGE_CURVE('',#2111,#2109,#225,.T.);
#2534=EDGE_CURVE('',#2110,#2111,#226,.T.);
#2535=EDGE_CURVE('',#2112,#2110,#227,.T.);
#2536=EDGE_CURVE('',#2113,#2111,#228,.T.);
#2537=EDGE_CURVE('',#2112,#2113,#229,.T.);
#2538=EDGE_CURVE('',#1910,#2112,#2804,.T.);
#2539=EDGE_CURVE('',#2114,#2113,#2805,.T.);
#2540=EDGE_CURVE('',#1917,#2114,#230,.T.);
#2541=EDGE_CURVE('',#2115,#1914,#231,.T.);
#2542=EDGE_CURVE('',#2116,#2114,#232,.T.);
#2543=EDGE_CURVE('',#2115,#2116,#233,.T.);
#2544=EDGE_CURVE('',#2117,#2115,#234,.T.);
#2545=EDGE_CURVE('',#2118,#2116,#235,.T.);
#2546=EDGE_CURVE('',#2117,#2118,#236,.T.);
#2547=EDGE_CURVE('',#2049,#2117,#237,.T.);
#2548=EDGE_CURVE('',#2051,#2118,#238,.T.);
#2549=EDGE_CURVE('',#2119,#2120,#363,.T.);
#2550=EDGE_CURVE('',#2121,#2119,#2806,.T.);
#2551=EDGE_CURVE('',#2122,#2121,#364,.T.);
#2552=EDGE_CURVE('',#2120,#2122,#2807,.T.);
#2553=EDGE_CURVE('',#2123,#2124,#365,.T.);
#2554=EDGE_CURVE('',#2125,#2123,#2808,.T.);
#2555=EDGE_CURVE('',#2126,#2125,#366,.T.);
#2556=EDGE_CURVE('',#2124,#2126,#2809,.T.);
#2557=EDGE_CURVE('',#2127,#2128,#367,.T.);
#2558=EDGE_CURVE('',#2129,#2127,#2810,.T.);
#2559=EDGE_CURVE('',#2130,#2129,#368,.T.);
#2560=EDGE_CURVE('',#2128,#2130,#2811,.T.);
#2561=EDGE_CURVE('',#2131,#2132,#369,.T.);
#2562=EDGE_CURVE('',#2133,#2131,#2812,.T.);
#2563=EDGE_CURVE('',#2134,#2133,#370,.T.);
#2564=EDGE_CURVE('',#2132,#2134,#2813,.T.);
#2565=EDGE_CURVE('',#2129,#2135,#2814,.T.);
#2566=EDGE_CURVE('',#2127,#2136,#2815,.T.);
#2567=EDGE_CURVE('',#2136,#2135,#2816,.T.);
#2568=EDGE_CURVE('',#2133,#2130,#2817,.T.);
#2569=EDGE_CURVE('',#2131,#2128,#2818,.T.);
#2570=EDGE_CURVE('',#2137,#2132,#2819,.T.);
#2571=EDGE_CURVE('',#2138,#2134,#2820,.T.);
#2572=EDGE_CURVE('',#2137,#2138,#2821,.T.);
#2573=EDGE_CURVE('',#2121,#2138,#2822,.T.);
#2574=EDGE_CURVE('',#2119,#2137,#2823,.T.);
#2575=EDGE_CURVE('',#2125,#2122,#2824,.T.);
#2576=EDGE_CURVE('',#2123,#2120,#2825,.T.);
#2577=EDGE_CURVE('',#2139,#2124,#2826,.T.);
#2578=EDGE_CURVE('',#2140,#2126,#2827,.T.);
#2579=EDGE_CURVE('',#2139,#2140,#2828,.T.);
#2580=EDGE_CURVE('',#2135,#2141,#2829,.T.);
#2581=EDGE_CURVE('',#2136,#2142,#2830,.T.);
#2582=EDGE_CURVE('',#2142,#2141,#2831,.T.);
#2583=EDGE_CURVE('',#2143,#2144,#371,.T.);
#2584=EDGE_CURVE('',#2144,#2145,#2832,.T.);
#2585=EDGE_CURVE('',#2145,#2146,#372,.T.);
#2586=EDGE_CURVE('',#2146,#2143,#2833,.T.);
#2587=EDGE_CURVE('',#2147,#2148,#373,.T.);
#2588=EDGE_CURVE('',#2148,#2149,#2834,.T.);
#2589=EDGE_CURVE('',#2149,#2150,#374,.T.);
#2590=EDGE_CURVE('',#2150,#2147,#2835,.T.);
#2591=EDGE_CURVE('',#2151,#2152,#375,.T.);
#2592=EDGE_CURVE('',#2152,#2153,#2836,.T.);
#2593=EDGE_CURVE('',#2153,#2154,#376,.T.);
#2594=EDGE_CURVE('',#2154,#2151,#2837,.T.);
#2595=EDGE_CURVE('',#2155,#2156,#377,.T.);
#2596=EDGE_CURVE('',#2156,#2157,#2838,.T.);
#2597=EDGE_CURVE('',#2157,#2158,#378,.T.);
#2598=EDGE_CURVE('',#2158,#2155,#2839,.T.);
#2599=EDGE_CURVE('',#2158,#2153,#2840,.T.);
#2600=EDGE_CURVE('',#2159,#2157,#2841,.T.);
#2601=EDGE_CURVE('',#2146,#2159,#2842,.T.);
#2602=EDGE_CURVE('',#2150,#2145,#2843,.T.);
#2603=EDGE_CURVE('',#2160,#2149,#2844,.T.);
#2604=EDGE_CURVE('',#2160,#2140,#2845,.T.);
#2605=EDGE_CURVE('',#2141,#2161,#2846,.T.);
#2606=EDGE_CURVE('',#2162,#2161,#2847,.T.);
#2607=EDGE_CURVE('',#2154,#2162,#2848,.T.);
#2608=EDGE_CURVE('',#2163,#2156,#2849,.T.);
#2609=EDGE_CURVE('',#2155,#2152,#2850,.T.);
#2610=EDGE_CURVE('',#2151,#2164,#2851,.T.);
#2611=EDGE_CURVE('',#2164,#2165,#2852,.T.);
#2612=EDGE_CURVE('',#2142,#2165,#2853,.T.);
#2613=EDGE_CURVE('',#2166,#2139,#2854,.T.);
#2614=EDGE_CURVE('',#2166,#2148,#2855,.T.);
#2615=EDGE_CURVE('',#2147,#2144,#2856,.T.);
#2616=EDGE_CURVE('',#2143,#2163,#2857,.T.);
#2617=EDGE_CURVE('',#2164,#2162,#2858,.T.);
#2618=EDGE_CURVE('',#2163,#2159,#2859,.T.);
#2619=EDGE_CURVE('',#2166,#2160,#2860,.T.);
#2620=EDGE_CURVE('',#2165,#2161,#2861,.T.);
#2621=LINE('',#3998,#2862);
#2622=LINE('',#4001,#2863);
#2623=LINE('',#4003,#2864);
#2624=LINE('',#4005,#2865);
#2625=LINE('',#4007,#2866);
#2626=LINE('',#4012,#2867);
#2627=LINE('',#4016,#2868);
#2628=LINE('',#4020,#2869);
#2629=LINE('',#4024,#2870);
#2630=LINE('',#4027,#2871);
#2631=LINE('',#4029,#2872);
#2632=LINE('',#4031,#2873);
#2633=LINE('',#4033,#2874);
#2634=LINE('',#4036,#2875);
#2635=LINE('',#4038,#2876);
#2636=LINE('',#4040,#2877);
#2637=LINE('',#4042,#2878);
#2638=LINE('',#4047,#2879);
#2639=LINE('',#4048,#2880);
#2640=LINE('',#4052,#2881);
#2641=LINE('',#4056,#2882);
#2642=LINE('',#4060,#2883);
#2643=LINE('',#4176,#2884);
#2644=LINE('',#4179,#2885);
#2645=LINE('',#4181,#2886);
#2646=LINE('',#4183,#2887);
#2647=LINE('',#4189,#2888);
#2648=LINE('',#4191,#2889);
#2649=LINE('',#4193,#2890);
#2650=LINE('',#4195,#2891);
#2651=LINE('',#4197,#2892);
#2652=LINE('',#4199,#2893);
#2653=LINE('',#4202,#2894);
#2654=LINE('',#4204,#2895);
#2655=LINE('',#4206,#2896);
#2656=LINE('',#4208,#2897);
#2657=LINE('',#4211,#2898);
#2658=LINE('',#4213,#2899);
#2659=LINE('',#4220,#2900);
#2660=LINE('',#4221,#2901);
#2661=LINE('',#4223,#2902);
#2662=LINE('',#4226,#2903);
#2663=LINE('',#4228,#2904);
#2664=LINE('',#4230,#2905);
#2665=LINE('',#4236,#2906);
#2666=LINE('',#4238,#2907);
#2667=LINE('',#4240,#2908);
#2668=LINE('',#4242,#2909);
#2669=LINE('',#4281,#2911);
#2670=LINE('',#4284,#2912);
#2671=LINE('',#4286,#2913);
#2672=LINE('',#4288,#2914);
#2673=LINE('',#4290,#2915);
#2674=LINE('',#4293,#2916);
#2675=LINE('',#4295,#2917);
#2676=LINE('',#4297,#2918);
#2677=LINE('',#4299,#2919);
#2678=LINE('',#4300,#2920);
#2679=LINE('',#4302,#2921);
#2680=LINE('',#4305,#2922);
#2681=LINE('',#4307,#2923);
#2682=LINE('',#4309,#2924);
#2683=LINE('',#4311,#2925);
#2684=LINE('',#4314,#2926);
#2685=LINE('',#4316,#2927);
#2686=LINE('',#4318,#2928);
#2687=LINE('',#4322,#2929);
#2688=LINE('',#4325,#2930);
#2689=LINE('',#4328,#2931);
#2690=LINE('',#4330,#2932);
#2691=LINE('',#4332,#2933);
#2692=LINE('',#4334,#2934);
#2693=LINE('',#4337,#2935);
#2694=LINE('',#4339,#2936);
#2695=LINE('',#4347,#2937);
#2696=LINE('',#4349,#2938);
#2697=LINE('',#4352,#2939);
#2698=LINE('',#4354,#2940);
#2699=LINE('',#4361,#2941);
#2700=LINE('',#4369,#2942);
#2701=LINE('',#4371,#2943);
#2702=LINE('',#4374,#2944);
#2703=LINE('',#4376,#2945);
#2704=LINE('',#4378,#2946);
#2705=LINE('',#4380,#2947);
#2706=LINE('',#4382,#2948);
#2707=LINE('',#4384,#2949);
#2708=LINE('',#4392,#2950);
#2709=LINE('',#4399,#2951);
#2710=LINE('',#4404,#2953);
#2711=LINE('',#4406,#2954);
#2712=LINE('',#4408,#2955);
#2713=LINE('',#4410,#2956);
#2714=LINE('',#4412,#2957);
#2715=LINE('',#4414,#2958);
#2716=LINE('',#4416,#2959);
#2717=LINE('',#4418,#2960);
#2718=LINE('',#4420,#2961);
#2719=LINE('',#4434,#2963);
#2720=LINE('',#4436,#2964);
#2721=LINE('',#4438,#2965);
#2722=LINE('',#4440,#2966);
#2723=LINE('',#4442,#2967);
#2724=LINE('',#4444,#2968);
#2725=LINE('',#4455,#2969);
#2726=LINE('',#4465,#2971);
#2727=LINE('',#4475,#2973);
#2728=LINE('',#4477,#2974);
#2729=LINE('',#4479,#2975);
#2730=LINE('',#4481,#2976);
#2731=LINE('',#4482,#2977);
#2732=LINE('',#4485,#2978);
#2733=LINE('',#4488,#2979);
#2734=LINE('',#4490,#2980);
#2735=LINE('',#4492,#2981);
#2736=LINE('',#4494,#2982);
#2737=LINE('',#4497,#2983);
#2738=LINE('',#4499,#2984);
#2739=LINE('',#4506,#2985);
#2740=LINE('',#4508,#2986);
#2741=LINE('',#4510,#2987);
#2742=LINE('',#4518,#2988);
#2743=LINE('',#4520,#2989);
#2744=LINE('',#4523,#2990);
#2745=LINE('',#4525,#2991);
#2746=LINE('',#4527,#2992);
#2747=LINE('',#4529,#2993);
#2748=LINE('',#4530,#2994);
#2749=LINE('',#4537,#2995);
#2750=LINE('',#4560,#2996);
#2751=LINE('',#4564,#2998);
#2752=LINE('',#4565,#2999);
#2753=LINE('',#4571,#3000);
#2754=LINE('',#4594,#3001);
#2755=LINE('',#4598,#3003);
#2756=LINE('',#4600,#3004);
#2757=LINE('',#4602,#3005);
#2758=LINE('',#4604,#3006);
#2759=LINE('',#4605,#3007);
#2760=LINE('',#4606,#3008);
#2761=LINE('',#4609,#3009);
#2762=LINE('',#4696,#3011);
#2763=LINE('',#4771,#3014);
#2764=LINE('',#4774,#3015);
#2765=LINE('',#4776,#3016);
#2766=LINE('',#4778,#3017);
#2767=LINE('',#4784,#3018);
#2768=LINE('',#4786,#3019);
#2769=LINE('',#4788,#3020);
#2770=LINE('',#4790,#3021);
#2771=LINE('',#4792,#3022);
#2772=LINE('',#4794,#3023);
#2773=LINE('',#4796,#3024);
#2774=LINE('',#4798,#3025);
#2775=LINE('',#4800,#3026);
#2776=LINE('',#4802,#3027);
#2777=LINE('',#4804,#3028);
#2778=LINE('',#4806,#3029);
#2779=LINE('',#4808,#3030);
#2780=LINE('',#4810,#3031);
#2781=LINE('',#4812,#3032);
#2782=LINE('',#4814,#3033);
#2783=LINE('',#4816,#3034);
#2784=LINE('',#4817,#3035);
#2785=LINE('',#4818,#3036);
#2786=LINE('',#4820,#3037);
#2787=LINE('',#4822,#3038);
#2788=LINE('',#4824,#3039);
#2789=LINE('',#4826,#3040);
#2790=LINE('',#4828,#3041);
#2791=LINE('',#4830,#3042);
#2792=LINE('',#4832,#3043);
#2793=LINE('',#4833,#3044);
#2794=LINE('',#4834,#3045);
#2795=LINE('',#5058,#3047);
#2796=LINE('',#5060,#3048);
#2797=LINE('',#5062,#3049);
#2798=LINE('',#5064,#3050);
#2799=LINE('',#5065,#3051);
#2800=LINE('',#5067,#3052);
#2801=LINE('',#5079,#3053);
#2802=LINE('',#5201,#3056);
#2803=LINE('',#5203,#3057);
#2804=LINE('',#5315,#3058);
#2805=LINE('',#5316,#3059);
#2806=LINE('',#5367,#3060);
#2807=LINE('',#5371,#3061);
#2808=LINE('',#5376,#3062);
#2809=LINE('',#5380,#3063);
#2810=LINE('',#5385,#3064);
#2811=LINE('',#5389,#3065);
#2812=LINE('',#5394,#3066);
#2813=LINE('',#5398,#3067);
#2814=LINE('',#5400,#3068);
#2815=LINE('',#5402,#3069);
#2816=LINE('',#5404,#3070);
#2817=LINE('',#5406,#3071);
#2818=LINE('',#5407,#3072);
#2819=LINE('',#5409,#3073);
#2820=LINE('',#5411,#3074);
#2821=LINE('',#5413,#3075);
#2822=LINE('',#5415,#3076);
#2823=LINE('',#5416,#3077);
#2824=LINE('',#5418,#3078);
#2825=LINE('',#5419,#3079);
#2826=LINE('',#5421,#3080);
#2827=LINE('',#5423,#3081);
#2828=LINE('',#5425,#3082);
#2829=LINE('',#5427,#3083);
#2830=LINE('',#5429,#3084);
#2831=LINE('',#5431,#3085);
#2832=LINE('',#5436,#3086);
#2833=LINE('',#5440,#3087);
#2834=LINE('',#5445,#3088);
#2835=LINE('',#5449,#3089);
#2836=LINE('',#5454,#3090);
#2837=LINE('',#5458,#3091);
#2838=LINE('',#5463,#3092);
#2839=LINE('',#5467,#3093);
#2840=LINE('',#5469,#3094);
#2841=LINE('',#5470,#3095);
#2842=LINE('',#5472,#3096);
#2843=LINE('',#5473,#3097);
#2844=LINE('',#5474,#3098);
#2845=LINE('',#5476,#3099);
#2846=LINE('',#5477,#3100);
#2847=LINE('',#5479,#3101);
#2848=LINE('',#5481,#3102);
#2849=LINE('',#5483,#3103);
#2850=LINE('',#5485,#3104);
#2851=LINE('',#5486,#3105);
#2852=LINE('',#5488,#3106);
#2853=LINE('',#5490,#3107);
#2854=LINE('',#5491,#3108);
#2855=LINE('',#5493,#3109);
#2856=LINE('',#5494,#3110);
#2857=LINE('',#5495,#3111);
#2858=LINE('',#5497,#3112);
#2859=LINE('',#5500,#3113);
#2860=LINE('',#5504,#3114);
#2861=LINE('',#5507,#3115);
#2862=VECTOR('',#3327,1.);
#2863=VECTOR('',#3328,1.);
#2864=VECTOR('',#3329,1.);
#2865=VECTOR('',#3330,1.);
#2866=VECTOR('',#3333,1.);
#2867=VECTOR('',#3336,1.);
#2868=VECTOR('',#3339,1.);
#2869=VECTOR('',#3342,1.);
#2870=VECTOR('',#3347,1.);
#2871=VECTOR('',#3348,1.);
#2872=VECTOR('',#3349,1.);
#2873=VECTOR('',#3350,1.);
#2874=VECTOR('',#3353,1.);
#2875=VECTOR('',#3354,1.);
#2876=VECTOR('',#3355,1.);
#2877=VECTOR('',#3356,1.);
#2878=VECTOR('',#3359,1.);
#2879=VECTOR('',#3362,1.);
#2880=VECTOR('',#3363,1.);
#2881=VECTOR('',#3368,1.);
#2882=VECTOR('',#3371,1.);
#2883=VECTOR('',#3374,1.);
#2884=VECTOR('',#3453,1.);
#2885=VECTOR('',#3454,1.);
#2886=VECTOR('',#3455,1.);
#2887=VECTOR('',#3456,1.);
#2888=VECTOR('',#3463,1.);
#2889=VECTOR('',#3466,1.);
#2890=VECTOR('',#3467,1.);
#2891=VECTOR('',#3468,1.);
#2892=VECTOR('',#3471,1.);
#2893=VECTOR('',#3474,1.);
#2894=VECTOR('',#3475,1.);
#2895=VECTOR('',#3476,1.);
#2896=VECTOR('',#3477,1.);
#2897=VECTOR('',#3480,1.);
#2898=VECTOR('',#3481,1.);
#2899=VECTOR('',#3482,1.);
#2900=VECTOR('',#3485,1.);
#2901=VECTOR('',#3486,1.);
#2902=VECTOR('',#3489,1.);
#2903=VECTOR('',#3490,1.);
#2904=VECTOR('',#3491,1.);
#2905=VECTOR('',#3492,1.);
#2906=VECTOR('',#3499,1.);
#2907=VECTOR('',#3502,1.);
#2908=VECTOR('',#3503,1.);
#2909=VECTOR('',#3504,1.);
#2910=VECTOR('',#3511,1.);
#2911=VECTOR('',#3512,1.);
#2912=VECTOR('',#3513,1.);
#2913=VECTOR('',#3514,1.);
#2914=VECTOR('',#3515,1.);
#2915=VECTOR('',#3518,1.);
#2916=VECTOR('',#3519,1.);
#2917=VECTOR('',#3520,1.);
#2918=VECTOR('',#3521,1.);
#2919=VECTOR('',#3524,1.);
#2920=VECTOR('',#3525,1.);
#2921=VECTOR('',#3528,1.);
#2922=VECTOR('',#3529,1.);
#2923=VECTOR('',#3530,1.);
#2924=VECTOR('',#3531,1.);
#2925=VECTOR('',#3534,1.);
#2926=VECTOR('',#3535,1.);
#2927=VECTOR('',#3536,1.);
#2928=VECTOR('',#3537,1.);
#2929=VECTOR('',#3542,1.);
#2930=VECTOR('',#3547,1.);
#2931=VECTOR('',#3548,1.);
#2932=VECTOR('',#3549,1.);
#2933=VECTOR('',#3550,1.);
#2934=VECTOR('',#3553,1.);
#2935=VECTOR('',#3554,1.);
#2936=VECTOR('',#3555,1.);
#2937=VECTOR('',#3560,1.);
#2938=VECTOR('',#3563,1.);
#2939=VECTOR('',#3564,1.);
#2940=VECTOR('',#3565,1.);
#2941=VECTOR('',#3568,1.);
#2942=VECTOR('',#3569,1.);
#2943=VECTOR('',#3570,1.);
#2944=VECTOR('',#3575,1.);
#2945=VECTOR('',#3578,1.);
#2946=VECTOR('',#3579,1.);
#2947=VECTOR('',#3580,1.);
#2948=VECTOR('',#3581,1.);
#2949=VECTOR('',#3582,1.);
#2950=VECTOR('',#3585,1.);
#2951=VECTOR('',#3586,1.);
#2952=VECTOR('',#3587,1.);
#2953=VECTOR('',#3588,1.);
#2954=VECTOR('',#3589,1.);
#2955=VECTOR('',#3590,1.);
#2956=VECTOR('',#3593,1.);
#2957=VECTOR('',#3594,1.);
#2958=VECTOR('',#3595,1.);
#2959=VECTOR('',#3598,1.);
#2960=VECTOR('',#3599,1.);
#2961=VECTOR('',#3600,1.);
#2962=VECTOR('',#3603,1.);
#2963=VECTOR('',#3604,1.);
#2964=VECTOR('',#3605,1.);
#2965=VECTOR('',#3606,1.);
#2966=VECTOR('',#3609,1.);
#2967=VECTOR('',#3610,1.);
#2968=VECTOR('',#3611,1.);
#2969=VECTOR('',#3614,1.);
#2970=VECTOR('',#3615,1.);
#2971=VECTOR('',#3616,1.);
#2972=VECTOR('',#3617,1.);
#2973=VECTOR('',#3618,1.);
#2974=VECTOR('',#3619,1.);
#2975=VECTOR('',#3620,1.);
#2976=VECTOR('',#3623,1.);
#2977=VECTOR('',#3624,1.);
#2978=VECTOR('',#3629,1.);
#2979=VECTOR('',#3630,1.);
#2980=VECTOR('',#3631,1.);
#2981=VECTOR('',#3632,1.);
#2982=VECTOR('',#3635,1.);
#2983=VECTOR('',#3636,1.);
#2984=VECTOR('',#3637,1.);
#2985=VECTOR('',#3640,1.);
#2986=VECTOR('',#3641,1.);
#2987=VECTOR('',#3642,1.);
#2988=VECTOR('',#3647,1.);
#2989=VECTOR('',#3650,1.);
#2990=VECTOR('',#3651,1.);
#2991=VECTOR('',#3652,1.);
#2992=VECTOR('',#3653,1.);
#2993=VECTOR('',#3656,1.);
#2994=VECTOR('',#3657,1.);
#2995=VECTOR('',#3658,1.);
#2996=VECTOR('',#3663,1.);
#2997=VECTOR('',#3664,1.);
#2998=VECTOR('',#3665,1.);
#2999=VECTOR('',#3666,1.);
#3000=VECTOR('',#3667,1.);
#3001=VECTOR('',#3672,1.);
#3002=VECTOR('',#3673,1.);
#3003=VECTOR('',#3674,1.);
#3004=VECTOR('',#3675,1.);
#3005=VECTOR('',#3676,1.);
#3006=VECTOR('',#3679,1.);
#3007=VECTOR('',#3680,1.);
#3008=VECTOR('',#3681,1.);
#3009=VECTOR('',#3686,1.);
#3010=VECTOR('',#3691,1.);
#3011=VECTOR('',#3694,1.);
#3012=VECTOR('',#3695,1.);
#3013=VECTOR('',#3696,1.);
#3014=VECTOR('',#3705,1.);
#3015=VECTOR('',#3706,1.);
#3016=VECTOR('',#3707,1.);
#3017=VECTOR('',#3708,1.);
#3018=VECTOR('',#3715,1.);
#3019=VECTOR('',#3718,1.);
#3020=VECTOR('',#3719,1.);
#3021=VECTOR('',#3720,1.);
#3022=VECTOR('',#3723,1.);
#3023=VECTOR('',#3726,1.);
#3024=VECTOR('',#3727,1.);
#3025=VECTOR('',#3728,1.);
#3026=VECTOR('',#3729,1.);
#3027=VECTOR('',#3730,1.);
#3028=VECTOR('',#3733,1.);
#3029=VECTOR('',#3734,1.);
#3030=VECTOR('',#3735,1.);
#3031=VECTOR('',#3736,1.);
#3032=VECTOR('',#3739,1.);
#3033=VECTOR('',#3740,1.);
#3034=VECTOR('',#3743,1.);
#3035=VECTOR('',#3744,1.);
#3036=VECTOR('',#3745,1.);
#3037=VECTOR('',#3748,1.);
#3038=VECTOR('',#3749,1.);
#3039=VECTOR('',#3750,1.);
#3040=VECTOR('',#3753,1.);
#3041=VECTOR('',#3754,1.);
#3042=VECTOR('',#3755,1.);
#3043=VECTOR('',#3758,1.);
#3044=VECTOR('',#3759,1.);
#3045=VECTOR('',#3760,1.);
#3046=VECTOR('',#3771,1.);
#3047=VECTOR('',#3792,1.);
#3048=VECTOR('',#3793,1.);
#3049=VECTOR('',#3794,1.);
#3050=VECTOR('',#3797,1.);
#3051=VECTOR('',#3798,1.);
#3052=VECTOR('',#3799,1.);
#3053=VECTOR('',#3802,1.);
#3054=VECTOR('',#3803,1.);
#3055=VECTOR('',#3804,1.);
#3056=VECTOR('',#3817,1.);
#3057=VECTOR('',#3818,1.);
#3058=VECTOR('',#3835,1.);
#3059=VECTOR('',#3836,1.);
#3060=VECTOR('',#3851,1.);
#3061=VECTOR('',#3854,1.);
#3062=VECTOR('',#3859,1.);
#3063=VECTOR('',#3862,1.);
#3064=VECTOR('',#3867,1.);
#3065=VECTOR('',#3870,1.);
#3066=VECTOR('',#3875,1.);
#3067=VECTOR('',#3878,1.);
#3068=VECTOR('',#3881,1.);
#3069=VECTOR('',#3882,1.);
#3070=VECTOR('',#3883,1.);
#3071=VECTOR('',#3886,1.);
#3072=VECTOR('',#3887,1.);
#3073=VECTOR('',#3890,1.);
#3074=VECTOR('',#3891,1.);
#3075=VECTOR('',#3892,1.);
#3076=VECTOR('',#3895,1.);
#3077=VECTOR('',#3896,1.);
#3078=VECTOR('',#3899,1.);
#3079=VECTOR('',#3900,1.);
#3080=VECTOR('',#3903,1.);
#3081=VECTOR('',#3904,1.);
#3082=VECTOR('',#3905,1.);
#3083=VECTOR('',#3908,1.);
#3084=VECTOR('',#3909,1.);
#3085=VECTOR('',#3910,1.);
#3086=VECTOR('',#3915,1.);
#3087=VECTOR('',#3918,1.);
#3088=VECTOR('',#3923,1.);
#3089=VECTOR('',#3926,1.);
#3090=VECTOR('',#3931,1.);
#3091=VECTOR('',#3934,1.);
#3092=VECTOR('',#3939,1.);
#3093=VECTOR('',#3942,1.);
#3094=VECTOR('',#3945,1.);
#3095=VECTOR('',#3946,1.);
#3096=VECTOR('',#3947,1.);
#3097=VECTOR('',#3948,1.);
#3098=VECTOR('',#3949,1.);
#3099=VECTOR('',#3950,1.);
#3100=VECTOR('',#3951,1.);
#3101=VECTOR('',#3952,1.);
#3102=VECTOR('',#3953,1.);
#3103=VECTOR('',#3956,1.);
#3104=VECTOR('',#3957,1.);
#3105=VECTOR('',#3958,1.);
#3106=VECTOR('',#3959,1.);
#3107=VECTOR('',#3960,1.);
#3108=VECTOR('',#3961,1.);
#3109=VECTOR('',#3962,1.);
#3110=VECTOR('',#3963,1.);
#3111=VECTOR('',#3964,1.);
#3112=VECTOR('',#3967,1.);
#3113=VECTOR('',#3972,1.);
#3114=VECTOR('',#3979,1.);
#3115=VECTOR('',#3984,1.);
#3116=AXIS2_PLACEMENT_3D('',#3997,#3325,#3326);
#3117=AXIS2_PLACEMENT_3D('',#4006,#3331,#3332);
#3118=AXIS2_PLACEMENT_3D('',#4010,#3334,#3335);
#3119=AXIS2_PLACEMENT_3D('',#4014,#3337,#3338);
#3120=AXIS2_PLACEMENT_3D('',#4018,#3340,#3341);
#3121=AXIS2_PLACEMENT_3D('',#4022,#3343,#3344);
#3122=AXIS2_PLACEMENT_3D('',#4023,#3345,#3346);
#3123=AXIS2_PLACEMENT_3D('',#4032,#3351,#3352);
#3124=AXIS2_PLACEMENT_3D('',#4041,#3357,#3358);
#3125=AXIS2_PLACEMENT_3D('',#4045,#3360,#3361);
#3126=AXIS2_PLACEMENT_3D('',#4050,#3364,#3365);
#3127=AXIS2_PLACEMENT_3D('',#4051,#3366,#3367);
#3128=AXIS2_PLACEMENT_3D('',#4054,#3369,#3370);
#3129=AXIS2_PLACEMENT_3D('',#4058,#3372,#3373);
#3130=AXIS2_PLACEMENT_3D('',#4061,#3375,#3376);
#3131=AXIS2_PLACEMENT_3D('',#4062,#3377,#3378);
#3132=AXIS2_PLACEMENT_3D('',#4063,#3379,#3380);
#3133=AXIS2_PLACEMENT_3D('',#4064,#3381,#3382);
#3134=AXIS2_PLACEMENT_3D('',#4065,#3383,#3384);
#3135=AXIS2_PLACEMENT_3D('',#4067,#3385,#3386);
#3136=AXIS2_PLACEMENT_3D('',#4068,#3387,#3388);
#3137=AXIS2_PLACEMENT_3D('',#4070,#3389,#3390);
#3138=AXIS2_PLACEMENT_3D('',#4071,#3391,#3392);
#3139=AXIS2_PLACEMENT_3D('',#4072,#3393,#3394);
#3140=AXIS2_PLACEMENT_3D('',#4073,#3395,#3396);
#3141=AXIS2_PLACEMENT_3D('',#4074,#3397,#3398);
#3142=AXIS2_PLACEMENT_3D('',#4075,#3399,#3400);
#3143=AXIS2_PLACEMENT_3D('',#4076,#3401,#3402);
#3144=AXIS2_PLACEMENT_3D('',#4077,#3403,#3404);
#3145=AXIS2_PLACEMENT_3D('',#4078,#3405,#3406);
#3146=AXIS2_PLACEMENT_3D('',#4079,#3407,#3408);
#3147=AXIS2_PLACEMENT_3D('',#4080,#3409,#3410);
#3148=AXIS2_PLACEMENT_3D('',#4081,#3411,#3412);
#3149=AXIS2_PLACEMENT_3D('',#4083,#3413,#3414);
#3150=AXIS2_PLACEMENT_3D('',#4084,#3415,#3416);
#3151=AXIS2_PLACEMENT_3D('',#4086,#3417,#3418);
#3152=AXIS2_PLACEMENT_3D('',#4087,#3419,#3420);
#3153=AXIS2_PLACEMENT_3D('',#4088,#3421,#3422);
#3154=AXIS2_PLACEMENT_3D('',#4089,#3423,#3424);
#3155=AXIS2_PLACEMENT_3D('',#4090,#3425,#3426);
#3156=AXIS2_PLACEMENT_3D('',#4109,#3427,#3428);
#3157=AXIS2_PLACEMENT_3D('',#4110,#3429,#3430);
#3158=AXIS2_PLACEMENT_3D('',#4111,#3431,#3432);
#3159=AXIS2_PLACEMENT_3D('',#4112,#3433,#3434);
#3160=AXIS2_PLACEMENT_3D('',#4113,#3435,#3436);
#3161=AXIS2_PLACEMENT_3D('',#4114,#3437,#3438);
#3162=AXIS2_PLACEMENT_3D('',#4133,#3439,#3440);
#3163=AXIS2_PLACEMENT_3D('',#4152,#3441,#3442);
#3164=AXIS2_PLACEMENT_3D('',#4153,#3443,#3444);
#3165=AXIS2_PLACEMENT_3D('',#4154,#3445,#3446);
#3166=AXIS2_PLACEMENT_3D('',#4155,#3447,#3448);
#3167=AXIS2_PLACEMENT_3D('',#4156,#3449,#3450);
#3168=AXIS2_PLACEMENT_3D('',#4157,#3451,#3452);
#3169=AXIS2_PLACEMENT_3D('',#4184,#3457,#3458);
#3170=AXIS2_PLACEMENT_3D('',#4185,#3459,#3460);
#3171=AXIS2_PLACEMENT_3D('',#4187,#3461,#3462);
#3172=AXIS2_PLACEMENT_3D('',#4190,#3464,#3465);
#3173=AXIS2_PLACEMENT_3D('',#4196,#3469,#3470);
#3174=AXIS2_PLACEMENT_3D('',#4198,#3472,#3473);
#3175=AXIS2_PLACEMENT_3D('',#4207,#3478,#3479);
#3176=AXIS2_PLACEMENT_3D('',#4219,#3483,#3484);
#3177=AXIS2_PLACEMENT_3D('',#4222,#3487,#3488);
#3178=AXIS2_PLACEMENT_3D('',#4231,#3493,#3494);
#3179=AXIS2_PLACEMENT_3D('',#4232,#3495,#3496);
#3180=AXIS2_PLACEMENT_3D('',#4234,#3497,#3498);
#3181=AXIS2_PLACEMENT_3D('',#4237,#3500,#3501);
#3182=AXIS2_PLACEMENT_3D('',#4243,#3505,#3506);
#3183=AXIS2_PLACEMENT_3D('',#4244,#3507,#3508);
#3184=AXIS2_PLACEMENT_3D('',#4245,#3509,#3510);
#3185=AXIS2_PLACEMENT_3D('',#4289,#3516,#3517);
#3186=AXIS2_PLACEMENT_3D('',#4298,#3522,#3523);
#3187=AXIS2_PLACEMENT_3D('',#4301,#3526,#3527);
#3188=AXIS2_PLACEMENT_3D('',#4310,#3532,#3533);
#3189=AXIS2_PLACEMENT_3D('',#4319,#3538,#3539);
#3190=AXIS2_PLACEMENT_3D('',#4320,#3540,#3541);
#3191=AXIS2_PLACEMENT_3D('',#4323,#3543,#3544);
#3192=AXIS2_PLACEMENT_3D('',#4324,#3545,#3546);
#3193=AXIS2_PLACEMENT_3D('',#4333,#3551,#3552);
#3194=AXIS2_PLACEMENT_3D('',#4345,#3556,#3557);
#3195=AXIS2_PLACEMENT_3D('',#4346,#3558,#3559);
#3196=AXIS2_PLACEMENT_3D('',#4348,#3561,#3562);
#3197=AXIS2_PLACEMENT_3D('',#4360,#3566,#3567);
#3198=AXIS2_PLACEMENT_3D('',#4372,#3571,#3572);
#3199=AXIS2_PLACEMENT_3D('',#4373,#3573,#3574);
#3200=AXIS2_PLACEMENT_3D('',#4375,#3576,#3577);
#3201=AXIS2_PLACEMENT_3D('',#4385,#3583,#3584);
#3202=AXIS2_PLACEMENT_3D('',#4409,#3591,#3592);
#3203=AXIS2_PLACEMENT_3D('',#4415,#3596,#3597);
#3204=AXIS2_PLACEMENT_3D('',#4421,#3601,#3602);
#3205=AXIS2_PLACEMENT_3D('',#4439,#3607,#3608);
#3206=AXIS2_PLACEMENT_3D('',#4445,#3612,#3613);
#3207=AXIS2_PLACEMENT_3D('',#4480,#3621,#3622);
#3208=AXIS2_PLACEMENT_3D('',#4483,#3625,#3626);
#3209=AXIS2_PLACEMENT_3D('',#4484,#3627,#3628);
#3210=AXIS2_PLACEMENT_3D('',#4493,#3633,#3634);
#3211=AXIS2_PLACEMENT_3D('',#4505,#3638,#3639);
#3212=AXIS2_PLACEMENT_3D('',#4511,#3643,#3644);
#3213=AXIS2_PLACEMENT_3D('',#4517,#3645,#3646);
#3214=AXIS2_PLACEMENT_3D('',#4519,#3648,#3649);
#3215=AXIS2_PLACEMENT_3D('',#4528,#3654,#3655);
#3216=AXIS2_PLACEMENT_3D('',#4538,#3659,#3660);
#3217=AXIS2_PLACEMENT_3D('',#4551,#3661,#3662);
#3218=AXIS2_PLACEMENT_3D('',#4572,#3668,#3669);
#3219=AXIS2_PLACEMENT_3D('',#4585,#3670,#3671);
#3220=AXIS2_PLACEMENT_3D('',#4603,#3677,#3678);
#3221=AXIS2_PLACEMENT_3D('',#4607,#3682,#3683);
#3222=AXIS2_PLACEMENT_3D('',#4608,#3684,#3685);
#3223=AXIS2_PLACEMENT_3D('',#4637,#3687,#3688);
#3224=AXIS2_PLACEMENT_3D('',#4660,#3689,#3690);
#3225=AXIS2_PLACEMENT_3D('',#4685,#3692,#3693);
#3226=AXIS2_PLACEMENT_3D('',#4733,#3697,#3698);
#3227=AXIS2_PLACEMENT_3D('',#4756,#3699,#3700);
#3228=AXIS2_PLACEMENT_3D('',#4769,#3701,#3702);
#3229=AXIS2_PLACEMENT_3D('',#4770,#3703,#3704);
#3230=AXIS2_PLACEMENT_3D('',#4779,#3709,#3710);
#3231=AXIS2_PLACEMENT_3D('',#4780,#3711,#3712);
#3232=AXIS2_PLACEMENT_3D('',#4782,#3713,#3714);
#3233=AXIS2_PLACEMENT_3D('',#4785,#3716,#3717);
#3234=AXIS2_PLACEMENT_3D('',#4791,#3721,#3722);
#3235=AXIS2_PLACEMENT_3D('',#4793,#3724,#3725);
#3236=AXIS2_PLACEMENT_3D('',#4803,#3731,#3732);
#3237=AXIS2_PLACEMENT_3D('',#4811,#3737,#3738);
#3238=AXIS2_PLACEMENT_3D('',#4815,#3741,#3742);
#3239=AXIS2_PLACEMENT_3D('',#4819,#3746,#3747);
#3240=AXIS2_PLACEMENT_3D('',#4825,#3751,#3752);
#3241=AXIS2_PLACEMENT_3D('',#4831,#3756,#3757);
#3242=AXIS2_PLACEMENT_3D('',#4835,#3761,#3762);
#3243=AXIS2_PLACEMENT_3D('',#4836,#3763,#3764);
#3244=AXIS2_PLACEMENT_3D('',#4857,#3765,#3766);
#3245=AXIS2_PLACEMENT_3D('',#4872,#3767,#3768);
#3246=AXIS2_PLACEMENT_3D('',#4889,#3769,#3770);
#3247=AXIS2_PLACEMENT_3D('',#4922,#3772,#3773);
#3248=AXIS2_PLACEMENT_3D('',#4937,#3774,#3775);
#3249=AXIS2_PLACEMENT_3D('',#4952,#3776,#3777);
#3250=AXIS2_PLACEMENT_3D('',#4967,#3778,#3779);
#3251=AXIS2_PLACEMENT_3D('',#4982,#3780,#3781);
#3252=AXIS2_PLACEMENT_3D('',#4997,#3782,#3783);
#3253=AXIS2_PLACEMENT_3D('',#5012,#3784,#3785);
#3254=AXIS2_PLACEMENT_3D('',#5027,#3786,#3787);
#3255=AXIS2_PLACEMENT_3D('',#5042,#3788,#3789);
#3256=AXIS2_PLACEMENT_3D('',#5057,#3790,#3791);
#3257=AXIS2_PLACEMENT_3D('',#5063,#3795,#3796);
#3258=AXIS2_PLACEMENT_3D('',#5068,#3800,#3801);
#3259=AXIS2_PLACEMENT_3D('',#5125,#3805,#3806);
#3260=AXIS2_PLACEMENT_3D('',#5140,#3807,#3808);
#3261=AXIS2_PLACEMENT_3D('',#5155,#3809,#3810);
#3262=AXIS2_PLACEMENT_3D('',#5170,#3811,#3812);
#3263=AXIS2_PLACEMENT_3D('',#5185,#3813,#3814);
#3264=AXIS2_PLACEMENT_3D('',#5200,#3815,#3816);
#3265=AXIS2_PLACEMENT_3D('',#5209,#3819,#3820);
#3266=AXIS2_PLACEMENT_3D('',#5224,#3821,#3822);
#3267=AXIS2_PLACEMENT_3D('',#5239,#3823,#3824);
#3268=AXIS2_PLACEMENT_3D('',#5254,#3825,#3826);
#3269=AXIS2_PLACEMENT_3D('',#5269,#3827,#3828);
#3270=AXIS2_PLACEMENT_3D('',#5284,#3829,#3830);
#3271=AXIS2_PLACEMENT_3D('',#5299,#3831,#3832);
#3272=AXIS2_PLACEMENT_3D('',#5314,#3833,#3834);
#3273=AXIS2_PLACEMENT_3D('',#5322,#3837,#3838);
#3274=AXIS2_PLACEMENT_3D('',#5337,#3839,#3840);
#3275=AXIS2_PLACEMENT_3D('',#5352,#3841,#3842);
#3276=AXIS2_PLACEMENT_3D('',#5361,#3843,#3844);
#3277=AXIS2_PLACEMENT_3D('',#5362,#3845,#3846);
#3278=AXIS2_PLACEMENT_3D('',#5363,#3847,#3848);
#3279=AXIS2_PLACEMENT_3D('',#5364,#3849,#3850);
#3280=AXIS2_PLACEMENT_3D('',#5369,#3852,#3853);
#3281=AXIS2_PLACEMENT_3D('',#5372,#3855,#3856);
#3282=AXIS2_PLACEMENT_3D('',#5373,#3857,#3858);
#3283=AXIS2_PLACEMENT_3D('',#5378,#3860,#3861);
#3284=AXIS2_PLACEMENT_3D('',#5381,#3863,#3864);
#3285=AXIS2_PLACEMENT_3D('',#5382,#3865,#3866);
#3286=AXIS2_PLACEMENT_3D('',#5387,#3868,#3869);
#3287=AXIS2_PLACEMENT_3D('',#5390,#3871,#3872);
#3288=AXIS2_PLACEMENT_3D('',#5391,#3873,#3874);
#3289=AXIS2_PLACEMENT_3D('',#5396,#3876,#3877);
#3290=AXIS2_PLACEMENT_3D('',#5399,#3879,#3880);
#3291=AXIS2_PLACEMENT_3D('',#5405,#3884,#3885);
#3292=AXIS2_PLACEMENT_3D('',#5408,#3888,#3889);
#3293=AXIS2_PLACEMENT_3D('',#5414,#3893,#3894);
#3294=AXIS2_PLACEMENT_3D('',#5417,#3897,#3898);
#3295=AXIS2_PLACEMENT_3D('',#5420,#3901,#3902);
#3296=AXIS2_PLACEMENT_3D('',#5426,#3906,#3907);
#3297=AXIS2_PLACEMENT_3D('',#5432,#3911,#3912);
#3298=AXIS2_PLACEMENT_3D('',#5433,#3913,#3914);
#3299=AXIS2_PLACEMENT_3D('',#5438,#3916,#3917);
#3300=AXIS2_PLACEMENT_3D('',#5441,#3919,#3920);
#3301=AXIS2_PLACEMENT_3D('',#5442,#3921,#3922);
#3302=AXIS2_PLACEMENT_3D('',#5447,#3924,#3925);
#3303=AXIS2_PLACEMENT_3D('',#5450,#3927,#3928);
#3304=AXIS2_PLACEMENT_3D('',#5451,#3929,#3930);
#3305=AXIS2_PLACEMENT_3D('',#5456,#3932,#3933);
#3306=AXIS2_PLACEMENT_3D('',#5459,#3935,#3936);
#3307=AXIS2_PLACEMENT_3D('',#5460,#3937,#3938);
#3308=AXIS2_PLACEMENT_3D('',#5465,#3940,#3941);
#3309=AXIS2_PLACEMENT_3D('',#5468,#3943,#3944);
#3310=AXIS2_PLACEMENT_3D('',#5482,#3954,#3955);
#3311=AXIS2_PLACEMENT_3D('',#5496,#3965,#3966);
#3312=AXIS2_PLACEMENT_3D('',#5498,#3968,#3969);
#3313=AXIS2_PLACEMENT_3D('',#5499,#3970,#3971);
#3314=AXIS2_PLACEMENT_3D('',#5501,#3973,#3974);
#3315=AXIS2_PLACEMENT_3D('',#5502,#3975,#3976);
#3316=AXIS2_PLACEMENT_3D('',#5503,#3977,#3978);
#3317=AXIS2_PLACEMENT_3D('',#5505,#3980,#3981);
#3318=AXIS2_PLACEMENT_3D('',#5506,#3982,#3983);
#3319=AXIS2_PLACEMENT_3D('',#5508,#3985,#3986);
#3320=AXIS2_PLACEMENT_3D('',#5509,#3987,#3988);
#3321=AXIS2_PLACEMENT_3D('',#5510,#3989,#3990);
#3322=AXIS2_PLACEMENT_3D('',#5511,#3991,#3992);
#3323=AXIS2_PLACEMENT_3D('',#5512,#3993,#3994);
#3324=AXIS2_PLACEMENT_3D('',#5513,#3995,#3996);
#3325=DIRECTION('',(0.,0.,1.));
#3326=DIRECTION('',(1.,0.,0.));
#3327=DIRECTION('',(0.711056532332858,-0.703134843274583,0.));
#3328=DIRECTION('',(0.,0.,1.));
#3329=DIRECTION('',(-0.711056532332858,0.703134843274583,0.));
#3330=DIRECTION('',(0.,0.,-1.));
#3331=DIRECTION('',(-0.703134843274583,-0.711056532332857,0.));
#3332=DIRECTION('',(0.711056532332858,-0.703134843274583,0.));
#3333=DIRECTION('',(0.999999548388873,0.00095037995034061,0.));
#3334=DIRECTION('',(0.00095037995034061,-0.999999548388873,0.));
#3335=DIRECTION('',(0.999999548388873,0.00095037995034061,0.));
#3336=DIRECTION('',(0.,0.,-1.));
#3337=DIRECTION('',(0.00095037995034061,-0.999999548388873,0.));
#3338=DIRECTION('',(-0.999999548388873,-0.00095037995034061,0.));
#3339=DIRECTION('',(0.999999548388873,0.000950379950340612,0.));
#3340=DIRECTION('',(0.00095037995034061,-0.999999548388873,0.));
#3341=DIRECTION('',(-0.999999548388873,-0.00095037995034061,0.));
#3342=DIRECTION('',(0.,0.,1.));
#3343=DIRECTION('',(0.00095037995034061,-0.999999548388873,0.));
#3344=DIRECTION('',(0.999999548388873,0.00095037995034061,0.));
#3345=DIRECTION('',(0.00095037995034061,-0.999999548388873,0.));
#3346=DIRECTION('',(0.999999548388873,0.000950379950340609,0.));
#3347=DIRECTION('',(-0.709718757937687,-0.704485120234194,0.));
#3348=DIRECTION('',(0.,0.,-1.));
#3349=DIRECTION('',(0.709718757937687,0.704485120234194,0.));
#3350=DIRECTION('',(0.,0.,1.));
#3351=DIRECTION('',(0.704485120234194,-0.709718757937687,0.));
#3352=DIRECTION('',(0.709718757937687,0.704485120234194,0.));
#3353=DIRECTION('',(0.,0.,1.));
#3354=DIRECTION('',(0.999999548388873,0.000950379950340735,0.));
#3355=DIRECTION('',(0.,0.,-1.));
#3356=DIRECTION('',(-0.999999548388873,-0.000950379950340735,0.));
#3357=DIRECTION('',(-0.000950379950340735,0.999999548388873,0.));
#3358=DIRECTION('',(-0.999999548388873,-0.000950379950340734,0.));
#3359=DIRECTION('',(0.999999548388873,0.000950379950340735,0.));
#3360=DIRECTION('',(0.,0.,-1.));
#3361=DIRECTION('',(1.00000000000001,0.,0.));
#3362=DIRECTION('',(-0.709718757937687,-0.704485120234194,0.));
#3363=DIRECTION('',(-0.711056532332858,0.703134843274583,0.));
#3364=DIRECTION('',(0.,0.,-1.));
#3365=DIRECTION('',(1.00000000000001,0.,0.));
#3366=DIRECTION('',(0.,0.,1.));
#3367=DIRECTION('',(1.,0.,0.));
#3368=DIRECTION('',(0.709718757937687,0.704485120234194,0.));
#3369=DIRECTION('',(0.,0.,1.));
#3370=DIRECTION('',(1.00000000000001,0.,0.));
#3371=DIRECTION('',(-0.999999548388873,-0.000950379950340735,0.));
#3372=DIRECTION('',(0.,0.,1.));
#3373=DIRECTION('',(1.00000000000001,0.,0.));
#3374=DIRECTION('',(0.711056532332858,-0.703134843274583,0.));
#3375=DIRECTION('',(0.,0.,1.));
#3376=DIRECTION('',(1.,0.,0.));
#3377=DIRECTION('',(0.609725946257118,-0.602933153929953,-0.514495755427528));
#3378=DIRECTION('',(0.365835567754274,-0.361759892357971,0.857492925712543));
#3379=DIRECTION('',(0.502792895819555,-0.497191415767998,0.707106781186548));
#3380=DIRECTION('',(-0.502792895819555,0.497191415767998,0.707106781186547));
#3381=DIRECTION('',(-0.711056532332858,0.703134843274583,0.));
#3382=DIRECTION('',(-0.703134843274583,-0.711056532332856,0.));
#3383=DIRECTION('',(-0.365835567754272,0.361759892357973,-0.857492925712543));
#3384=DIRECTION('',(0.60972594625712,-0.60293315392995,-0.514495755427528));
#3385=DIRECTION('',(0.,0.,-1.));
#3386=DIRECTION('',(1.,0.,0.));
#3387=DIRECTION('',(0.,0.,1.));
#3388=DIRECTION('',(1.,0.,0.));
#3389=DIRECTION('',(-0.365835567754269,0.36175989235797,0.857492925712545));
#3390=DIRECTION('',(0.609725946257121,-0.602933153929952,0.514495755427524));
#3391=DIRECTION('',(0.,0.,1.));
#3392=DIRECTION('',(1.,0.,0.));
#3393=DIRECTION('',(-0.502792895819555,0.497191415767998,0.707106781186548));
#3394=DIRECTION('',(0.502792895819555,-0.497191415767998,0.707106781186547));
#3395=DIRECTION('',(0.,0.,1.));
#3396=DIRECTION('',(1.,0.,0.));
#3397=DIRECTION('',(0.609725946257118,-0.602933153929952,0.514495755427529));
#3398=DIRECTION('',(0.365835567754274,-0.361759892357972,-0.857492925712543));
#3399=DIRECTION('',(0.711056532332858,-0.703134843274583,0.));
#3400=DIRECTION('',(0.703134843274583,0.711056532332856,0.));
#3401=DIRECTION('',(-0.60857881417706,-0.604091006870572,0.514495755427526));
#3402=DIRECTION('',(0.365147288506239,0.362454604122341,0.857492925712544));
#3403=DIRECTION('',(-0.501846946473032,-0.498146205762619,-0.707106781186547));
#3404=DIRECTION('',(-0.501846946473032,-0.498146205762619,0.707106781186547));
#3405=DIRECTION('',(0.709718757937687,0.704485120234194,0.));
#3406=DIRECTION('',(-0.704485120234195,0.70971875793769,0.));
#3407=DIRECTION('',(0.501846946473032,0.498146205762619,-0.707106781186547));
#3408=DIRECTION('',(0.501846946473032,0.498146205762619,0.707106781186547));
#3409=DIRECTION('',(0.,0.,1.));
#3410=DIRECTION('',(1.,0.,0.));
#3411=DIRECTION('',(0.,0.,-1.));
#3412=DIRECTION('',(1.,0.,0.));
#3413=DIRECTION('',(0.365147288506237,0.362454604122344,-0.857492925712543));
#3414=DIRECTION('',(0.608578814177062,0.604091006870569,0.514495755427528));
#3415=DIRECTION('',(0.365147288506233,0.36245460412234,0.857492925712547));
#3416=DIRECTION('',(-0.608578814177067,-0.604091006870569,0.514495755427522));
#3417=DIRECTION('',(0.,0.,1.));
#3418=DIRECTION('',(1.,0.,0.));
#3419=DIRECTION('',(0.,0.,1.));
#3420=DIRECTION('',(1.,0.,0.));
#3421=DIRECTION('',(-0.60857881417706,-0.604091006870572,-0.514495755427526));
#3422=DIRECTION('',(-0.365147288506239,-0.362454604122341,0.857492925712544));
#3423=DIRECTION('',(-0.709718757937687,-0.704485120234194,0.));
#3424=DIRECTION('',(0.704485120234188,-0.709718757937686,0.));
#3425=DIRECTION('',(0.703134843274584,0.711056532332856,-2.43948903881139E-14));
#3426=DIRECTION('',(-0.711056532332853,0.703134843274581,0.));
#3427=DIRECTION('',(0.999999548388873,0.000950379950327704,0.));
#3428=DIRECTION('',(-0.000950379950327707,0.999999548388876,0.));
#3429=DIRECTION('',(0.,0.,1.));
#3430=DIRECTION('',(1.,0.,0.));
#3431=DIRECTION('',(0.999999548388873,0.000950379950327704,3.46944538511277E-14));
#3432=DIRECTION('',(-0.000950379950327707,0.999999548388876,0.));
#3433=DIRECTION('',(-0.999999548388873,-0.000950379950340735,0.));
#3434=DIRECTION('',(0.000950379950340734,-0.999999548388876,0.));
#3435=DIRECTION('',(0.704485120234206,-0.709718757937675,3.67533954382872E-14));
#3436=DIRECTION('',(0.709718757937669,0.704485120234209,0.));
#3437=DIRECTION('',(0.,0.,1.));
#3438=DIRECTION('',(1.,0.,0.));
#3439=DIRECTION('',(0.703134843274584,0.711056532332856,0.));
#3440=DIRECTION('',(-0.711056532332853,0.703134843274581,0.));
#3441=DIRECTION('',(0.999999548388873,0.000950379950327704,0.));
#3442=DIRECTION('',(-0.000950379950327707,0.999999548388876,0.));
#3443=DIRECTION('',(0.,0.,1.));
#3444=DIRECTION('',(1.,0.,0.));
#3445=DIRECTION('',(0.999999548388873,0.00095037995029301,0.));
#3446=DIRECTION('',(-0.000950379950293012,0.999999548388876,0.));
#3447=DIRECTION('',(0.999999548388873,0.000950379950340735,0.));
#3448=DIRECTION('',(-0.000950379950345054,0.999999548388876,0.));
#3449=DIRECTION('',(0.704485120234176,-0.709718757937705,0.));
#3450=DIRECTION('',(0.709718757937704,0.704485120234175,0.));
#3451=DIRECTION('',(0.,0.,1.));
#3452=DIRECTION('',(1.,0.,0.));
#3453=DIRECTION('',(1.,0.,2.07525764917793E-10));
#3454=DIRECTION('',(0.,-1.,0.));
#3455=DIRECTION('',(-1.,0.,-2.07525764917793E-10));
#3456=DIRECTION('',(0.,1.,0.));
#3457=DIRECTION('',(2.07525764917793E-10,0.,-1.));
#3458=DIRECTION('',(-1.,0.,-2.07525767403904E-10));
#3459=DIRECTION('',(0.,1.,0.));
#3460=DIRECTION('',(0.999027997019641,0.,-0.0440801675464579));
#3461=DIRECTION('',(0.,1.,0.));
#3462=DIRECTION('',(0.999027997019641,0.,-0.0440801675464579));
#3463=DIRECTION('',(0.,1.,0.));
#3464=DIRECTION('',(-5.8396040761497E-15,1.,-3.73852837434954E-14));
#3465=DIRECTION('',(0.,3.73940864680886E-14,1.));
#3466=DIRECTION('',(1.,0.,9.69933708450211E-13));
#3467=DIRECTION('',(1.,0.,9.69933708450211E-13));
#3468=DIRECTION('',(0.,1.,0.));
#3469=DIRECTION('',(-9.69933708450211E-13,0.,1.));
#3470=DIRECTION('',(1.,0.,9.6993246767596E-13));
#3471=DIRECTION('',(0.,0.,-1.));
#3472=DIRECTION('',(0.,1.,0.));
#3473=DIRECTION('',(1.,0.,0.));
#3474=DIRECTION('',(-1.,0.,0.));
#3475=DIRECTION('',(0.,-1.,0.));
#3476=DIRECTION('',(1.,0.,0.));
#3477=DIRECTION('',(0.,1.,0.));
#3478=DIRECTION('',(0.,0.,1.));
#3479=DIRECTION('',(1.,0.,0.));
#3480=DIRECTION('',(-1.,0.,0.));
#3481=DIRECTION('',(0.,-1.,0.));
#3482=DIRECTION('',(-1.,0.,0.));
#3483=DIRECTION('',(0.,0.,-1.));
#3484=DIRECTION('',(-1.,0.,0.));
#3485=DIRECTION('',(0.,0.,-1.));
#3486=DIRECTION('',(-6.24538126919211E-15,0.,1.));
#3487=DIRECTION('',(0.,1.,0.));
#3488=DIRECTION('',(0.,0.,1.));
#3489=DIRECTION('',(-3.11847186348552E-9,0.,1.));
#3490=DIRECTION('',(0.,-1.,0.));
#3491=DIRECTION('',(3.11847186348552E-9,0.,-1.));
#3492=DIRECTION('',(0.,1.,0.));
#3493=DIRECTION('',(1.,0.,3.11847186348552E-9));
#3494=DIRECTION('',(3.11847186268421E-9,0.,-1.));
#3495=DIRECTION('',(0.,1.,0.));
#3496=DIRECTION('',(-0.338520259978745,0.,0.94095910303473));
#3497=DIRECTION('',(0.,1.,0.));
#3498=DIRECTION('',(-0.338520259978858,0.,0.940959103034689));
#3499=DIRECTION('',(0.,1.,0.));
#3500=DIRECTION('',(9.40408020215463E-14,1.,3.38973784149265E-14));
#3501=DIRECTION('',(-1.,9.40353843341474E-14,0.));
#3502=DIRECTION('',(-9.70039990400347E-8,0.,0.999999999999995));
#3503=DIRECTION('',(-9.70039990400347E-8,0.,0.999999999999995));
#3504=DIRECTION('',(0.,1.,0.));
#3505=DIRECTION('',(-0.999999999999995,0.,-9.70039990400347E-8));
#3506=DIRECTION('',(-9.70039990416671E-8,0.,0.999999999999995));
#3507=DIRECTION('',(0.,1.,0.));
#3508=DIRECTION('',(-0.657886060490269,0.,0.753117475174089));
#3509=DIRECTION('',(0.,1.,0.));
#3510=DIRECTION('',(1.,0.,0.));
#3511=DIRECTION('',(-8.73557178974037E-17,-1.,-1.09039761347113E-16));
#3512=DIRECTION('',(-0.823693581759263,0.,0.567035169428313));
#3513=DIRECTION('',(0.,-1.,0.));
#3514=DIRECTION('',(-0.823693581759263,0.,0.567035169428313));
#3515=DIRECTION('',(0.,1.,0.));
#3516=DIRECTION('',(-0.567035169428313,0.,-0.823693581759263));
#3517=DIRECTION('',(-0.823693581759263,0.,0.567035169428313));
#3518=DIRECTION('',(0.823693581759263,0.,-0.567035169428314));
#3519=DIRECTION('',(0.,-1.,0.));
#3520=DIRECTION('',(0.823693581759263,0.,-0.567035169428314));
#3521=DIRECTION('',(0.,1.,0.));
#3522=DIRECTION('',(0.567035169428314,0.,0.823693581759263));
#3523=DIRECTION('',(0.823693581759263,0.,-0.567035169428314));
#3524=DIRECTION('',(0.,0.,1.));
#3525=DIRECTION('',(6.39409000717411E-15,0.,-1.));
#3526=DIRECTION('',(0.,1.,0.));
#3527=DIRECTION('',(0.,0.,1.));
#3528=DIRECTION('',(1.,0.,-2.16911940892871E-13));
#3529=DIRECTION('',(0.,-1.,0.));
#3530=DIRECTION('',(-1.,0.,2.16911940892871E-13));
#3531=DIRECTION('',(0.,1.,0.));
#3532=DIRECTION('',(-2.16911940892871E-13,0.,-1.));
#3533=DIRECTION('',(-1.,0.,2.16916762330044E-13));
#3534=DIRECTION('',(1.,0.,-4.8846121973158E-13));
#3535=DIRECTION('',(0.,-1.,0.));
#3536=DIRECTION('',(1.,0.,-4.8846121973158E-13));
#3537=DIRECTION('',(0.,1.,0.));
#3538=DIRECTION('',(4.8846121973158E-13,0.,1.));
#3539=DIRECTION('',(1.,0.,-4.88456497471645E-13));
#3540=DIRECTION('',(0.,1.,0.));
#3541=DIRECTION('',(0.998314968959151,0.,0.0580277756948282));
#3542=DIRECTION('',(-2.90012510981827E-16,0.,1.));
#3543=DIRECTION('',(0.,1.,0.));
#3544=DIRECTION('',(0.999999989059406,0.,0.000147922913077564));
#3545=DIRECTION('',(0.,1.,0.));
#3546=DIRECTION('',(1.,0.,0.));
#3547=DIRECTION('',(3.5485542938208E-7,0.,-0.999999999999937));
#3548=DIRECTION('',(0.,1.,0.));
#3549=DIRECTION('',(-3.5485542938208E-7,0.,0.999999999999937));
#3550=DIRECTION('',(0.,1.,0.));
#3551=DIRECTION('',(-0.999999999999937,0.,-3.5485542938208E-7));
#3552=DIRECTION('',(-3.54855429388068E-7,0.,0.999999999999937));
#3553=DIRECTION('',(-3.54937826638087E-7,0.,0.999999999999937));
#3554=DIRECTION('',(0.,1.,0.));
#3555=DIRECTION('',(3.54937826638087E-7,0.,-0.999999999999937));
#3556=DIRECTION('',(0.999999999999937,0.,3.54937826638087E-7));
#3557=DIRECTION('',(3.54937826643753E-7,0.,-0.999999999999937));
#3558=DIRECTION('',(0.,1.,0.));
#3559=DIRECTION('',(0.921065210628748,0.,-0.389408368900078));
#3560=DIRECTION('',(0.999999999999937,0.,3.5485542652464E-7));
#3561=DIRECTION('',(0.,1.,0.));
#3562=DIRECTION('',(1.,0.,0.));
#3563=DIRECTION('',(4.02788823637586E-9,0.,1.));
#3564=DIRECTION('',(0.,-1.,0.));
#3565=DIRECTION('',(-4.02788823637586E-9,0.,-1.));
#3566=DIRECTION('',(1.,0.,-4.02788823637586E-9));
#3567=DIRECTION('',(-4.02788823822275E-9,0.,-1.));
#3568=DIRECTION('',(1.14241771992004E-7,0.,0.999999999999993));
#3569=DIRECTION('',(1.14241771992004E-7,0.,0.999999999999993));
#3570=DIRECTION('',(0.,1.,0.));
#3571=DIRECTION('',(-0.999999999999993,0.,1.14241771992004E-7));
#3572=DIRECTION('',(1.14241771993762E-7,0.,0.999999999999993));
#3573=DIRECTION('',(0.,1.,0.));
#3574=DIRECTION('',(-0.583376766948576,0.,-0.812201666942778));
#3575=DIRECTION('',(1.,0.,0.));
#3576=DIRECTION('',(0.,1.,0.));
#3577=DIRECTION('',(1.,0.,0.));
#3578=DIRECTION('',(-1.,0.,0.));
#3579=DIRECTION('',(0.,1.,0.));
#3580=DIRECTION('',(1.,0.,0.));
#3581=DIRECTION('',(0.,1.,0.));
#3582=DIRECTION('',(-1.,0.,0.));
#3583=DIRECTION('',(0.,0.,1.));
#3584=DIRECTION('',(1.,0.,0.));
#3585=DIRECTION('',(0.,1.,0.));
#3586=DIRECTION('',(0.,1.,0.));
#3587=DIRECTION('',(8.92143501930929E-17,-1.,6.56716744476936E-17));
#3588=DIRECTION('',(1.,0.,0.));
#3589=DIRECTION('',(1.,0.,0.));
#3590=DIRECTION('',(0.,1.,0.));
#3591=DIRECTION('',(0.,0.,1.));
#3592=DIRECTION('',(1.,0.,0.));
#3593=DIRECTION('',(0.,0.,-1.));
#3594=DIRECTION('',(0.,0.,-1.));
#3595=DIRECTION('',(0.,1.,0.));
#3596=DIRECTION('',(1.,0.,0.));
#3597=DIRECTION('',(0.,0.,-1.));
#3598=DIRECTION('',(-1.,0.,-6.27457153652015E-16));
#3599=DIRECTION('',(-1.,0.,-6.27457153652015E-16));
#3600=DIRECTION('',(0.,1.,0.));
#3601=DIRECTION('',(6.27457153652015E-16,0.,-1.));
#3602=DIRECTION('',(-1.,0.,-6.24500451351651E-16));
#3603=DIRECTION('',(2.29850860566926E-16,-1.,1.34131297338921E-16));
#3604=DIRECTION('',(0.,0.,-1.));
#3605=DIRECTION('',(0.,0.,1.));
#3606=DIRECTION('',(0.,1.,0.));
#3607=DIRECTION('',(-1.,0.,0.));
#3608=DIRECTION('',(0.,0.,1.));
#3609=DIRECTION('',(1.,0.,0.));
#3610=DIRECTION('',(-1.,0.,0.));
#3611=DIRECTION('',(0.,1.,0.));
#3612=DIRECTION('',(0.,0.,-1.));
#3613=DIRECTION('',(-1.,0.,0.));
#3614=DIRECTION('',(0.,1.,0.));
#3615=DIRECTION('',(-8.42579974045889E-17,-1.,-3.06674328788756E-17));
#3616=DIRECTION('',(0.,1.,0.));
#3617=DIRECTION('',(3.40749254209725E-17,-1.,2.04449552525837E-17));
#3618=DIRECTION('',(-1.,0.,0.));
#3619=DIRECTION('',(1.,0.,0.));
#3620=DIRECTION('',(0.,1.,0.));
#3621=DIRECTION('',(0.,0.,1.));
#3622=DIRECTION('',(1.,0.,0.));
#3623=DIRECTION('',(0.,0.,1.));
#3624=DIRECTION('',(0.,0.,-1.));
#3625=DIRECTION('',(1.,0.,0.));
#3626=DIRECTION('',(0.,0.,-1.));
#3627=DIRECTION('',(0.,1.,0.));
#3628=DIRECTION('',(1.,0.,0.));
#3629=DIRECTION('',(1.,0.,0.));
#3630=DIRECTION('',(0.,1.,0.));
#3631=DIRECTION('',(-1.,0.,0.));
#3632=DIRECTION('',(0.,1.,0.));
#3633=DIRECTION('',(0.,0.,-1.));
#3634=DIRECTION('',(-1.,0.,0.));
#3635=DIRECTION('',(-0.999999999999775,0.,-6.70773528236275E-7));
#3636=DIRECTION('',(0.,-1.,0.));
#3637=DIRECTION('',(0.999999999999775,0.,6.70773528236275E-7));
#3638=DIRECTION('',(-6.70773528236275E-7,0.,0.999999999999775));
#3639=DIRECTION('',(0.999999999999775,0.,6.70773528235746E-7));
#3640=DIRECTION('',(-1.,0.,2.77483542131107E-8));
#3641=DIRECTION('',(8.0953762212251E-14,-1.,0.));
#3642=DIRECTION('',(-1.,0.,2.77483542131107E-8));
#3643=DIRECTION('',(-2.77483542131107E-8,0.,-1.));
#3644=DIRECTION('',(-1.,0.,2.77483542115986E-8));
#3645=DIRECTION('',(0.,1.,0.));
#3646=DIRECTION('',(0.741800758416818,0.,0.670620335817692));
#3647=DIRECTION('',(0.,0.,1.));
#3648=DIRECTION('',(0.,1.,0.));
#3649=DIRECTION('',(1.,0.,0.));
#3650=DIRECTION('',(-1.,0.,0.));
#3651=DIRECTION('',(0.,1.,0.));
#3652=DIRECTION('',(1.,0.,0.));
#3653=DIRECTION('',(0.,1.,0.));
#3654=DIRECTION('',(0.,0.,1.));
#3655=DIRECTION('',(1.,0.,0.));
#3656=DIRECTION('',(0.,0.,-1.));
#3657=DIRECTION('',(0.,0.,1.));
#3658=DIRECTION('',(0.,0.,-1.));
#3659=DIRECTION('',(-1.,0.,0.));
#3660=DIRECTION('',(0.,0.,1.));
#3661=DIRECTION('',(-1.51409672008681E-12,1.,3.07785110608258E-12));
#3662=DIRECTION('',(0.,-3.07785108718277E-12,1.));
#3663=DIRECTION('',(0.,1.,0.));
#3664=DIRECTION('',(4.46071750965462E-17,-1.,1.58603289232165E-16));
#3665=DIRECTION('',(0.,0.,-1.));
#3666=DIRECTION('',(0.,0.,1.));
#3667=DIRECTION('',(0.,0.,-1.));
#3668=DIRECTION('',(-1.,0.,0.));
#3669=DIRECTION('',(0.,0.,1.));
#3670=DIRECTION('',(-6.99151231484837E-13,1.,-1.7019508208516E-12));
#3671=DIRECTION('',(0.,1.70195168366603E-12,1.));
#3672=DIRECTION('',(0.,1.,0.));
#3673=DIRECTION('',(1.61081465626417E-16,-1.,-3.53140136180992E-17));
#3674=DIRECTION('',(1.,0.,1.38428695700692E-15));
#3675=DIRECTION('',(-1.,0.,-1.38428695700692E-15));
#3676=DIRECTION('',(0.,1.,0.));
#3677=DIRECTION('',(1.38428695700692E-15,0.,-1.));
#3678=DIRECTION('',(-1.,0.,-1.38083988687754E-15));
#3679=DIRECTION('',(0.,0.,1.));
#3680=DIRECTION('',(0.,0.,-1.));
#3681=DIRECTION('',(0.,0.,1.));
#3682=DIRECTION('',(1.,0.,0.));
#3683=DIRECTION('',(0.,0.,-1.));
#3684=DIRECTION('',(0.,1.,0.));
#3685=DIRECTION('',(1.,0.,0.));
#3686=DIRECTION('',(0.,1.,0.));
#3687=DIRECTION('',(-6.00078586103096E-16,1.,1.18474681242837E-15));
#3688=DIRECTION('',(0.,-1.19354294041268E-15,1.));
#3689=DIRECTION('',(3.1938100299623E-16,1.,-2.15397484044698E-16));
#3690=DIRECTION('',(-1.,4.52136658177492E-16,0.));
#3691=DIRECTION('',(5.63785129692471E-17,-1.,1.48690583655155E-16));
#3692=DIRECTION('',(-2.05576844098112E-16,1.,-9.49667131933095E-17));
#3693=DIRECTION('',(-1.,-3.95370008049699E-16,0.));
#3694=DIRECTION('',(0.,1.,0.));
#3695=DIRECTION('',(-1.1027884954424E-16,-1.,1.94536846948828E-16));
#3696=DIRECTION('',(-3.15967490267202E-17,-1.,3.39510166012604E-16));
#3697=DIRECTION('',(3.10943054781375E-16,1.,-2.74521807357857E-16));
#3698=DIRECTION('',(-1.,3.86245320003706E-16,0.));
#3699=DIRECTION('',(-5.64886003475942E-14,1.,-5.96353693373639E-14));
#3700=DIRECTION('',(0.,5.96385458064114E-14,1.));
#3701=DIRECTION('',(8.95167729047596E-17,1.,3.43590122101636E-16));
#3702=DIRECTION('',(0.,-2.36032244579897E-16,1.));
#3703=DIRECTION('',(0.,1.,0.));
#3704=DIRECTION('',(1.,0.,0.));
#3705=DIRECTION('',(-2.3917289388637E-10,0.,-1.));
#3706=DIRECTION('',(0.,-1.,0.));
#3707=DIRECTION('',(2.3917289388637E-10,0.,1.));
#3708=DIRECTION('',(0.,1.,0.));
#3709=DIRECTION('',(-1.,0.,2.3917289388637E-10));
#3710=DIRECTION('',(2.39172889826555E-10,0.,1.));
#3711=DIRECTION('',(0.,-1.,0.));
#3712=DIRECTION('',(0.354806583444732,0.,-0.934939724444457));
#3713=DIRECTION('',(0.,1.,0.));
#3714=DIRECTION('',(0.383954419882217,0.,-0.923352047408197));
#3715=DIRECTION('',(0.,1.,0.));
#3716=DIRECTION('',(1.2566156365812E-14,1.,4.9278992864112E-15));
#3717=DIRECTION('',(-1.,1.25553438390544E-14,0.));
#3718=DIRECTION('',(-7.7686181329116E-11,0.,-1.));
#3719=DIRECTION('',(-7.7686181329116E-11,0.,-1.));
#3720=DIRECTION('',(0.,1.,0.));
#3721=DIRECTION('',(1.,0.,-7.7686181329116E-11));
#3722=DIRECTION('',(-7.76861769358206E-11,0.,-1.));
#3723=DIRECTION('',(-1.,0.,0.));
#3724=DIRECTION('',(0.,1.,0.));
#3725=DIRECTION('',(1.,0.,0.));
#3726=DIRECTION('',(1.,0.,0.));
#3727=DIRECTION('',(0.,1.,0.));
#3728=DIRECTION('',(-1.,0.,0.));
#3729=DIRECTION('',(0.,1.,0.));
#3730=DIRECTION('',(1.,0.,0.));
#3731=DIRECTION('',(0.,0.,-1.));
#3732=DIRECTION('',(-1.,0.,0.));
#3733=DIRECTION('',(-1.,0.,0.));
#3734=DIRECTION('',(0.,1.,0.));
#3735=DIRECTION('',(1.,0.,0.));
#3736=DIRECTION('',(0.,1.,0.));
#3737=DIRECTION('',(0.,0.,1.));
#3738=DIRECTION('',(1.,0.,0.));
#3739=DIRECTION('',(0.999999999999937,0.,3.5485542652464E-7));
#3740=DIRECTION('',(0.,1.,0.));
#3741=DIRECTION('',(-3.5485542652464E-7,0.,0.999999999999937));
#3742=DIRECTION('',(0.999999999999937,0.,3.54855426522305E-7));
#3743=DIRECTION('',(2.90012510981827E-16,0.,-1.));
#3744=DIRECTION('',(-2.90012510981827E-16,0.,1.));
#3745=DIRECTION('',(2.90012510981827E-16,0.,-1.));
#3746=DIRECTION('',(-1.,0.,-2.90012510981827E-16));
#3747=DIRECTION('',(-2.91433543964104E-16,0.,1.));
#3748=DIRECTION('',(0.,0.,1.));
#3749=DIRECTION('',(0.,0.,-1.));
#3750=DIRECTION('',(0.,1.,0.));
#3751=DIRECTION('',(1.,0.,0.));
#3752=DIRECTION('',(0.,0.,-1.));
#3753=DIRECTION('',(1.,0.,0.));
#3754=DIRECTION('',(-1.,0.,0.));
#3755=DIRECTION('',(0.,1.,0.));
#3756=DIRECTION('',(0.,0.,-1.));
#3757=DIRECTION('',(-1.,0.,0.));
#3758=DIRECTION('',(0.,0.,1.));
#3759=DIRECTION('',(0.,0.,-1.));
#3760=DIRECTION('',(0.,0.,1.));
#3761=DIRECTION('',(1.,0.,0.));
#3762=DIRECTION('',(0.,0.,-1.));
#3763=DIRECTION('',(0.,1.,0.));
#3764=DIRECTION('',(0.,0.,1.));
#3765=DIRECTION('',(-2.48636058946965E-15,1.,-9.21087320360242E-15));
#3766=DIRECTION('',(0.,9.21452735261594E-15,1.));
#3767=DIRECTION('',(1.70817453606531E-15,1.,9.31821244504713E-16));
#3768=DIRECTION('',(-1.,1.68541952454417E-15,0.));
#3769=DIRECTION('',(1.76593134322073E-15,1.,1.3417154499041E-15));
#3770=DIRECTION('',(-1.,1.76773722999301E-15,0.));
#3771=DIRECTION('',(2.32948581059744E-16,-1.,5.57589688706831E-18));
#3772=DIRECTION('',(-5.54168462624043E-15,1.,5.3847530015204E-15));
#3773=DIRECTION('',(-1.,-5.53473717158728E-15,0.));
#3774=DIRECTION('',(7.10924748195892E-17,1.,1.4085361787547E-16));
#3775=DIRECTION('',(0.,-1.68720876369458E-16,1.));
#3776=DIRECTION('',(1.16702559525403E-15,1.,1.8779953331572E-15));
#3777=DIRECTION('',(0.,-1.88488327847754E-15,1.));
#3778=DIRECTION('',(-3.18462580024058E-17,1.,-1.36288137644838E-16));
#3779=DIRECTION('',(0.,1.7327741722161E-16,1.));
#3780=DIRECTION('',(-2.66627140301009E-15,1.,-1.05102217275568E-15));
#3781=DIRECTION('',(-1.,-2.66234360763876E-15,0.));
#3782=DIRECTION('',(-1.36216635577871E-15,1.,-1.03140639913966E-15));
#3783=DIRECTION('',(-1.,-1.38360667696961E-15,0.));
#3784=DIRECTION('',(2.09196087835251E-15,1.,5.94109224922299E-16));
#3785=DIRECTION('',(-1.,2.10957063483672E-15,0.));
#3786=DIRECTION('',(-4.03919638372086E-15,1.,-6.3788908091324E-16));
#3787=DIRECTION('',(-1.,-4.04379356846394E-15,0.));
#3788=DIRECTION('',(6.99625822268014E-15,1.,-3.28977556915471E-15));
#3789=DIRECTION('',(-1.,7.02735652106137E-15,0.));
#3790=DIRECTION('',(-5.15514463723905E-17,1.,-8.67552121830387E-16));
#3791=DIRECTION('',(0.,9.02090389566037E-16,1.));
#3792=DIRECTION('',(0.807170118079212,0.,-0.590318897275016));
#3793=DIRECTION('',(-0.807170118079212,0.,0.590318897275016));
#3794=DIRECTION('',(0.,1.,0.));
#3795=DIRECTION('',(-0.590318897275016,0.,-0.807170118079212));
#3796=DIRECTION('',(-0.807170118079212,0.,0.590318897275016));
#3797=DIRECTION('',(6.39409000717411E-15,0.,-1.));
#3798=DIRECTION('',(6.39409000717411E-15,0.,-1.));
#3799=DIRECTION('',(0.,1.,0.));
#3800=DIRECTION('',(1.,0.,6.39409000717411E-15));
#3801=DIRECTION('',(6.39766017940246E-15,0.,-1.));
#3802=DIRECTION('',(0.,1.,0.));
#3803=DIRECTION('',(-1.73472347597676E-17,-1.,1.36299701683893E-16));
#3804=DIRECTION('',(4.39876309979835E-17,-1.,6.740639792367E-16));
#3805=DIRECTION('',(-2.44874335965803E-16,1.,-9.53528113212379E-16));
#3806=DIRECTION('',(0.,9.7151940390414E-16,1.));
#3807=DIRECTION('',(-1.63173583328635E-17,1.,-1.63673914257469E-17));
#3808=DIRECTION('',(0.,0.,1.));
#3809=DIRECTION('',(5.07924148821168E-17,1.,-9.14767886805752E-16));
#3810=DIRECTION('',(0.,9.16941385424354E-16,1.));
#3811=DIRECTION('',(-9.40792568643398E-16,1.,2.57489686201097E-16));
#3812=DIRECTION('',(-1.,-9.40763551994304E-16,0.));
#3813=DIRECTION('',(-1.05019565654239E-15,1.,3.28337406243306E-15));
#3814=DIRECTION('',(0.,-3.31251798984611E-15,1.));
#3815=DIRECTION('',(3.21115392091698E-16,1.,7.58497728110634E-17));
#3816=DIRECTION('',(-1.,3.16980206450238E-16,0.));
#3817=DIRECTION('',(-1.,0.,1.04902562785193E-15));
#3818=DIRECTION('',(-1.,0.,1.04902562785193E-15));
#3819=DIRECTION('',(-1.04902562785193E-15,0.,-1.));
#3820=DIRECTION('',(-1.,0.,1.04777297948999E-15));
#3821=DIRECTION('',(5.76253211584767E-16,1.,8.64934464331904E-17));
#3822=DIRECTION('',(-1.,5.35024287536192E-16,0.));
#3823=DIRECTION('',(-1.04929585681272E-15,1.,-4.91639659108862E-16));
#3824=DIRECTION('',(-1.,-1.03835930611656E-15,0.));
#3825=DIRECTION('',(-1.625556328052E-15,1.,-1.55288651589493E-15));
#3826=DIRECTION('',(-1.,-1.59283926273223E-15,0.));
#3827=DIRECTION('',(2.97991982038142E-16,1.,-6.90400336077628E-16));
#3828=DIRECTION('',(0.,6.99030744688202E-16,1.));
#3829=DIRECTION('',(-1.25469231422816E-16,1.,-1.34539138272754E-15));
#3830=DIRECTION('',(0.,1.3522903970933E-15,1.));
#3831=DIRECTION('',(-2.397936761203E-15,1.,2.47823112876239E-15));
#3832=DIRECTION('',(0.,-2.48624873133736E-15,1.));
#3833=DIRECTION('',(-9.77279866282855E-16,1.,9.84484927564587E-16));
#3834=DIRECTION('',(0.,-1.01231907815273E-15,1.));
#3835=DIRECTION('',(-6.24538126919211E-15,0.,1.));
#3836=DIRECTION('',(-6.24538126919211E-15,0.,1.));
#3837=DIRECTION('',(-1.,0.,-6.24538126919211E-15));
#3838=DIRECTION('',(-6.24500451351651E-15,0.,1.));
#3839=DIRECTION('',(4.2649206241713E-15,1.,-6.55046244490393E-15));
#3840=DIRECTION('',(0.,6.86677017725239E-15,1.));
#3841=DIRECTION('',(-8.5016443472794E-16,1.,-1.20782146389186E-15));
#3842=DIRECTION('',(0.,1.17209969691832E-15,1.));
#3843=DIRECTION('',(-5.19603742604792E-16,1.,-4.01701346819696E-15));
#3844=DIRECTION('',(0.,4.03004024841139E-15,1.));
#3845=DIRECTION('',(0.,1.,0.));
#3846=DIRECTION('',(1.,0.,0.));
#3847=DIRECTION('',(0.,1.,0.));
#3848=DIRECTION('',(1.,0.,0.));
#3849=DIRECTION('',(0.,1.,0.));
#3850=DIRECTION('',(0.,0.,1.));
#3851=DIRECTION('',(0.,-1.,0.));
#3852=DIRECTION('',(0.,-1.,0.));
#3853=DIRECTION('',(0.,0.,1.));
#3854=DIRECTION('',(0.,1.,0.));
#3855=DIRECTION('',(0.,-1.,0.));
#3856=DIRECTION('',(0.,0.,-1.));
#3857=DIRECTION('',(0.,1.,0.));
#3858=DIRECTION('',(0.,0.,1.));
#3859=DIRECTION('',(0.,-1.,0.));
#3860=DIRECTION('',(0.,-1.,0.));
#3861=DIRECTION('',(0.,0.,1.));
#3862=DIRECTION('',(0.,1.,0.));
#3863=DIRECTION('',(0.,-1.,0.));
#3864=DIRECTION('',(0.,0.,-1.));
#3865=DIRECTION('',(0.,-1.,0.));
#3866=DIRECTION('',(0.,0.,0.999999999999999));
#3867=DIRECTION('',(0.,-1.,0.));
#3868=DIRECTION('',(0.,1.,0.));
#3869=DIRECTION('',(0.,0.,0.999999999999999));
#3870=DIRECTION('',(0.,1.,0.));
#3871=DIRECTION('',(0.,1.,0.));
#3872=DIRECTION('',(0.,0.,0.999999999999999));
#3873=DIRECTION('',(0.,-1.,0.));
#3874=DIRECTION('',(0.,0.,1.));
#3875=DIRECTION('',(0.,-1.,0.));
#3876=DIRECTION('',(0.,1.,0.));
#3877=DIRECTION('',(0.,0.,1.));
#3878=DIRECTION('',(0.,1.,0.));
#3879=DIRECTION('',(0.,1.,0.));
#3880=DIRECTION('',(0.,0.,1.));
#3881=DIRECTION('',(-0.405883015908183,0.,0.913925039265955));
#3882=DIRECTION('',(-0.405883015908183,0.,0.913925039265955));
#3883=DIRECTION('',(0.,1.,0.));
#3884=DIRECTION('',(-0.913925039265955,0.,-0.405883015908183));
#3885=DIRECTION('',(-0.405883015908183,0.,0.913925039265955));
#3886=DIRECTION('',(-0.798334999296382,0.,-0.60221360736739));
#3887=DIRECTION('',(-0.798334999296382,0.,-0.60221360736739));
#3888=DIRECTION('',(0.60221360736739,0.,-0.798334999296382));
#3889=DIRECTION('',(-0.798334999296382,0.,-0.60221360736739));
#3890=DIRECTION('',(-1.98822174897054E-15,0.,-1.));
#3891=DIRECTION('',(-1.98822174897054E-15,0.,-1.));
#3892=DIRECTION('',(0.,1.,0.));
#3893=DIRECTION('',(1.,0.,-1.98822174897054E-15));
#3894=DIRECTION('',(-1.98799310346942E-15,0.,-1.));
#3895=DIRECTION('',(1.,0.,-7.54227598250786E-16));
#3896=DIRECTION('',(1.,0.,-7.54227598250786E-16));
#3897=DIRECTION('',(7.54227598250786E-16,0.,1.));
#3898=DIRECTION('',(1.,0.,-7.54171031180917E-16));
#3899=DIRECTION('',(-8.93266465487533E-16,0.,-1.));
#3900=DIRECTION('',(-8.93266465487533E-16,0.,-1.));
#3901=DIRECTION('',(1.,0.,-8.93266465487533E-16));
#3902=DIRECTION('',(-8.93165749693559E-16,0.,-1.));
#3903=DIRECTION('',(-1.,0.,1.00563679766771E-15));
#3904=DIRECTION('',(-1.,0.,1.00563679766771E-15));
#3905=DIRECTION('',(0.,1.,0.));
#3906=DIRECTION('',(-1.00563679766771E-15,0.,-1.));
#3907=DIRECTION('',(-1.,0.,1.00570593519755E-15));
#3908=DIRECTION('',(-1.,0.,7.84055808351099E-16));
#3909=DIRECTION('',(-1.,0.,7.84055808351099E-16));
#3910=DIRECTION('',(0.,1.,0.));
#3911=DIRECTION('',(-7.84055808351099E-16,0.,-1.));
#3912=DIRECTION('',(-1.,0.,7.84095011141517E-16));
#3913=DIRECTION('',(0.,-1.,0.));
#3914=DIRECTION('',(0.,0.,-1.));
#3915=DIRECTION('',(0.,1.,0.));
#3916=DIRECTION('',(0.,1.,0.));
#3917=DIRECTION('',(0.,0.,-1.));
#3918=DIRECTION('',(0.,-1.,0.));
#3919=DIRECTION('',(0.,-1.,0.));
#3920=DIRECTION('',(0.,0.,-1.));
#3921=DIRECTION('',(0.,-1.,0.));
#3922=DIRECTION('',(0.,0.,-1.));
#3923=DIRECTION('',(0.,1.,0.));
#3924=DIRECTION('',(0.,1.,0.));
#3925=DIRECTION('',(0.,0.,-1.));
#3926=DIRECTION('',(0.,-1.,0.));
#3927=DIRECTION('',(0.,-1.,0.));
#3928=DIRECTION('',(0.,0.,-1.));
#3929=DIRECTION('',(0.,1.,0.));
#3930=DIRECTION('',(0.,0.,-0.999999999999999));
#3931=DIRECTION('',(0.,1.,0.));
#3932=DIRECTION('',(0.,-1.,0.));
#3933=DIRECTION('',(0.,0.,-0.999999999999999));
#3934=DIRECTION('',(0.,-1.,0.));
#3935=DIRECTION('',(0.,1.,0.));
#3936=DIRECTION('',(0.,0.,0.999999999999999));
#3937=DIRECTION('',(0.,1.,0.));
#3938=DIRECTION('',(0.,0.,-1.));
#3939=DIRECTION('',(0.,1.,0.));
#3940=DIRECTION('',(0.,-1.,0.));
#3941=DIRECTION('',(0.,0.,-1.));
#3942=DIRECTION('',(0.,-1.,0.));
#3943=DIRECTION('',(0.,1.,0.));
#3944=DIRECTION('',(0.,0.,1.));
#3945=DIRECTION('',(-0.798334999296382,0.,0.60221360736739));
#3946=DIRECTION('',(-1.98822174897054E-15,0.,1.));
#3947=DIRECTION('',(1.,0.,7.54227598250786E-16));
#3948=DIRECTION('',(-8.93266465487533E-16,0.,1.));
#3949=DIRECTION('',(-1.,0.,-1.00563679766771E-15));
#3950=DIRECTION('',(0.,0.,-1.));
#3951=DIRECTION('',(0.,0.,1.));
#3952=DIRECTION('',(-1.,0.,-7.84055808351099E-16));
#3953=DIRECTION('',(-0.405883015908183,0.,-0.913925039265955));
#3954=DIRECTION('',(0.,-1.,0.));
#3955=DIRECTION('',(0.,0.,-1.));
#3956=DIRECTION('',(-1.98822174897054E-15,0.,1.));
#3957=DIRECTION('',(-0.798334999296382,0.,0.60221360736739));
#3958=DIRECTION('',(-0.405883015908183,0.,-0.913925039265955));
#3959=DIRECTION('',(-1.,0.,-7.84055808351099E-16));
#3960=DIRECTION('',(0.,0.,1.));
#3961=DIRECTION('',(0.,0.,-1.));
#3962=DIRECTION('',(-1.,0.,-1.00563679766771E-15));
#3963=DIRECTION('',(-8.93266465487533E-16,0.,1.));
#3964=DIRECTION('',(1.,0.,7.54227598250786E-16));
#3965=DIRECTION('',(0.,-1.,0.));
#3966=DIRECTION('',(0.,0.,-1.));
#3967=DIRECTION('',(0.,1.,0.));
#3968=DIRECTION('',(0.913925039265955,0.,-0.405883015908183));
#3969=DIRECTION('',(-0.405883015908183,0.,-0.913925039265955));
#3970=DIRECTION('',(-0.60221360736739,0.,-0.798334999296382));
#3971=DIRECTION('',(-0.798334999296382,0.,0.60221360736739));
#3972=DIRECTION('',(0.,1.,0.));
#3973=DIRECTION('',(-1.,0.,-1.98822174897054E-15));
#3974=DIRECTION('',(-1.98799310346942E-15,0.,1.));
#3975=DIRECTION('',(-7.54227598250786E-16,0.,1.));
#3976=DIRECTION('',(1.,0.,7.54171031180917E-16));
#3977=DIRECTION('',(-1.,0.,-8.93266465487533E-16));
#3978=DIRECTION('',(-8.93165749693559E-16,0.,1.));
#3979=DIRECTION('',(0.,1.,0.));
#3980=DIRECTION('',(1.00563679766771E-15,0.,-1.));
#3981=DIRECTION('',(-1.,0.,-1.00570593519755E-15));
#3982=DIRECTION('',(-1.,0.,0.));
#3983=DIRECTION('',(0.,0.,1.));
#3984=DIRECTION('',(0.,1.,0.));
#3985=DIRECTION('',(1.,0.,0.));
#3986=DIRECTION('',(0.,0.,-1.));
#3987=DIRECTION('',(7.84055808351099E-16,0.,-1.));
#3988=DIRECTION('',(-1.,0.,-7.84095011141517E-16));
#3989=DIRECTION('',(-1.,0.,0.));
#3990=DIRECTION('',(0.,0.,1.));
#3991=DIRECTION('',(-1.,0.,0.));
#3992=DIRECTION('',(0.,0.,1.));
#3993=DIRECTION('',(1.,0.,1.01064309961486E-15));
#3994=DIRECTION('',(1.01064309961486E-15,0.,-1.));
#3995=DIRECTION('',(1.,0.,1.01064309961486E-15));
#3996=DIRECTION('',(1.01064309961486E-15,0.,-1.));
#3997=CARTESIAN_POINT('',(0.,0.,0.));
#3998=CARTESIAN_POINT('',(-33.0723602484472,7.34041137261715,-62.5));
#3999=CARTESIAN_POINT('',(-34.9109036964642,9.1584721039259,-62.5));
#4000=CARTESIAN_POINT('',(-33.21865714746,7.48507841733358,-62.5));
#4001=CARTESIAN_POINT('',(-33.21865714746,7.48507841733358,-63.));
#4002=CARTESIAN_POINT('',(-33.21865714746,7.48507841733358,-0.5));
#4003=CARTESIAN_POINT('',(-35.7749025159625,10.0128453455924,-0.5));
#4004=CARTESIAN_POINT('',(-34.9109036964642,9.1584721039259,-0.5));
#4005=CARTESIAN_POINT('',(-34.9109036964642,9.1584721039259,-63.));
#4006=CARTESIAN_POINT('',(-35.7749025159625,10.0128453455924,-63.));
#4007=CARTESIAN_POINT('',(55.2276397515528,7.42432996013079,0.));
#4008=CARTESIAN_POINT('',(-32.3619418665672,7.34108654030855,0.));
#4009=CARTESIAN_POINT('',(58.5172213696727,7.42745631395755,0.));
#4010=CARTESIAN_POINT('',(-32.3619418665672,7.34108654030855,-0.5));
#4011=CARTESIAN_POINT('',(-32.8666145358475,7.34060690930557,-0.148094850198524));
#4012=CARTESIAN_POINT('',(-32.8666145358475,7.34060690930557,-63.));
#4013=CARTESIAN_POINT('',(-32.8666145358475,7.34060690930557,-62.8519051498015));
#4014=CARTESIAN_POINT('',(-32.3619418665672,7.34108654030855,-62.5));
#4015=CARTESIAN_POINT('',(-32.3619418665672,7.34108654030856,-63.));
#4016=CARTESIAN_POINT('',(-33.0723602484472,7.34041137261715,-63.));
#4017=CARTESIAN_POINT('',(58.5172213696727,7.42745631395756,-63.));
#4018=CARTESIAN_POINT('',(58.5172213696727,7.42745631395755,-62.5));
#4019=CARTESIAN_POINT('',(59.0218940389531,7.42793594496053,-62.8519051498015));
#4020=CARTESIAN_POINT('',(59.0218940389531,7.42793594496053,-63.));
#4021=CARTESIAN_POINT('',(59.0218940389531,7.42793594496053,-0.148094850198524));
#4022=CARTESIAN_POINT('',(58.5172213696727,7.42745631395755,-0.5));
#4023=CARTESIAN_POINT('',(55.2276397515528,7.42432996013079,-63.));
#4024=CARTESIAN_POINT('',(59.2276397515528,7.42813148164896,-0.5));
#4025=CARTESIAN_POINT('',(61.0627241829694,9.24968355681608,-0.5));
#4026=CARTESIAN_POINT('',(59.373661409095,7.57307634018612,-0.5));
#4027=CARTESIAN_POINT('',(59.373661409095,7.57307634018612,-63.));
#4028=CARTESIAN_POINT('',(59.373661409095,7.57307634018612,-62.5));
#4029=CARTESIAN_POINT('',(61.9250974840375,10.1056975086737,-62.5));
#4030=CARTESIAN_POINT('',(61.0627241829694,9.24968355681608,-62.5));
#4031=CARTESIAN_POINT('',(61.0627241829694,9.24968355681608,-63.));
#4032=CARTESIAN_POINT('',(59.2276397515528,7.42813148164896,-63.));
#4033=CARTESIAN_POINT('',(-34.5598114648021,10.0140001442868,-63.));
#4034=CARTESIAN_POINT('',(-34.5598114648021,10.0140001442868,-62.8));
#4035=CARTESIAN_POINT('',(-34.5598114648021,10.0140001442868,-0.200000000000006));
#4036=CARTESIAN_POINT('',(-29.0749025159625,10.0192128941353,-0.200000000000006));
#4037=CARTESIAN_POINT('',(60.7100064328771,10.1045427099794,-0.200000000000006));
#4038=CARTESIAN_POINT('',(60.7100064328771,10.1045427099794,-63.));
#4039=CARTESIAN_POINT('',(60.7100064328771,10.1045427099794,-62.8));
#4040=CARTESIAN_POINT('',(-34.5598114648021,10.0140001442868,-62.8));
#4041=CARTESIAN_POINT('',(-29.0749025159625,10.0192128941353,-63.));
#4042=CARTESIAN_POINT('',(60.7101965088672,9.90454280030158,-63.));
#4043=CARTESIAN_POINT('',(-34.559621388812,9.81400023460898,-63.));
#4044=CARTESIAN_POINT('',(60.7101965088672,9.90454280030158,-63.));
#4045=CARTESIAN_POINT('',(60.7104816228523,9.60454293578492,-63.));
#4046=CARTESIAN_POINT('',(60.9233972502336,9.81588847185518,-63.));
#4047=CARTESIAN_POINT('',(58.8753971914357,7.7829908606178,-63.));
#4048=CARTESIAN_POINT('',(-35.4233350943252,10.3683736117588,-63.));
#4049=CARTESIAN_POINT('',(-34.7726532345268,9.7249408230747,-63.));
#4050=CARTESIAN_POINT('',(-34.5593362748269,9.51400037009232,-63.));
#4051=CARTESIAN_POINT('',(0.,0.,-63.));
#4052=CARTESIAN_POINT('',(25.3284286699991,-25.5165942045862,0.));
#4053=CARTESIAN_POINT('',(60.9233972502336,9.81588847185518,0.));
#4054=CARTESIAN_POINT('',(60.7104816228523,9.60454293578492,0.));
#4055=CARTESIAN_POINT('',(60.7101965088672,9.90454280030158,0.));
#4056=CARTESIAN_POINT('',(-0.00935823985549991,9.8468361268138,0.));
#4057=CARTESIAN_POINT('',(-34.559621388812,9.81400023460898,0.));
#4058=CARTESIAN_POINT('',(-34.5593362748269,9.51400037009232,0.));
#4059=CARTESIAN_POINT('',(-34.7726532345268,9.7249408230747,0.));
#4060=CARTESIAN_POINT('',(-12.3293860734275,-12.4682919514214,0.));
#4061=CARTESIAN_POINT('',(0.,0.,0.));
#4062=CARTESIAN_POINT('',(-34.5593362748269,9.51400037009232,-62.5));
#4063=CARTESIAN_POINT('',(-32.8670897258227,7.84060668350001,-62.5));
#4064=CARTESIAN_POINT('',(-35.4233350943252,10.3683736117588,-62.5));
#4065=CARTESIAN_POINT('',(-34.5593362748269,9.51400037009232,-0.5));
#4066=CARTESIAN_POINT('',(-34.9148645409933,9.86556779172961,-0.200000000000006));
#4067=CARTESIAN_POINT('',(-34.5593362748269,9.51400037009232,-0.200000000000006));
#4068=CARTESIAN_POINT('',(-34.5593362748269,9.51400037009232,-62.8));
#4069=CARTESIAN_POINT('',(-34.9148645409933,9.86556779172961,-62.8));
#4070=CARTESIAN_POINT('',(-34.5593362748269,9.51400037009232,-62.5));
#4071=CARTESIAN_POINT('',(-34.5593362748269,9.51400037009232,-63.));
#4072=CARTESIAN_POINT('',(-32.8670897258227,7.84060668350001,-0.500000000000014));
#4073=CARTESIAN_POINT('',(-32.8670897258227,7.84060668350001,-63.));
#4074=CARTESIAN_POINT('',(-34.5593362748269,9.51400037009232,-0.5));
#4075=CARTESIAN_POINT('',(-12.3293860734275,-12.4682919514214,-0.5));
#4076=CARTESIAN_POINT('',(60.7104816228523,9.60454293578492,-0.5));
#4077=CARTESIAN_POINT('',(59.0214188489779,7.92793571915496,-0.5));
#4078=CARTESIAN_POINT('',(25.3284286699991,-25.5165942045862,-0.5));
#4079=CARTESIAN_POINT('',(59.0214188489779,7.92793571915497,-62.5));
#4080=CARTESIAN_POINT('',(59.0214188489779,7.92793571915497,-63.));
#4081=CARTESIAN_POINT('',(60.7104816228523,9.60454293578492,-0.200000000000006));
#4082=CARTESIAN_POINT('',(61.0653410018211,9.95678549590202,-0.200000000000006));
#4083=CARTESIAN_POINT('',(60.7104816228523,9.60454293578492,-0.5));
#4084=CARTESIAN_POINT('',(60.7104816228523,9.60454293578492,-62.5));
#4085=CARTESIAN_POINT('',(61.0653410018211,9.95678549590201,-62.8));
#4086=CARTESIAN_POINT('',(60.7104816228523,9.60454293578492,-62.8));
#4087=CARTESIAN_POINT('',(60.7104816228523,9.60454293578492,-63.));
#4088=CARTESIAN_POINT('',(60.7104816228523,9.60454293578492,-62.5));
#4089=CARTESIAN_POINT('',(58.8753971914357,7.7829908606178,-62.5));
#4090=CARTESIAN_POINT('',(-34.7726532345268,9.7249408230747,-0.2));
#4091=CARTESIAN_POINT('',(-34.9148645409933,9.86556779172961,-0.2));
#4092=CARTESIAN_POINT('',(-34.9148645409933,9.86556779172961,3.41523684332934E-15));
#4093=CARTESIAN_POINT('',(-34.7726532345268,9.72494082307469,-2.43945488809238E-16));
#4094=CARTESIAN_POINT('',(-35.0071631333023,9.77222934091301,-0.200000000729251));
#4095=CARTESIAN_POINT('',(-35.0531803418568,9.72569365682324,-2.41968720566624E-8));
#4096=CARTESIAN_POINT('',(-34.8649518263171,9.6316023717452,-1.33541396542905E-15));
#4097=CARTESIAN_POINT('',(-35.0600616617396,9.64209710875571,-0.232331997480041));
#4098=CARTESIAN_POINT('',(-35.078808377201,9.57509188629353,-0.0876703945726923));
#4099=CARTESIAN_POINT('',(-34.9331769406139,9.51662597608803,-0.0538866624667026));
#4100=CARTESIAN_POINT('',(-35.0585951995018,9.38030215137738,-0.343403933808031));
#4101=CARTESIAN_POINT('',(-35.0422885607992,9.33493378535752,-0.282501577247552));
#4102=CARTESIAN_POINT('',(-34.9843627622996,9.30689671773785,-0.239006556346752));
#4103=CARTESIAN_POINT('',(-35.004242147283,9.25077069623707,-0.421239637153213));
#4104=CARTESIAN_POINT('',(-34.9849965121227,9.23173947064774,-0.395798980762746));
#4105=CARTESIAN_POINT('',(-34.9669067669561,9.21385125931315,-0.368732728588854));
#4106=CARTESIAN_POINT('',(-34.9109036964642,9.15847210392589,-0.5));
#4107=CARTESIAN_POINT('',(-34.9109036964642,9.15847210392589,-0.5));
#4108=CARTESIAN_POINT('',(-34.9109036964642,9.15847210392589,-0.5));
#4109=CARTESIAN_POINT('',(-34.559621388812,9.81400023460898,-0.200000000000006));
#4110=CARTESIAN_POINT('',(-34.5593362748269,9.51400037009232,-0.200000000000006));
#4111=CARTESIAN_POINT('',(60.7101965088672,9.90454280030158,-0.2));
#4112=CARTESIAN_POINT('',(-0.00935823985549991,9.8468361268138,-0.2));
#4113=CARTESIAN_POINT('',(60.9233972502336,9.81588847185518,-0.200000000000006));
#4114=CARTESIAN_POINT('',(60.7104816228523,9.60454293578492,-0.200000000000006));
#4115=CARTESIAN_POINT('',(61.0627241829694,9.24968355681607,-0.5));
#4116=CARTESIAN_POINT('',(61.0627241829694,9.24968355681608,-0.5));
#4117=CARTESIAN_POINT('',(61.0627241829694,9.24968355681608,-0.5));
#4118=CARTESIAN_POINT('',(61.1558870277937,9.34215939629949,-0.421239637153208));
#4119=CARTESIAN_POINT('',(61.1366776014271,9.32309162379384,-0.395798980959036));
#4120=CARTESIAN_POINT('',(61.1186218898637,9.30516906050588,-0.368732728588075));
#4121=CARTESIAN_POINT('',(61.209993773742,9.4717939295036,-0.343403933808032));
#4122=CARTESIAN_POINT('',(61.1937733988286,9.42639465044821,-0.282501577247783));
#4123=CARTESIAN_POINT('',(61.1359009966781,9.39824753049066,-0.239006556346756));
#4124=CARTESIAN_POINT('',(61.2109626241983,9.73359120135582,-0.23233199748004));
#4125=CARTESIAN_POINT('',(61.2298366665769,9.66662173292378,-0.0876703945724408));
#4126=CARTESIAN_POINT('',(61.0843166226729,9.60787911806372,-0.053886662466696));
#4127=CARTESIAN_POINT('',(61.1578168413023,9.86362265107993,-0.200000000729251));
#4128=CARTESIAN_POINT('',(61.2039224198518,9.81717451867948,-2.41965401465494E-8));
#4129=CARTESIAN_POINT('',(61.0158730891975,9.72272562651969,-2.16840434497101E-16));
#4130=CARTESIAN_POINT('',(61.0653410018211,9.95678549590202,-0.2));
#4131=CARTESIAN_POINT('',(61.0653410018211,9.95678549590201,-5.14996031930615E-15));
#4132=CARTESIAN_POINT('',(60.9233972502336,9.81588847185518,-2.16840434497101E-16));
#4133=CARTESIAN_POINT('',(-34.7726532345268,9.7249408230747,-62.8));
#4134=CARTESIAN_POINT('',(-34.7726532345268,9.72494082307469,-63.));
#4135=CARTESIAN_POINT('',(-34.9148645409933,9.86556779172961,-63.));
#4136=CARTESIAN_POINT('',(-34.9148645409933,9.86556779172961,-62.8));
#4137=CARTESIAN_POINT('',(-34.8649518263172,9.6316023717451,-63.));
#4138=CARTESIAN_POINT('',(-35.0531803418571,9.7256936568233,-62.9999999758035));
#4139=CARTESIAN_POINT('',(-35.0071631333023,9.77222934091301,-62.7999999992726));
#4140=CARTESIAN_POINT('',(-34.9331769406139,9.51662597608813,-62.9461133375334));
#4141=CARTESIAN_POINT('',(-35.0788083772006,9.57509188629355,-62.9123296054276));
#4142=CARTESIAN_POINT('',(-35.0600616617396,9.64209710875571,-62.7676680025201));
#4143=CARTESIAN_POINT('',(-34.9843627622997,9.30689671773776,-62.7609934436531));
#4144=CARTESIAN_POINT('',(-35.0422885607994,9.33493378535754,-62.7174984227522));
#4145=CARTESIAN_POINT('',(-35.0585951995018,9.38030215137738,-62.6565960661918));
#4146=CARTESIAN_POINT('',(-34.9669067669552,9.21385125931235,-62.6312672714119));
#4147=CARTESIAN_POINT('',(-34.9849965119618,9.23173947106224,-62.6042010190664));
#4148=CARTESIAN_POINT('',(-35.0042421472833,9.25077069623729,-62.5787603628464));
#4149=CARTESIAN_POINT('',(-34.9109036964642,9.1584721039259,-62.5));
#4150=CARTESIAN_POINT('',(-34.9109036964642,9.15847210392589,-62.5));
#4151=CARTESIAN_POINT('',(-34.9109036964642,9.15847210392589,-62.5));
#4152=CARTESIAN_POINT('',(-34.559621388812,9.81400023460898,-62.8));
#4153=CARTESIAN_POINT('',(-34.5593362748269,9.51400037009232,-62.8));
#4154=CARTESIAN_POINT('',(60.7101965088672,9.90454280030158,-62.8));
#4155=CARTESIAN_POINT('',(-29.0747124399724,9.81921298445754,-62.8));
#4156=CARTESIAN_POINT('',(60.9233972502336,9.81588847185518,-62.8));
#4157=CARTESIAN_POINT('',(60.7104816228523,9.60454293578492,-62.8));
#4158=CARTESIAN_POINT('',(61.0653410018211,9.95678549590202,-62.8));
#4159=CARTESIAN_POINT('',(61.0653410018211,9.95678549590202,-63.));
#4160=CARTESIAN_POINT('',(60.9233972502336,9.81588847185518,-63.));
#4161=CARTESIAN_POINT('',(61.1578168413023,9.86362265108002,-62.7999999992726));
#4162=CARTESIAN_POINT('',(61.2039224198512,9.81717451867929,-62.9999999758036));
#4163=CARTESIAN_POINT('',(61.0158730891972,9.72272562651936,-63.));
#4164=CARTESIAN_POINT('',(61.2109626241983,9.73359120135563,-62.7676680025201));
#4165=CARTESIAN_POINT('',(61.2298366665773,9.66662173292347,-62.9123296054276));
#4166=CARTESIAN_POINT('',(61.0843166226729,9.60787911806368,-62.9461133375333));
#4167=CARTESIAN_POINT('',(61.209993773742,9.47179392950379,-62.6565960661918));
#4168=CARTESIAN_POINT('',(61.1937733988283,9.42639465044845,-62.7174984227522));
#4169=CARTESIAN_POINT('',(61.1359009966781,9.3982475304907,-62.7609934436532));
#4170=CARTESIAN_POINT('',(61.1558870277938,9.34215939629955,-62.5787603628467));
#4171=CARTESIAN_POINT('',(61.1366776012013,9.32309162385947,-62.6042010191581));
#4172=CARTESIAN_POINT('',(61.1186218898639,9.30516906050608,-62.6312672714118));
#4173=CARTESIAN_POINT('',(61.0627241829694,9.24968355681608,-62.5));
#4174=CARTESIAN_POINT('',(61.0627241829694,9.24968355681608,-62.5));
#4175=CARTESIAN_POINT('',(61.0627241829694,9.24968355681608,-62.5));
#4176=CARTESIAN_POINT('',(30.06875,9.,-32.8104166666666));
#4177=CARTESIAN_POINT('',(30.06875,9.,-32.8104166666666));
#4178=CARTESIAN_POINT('',(34.0148611776318,9.,-32.8104166658477));
#4179=CARTESIAN_POINT('',(30.06875,9.,-32.8104166666666));
#4180=CARTESIAN_POINT('',(30.06875,9.6,-32.8104166666666));
#4181=CARTESIAN_POINT('',(30.06875,9.6,-32.8104166666666));
#4182=CARTESIAN_POINT('',(34.0148611776318,9.6,-32.8104166658477));
#4183=CARTESIAN_POINT('',(34.0148611776318,9.,-32.8104166658477));
#4184=CARTESIAN_POINT('',(34.0148611776318,9.,-32.8104166658477));
#4185=CARTESIAN_POINT('',(13.013366574435,9.,-31.2822196232542));
#4186=CARTESIAN_POINT('',(34.0499207603682,9.,-32.2104166666628));
#4187=CARTESIAN_POINT('',(13.013366574435,9.6,-31.2822196232542));
#4188=CARTESIAN_POINT('',(34.0499207603682,9.6,-32.2104166666628));
#4189=CARTESIAN_POINT('',(34.0499207603682,9.,-32.2104166666628));
#4190=CARTESIAN_POINT('',(13.0091863894587,9.3,-31.2820654139217));
#4191=CARTESIAN_POINT('',(30.06875,9.,-32.2104166666667));
#4192=CARTESIAN_POINT('',(30.06875,9.,-32.2104166666667));
#4193=CARTESIAN_POINT('',(30.06875,9.6,-32.2104166666667));
#4194=CARTESIAN_POINT('',(30.06875,9.6,-32.2104166666667));
#4195=CARTESIAN_POINT('',(30.06875,9.,-32.2104166666667));
#4196=CARTESIAN_POINT('',(30.06875,9.,-32.2104166666667));
#4197=CARTESIAN_POINT('',(30.06875,9.6,-31.6670572916657));
#4198=CARTESIAN_POINT('',(32.0593353801841,9.6,-32.5104166666648));
#4199=CARTESIAN_POINT('',(30.9286417961121,9.,-19.6734375));
#4200=CARTESIAN_POINT('',(30.9286417961121,9.,-19.6734375));
#4201=CARTESIAN_POINT('',(30.0356765786807,9.,-19.6734375));
#4202=CARTESIAN_POINT('',(30.9286417961121,9.,-19.6734375));
#4203=CARTESIAN_POINT('',(30.9286417961121,9.6,-19.6734375));
#4204=CARTESIAN_POINT('',(30.9286417961121,9.6,-19.6734375));
#4205=CARTESIAN_POINT('',(30.0356765786807,9.6,-19.6734375));
#4206=CARTESIAN_POINT('',(30.0356765786807,9.,-19.6734375));
#4207=CARTESIAN_POINT('',(30.0356765786807,9.,-19.6734375));
#4208=CARTESIAN_POINT('',(30.9286417961121,9.,-20.2734375));
#4209=CARTESIAN_POINT('',(30.9286417961121,9.,-20.2734375));
#4210=CARTESIAN_POINT('',(30.0356765786807,9.,-20.2734375));
#4211=CARTESIAN_POINT('',(30.0356765786807,9.,-20.2734375));
#4212=CARTESIAN_POINT('',(30.0356765786807,9.6,-20.2734375));
#4213=CARTESIAN_POINT('',(30.9286417961121,9.6,-20.2734375));
#4214=CARTESIAN_POINT('',(30.9286417961121,9.6,-20.2734375));
#4215=CARTESIAN_POINT('',(30.9286107938919,9.,-20.2734531680565));
#4216=CARTESIAN_POINT('',(30.9286107938919,9.2,-20.2734531680565));
#4217=CARTESIAN_POINT('',(30.9286107938919,9.4,-20.2734531680565));
#4218=CARTESIAN_POINT('',(30.9286107938919,9.6,-20.2734531680565));
#4219=CARTESIAN_POINT('',(30.9286417961121,9.,-20.2734375));
#4220=CARTESIAN_POINT('',(30.0356765786807,9.6,-17.0311202963193));
#4221=CARTESIAN_POINT('',(30.9286417961121,9.6,-20.1234375));
#4222=CARTESIAN_POINT('',(30.4821591873964,9.6,-19.9734375));
#4223=CARTESIAN_POINT('',(7.0358078200838,9.,-15.5357717137598));
#4224=CARTESIAN_POINT('',(7.0358078200838,9.,-15.5357717137598));
#4225=CARTESIAN_POINT('',(7.03580780799225,9.,-11.6583829450441));
#4226=CARTESIAN_POINT('',(7.0358078200838,9.3,-15.5357717137598));
#4227=CARTESIAN_POINT('',(7.0358078200838,9.6,-15.5357717137598));
#4228=CARTESIAN_POINT('',(7.0358078200838,9.6,-15.5357717137598));
#4229=CARTESIAN_POINT('',(7.03580780799225,9.6,-11.6583829450441));
#4230=CARTESIAN_POINT('',(7.03580780799225,9.,-11.6583829450441));
#4231=CARTESIAN_POINT('',(7.03580780799225,9.,-11.6583829450441));
#4232=CARTESIAN_POINT('',(13.435392037526,9.,-31.3201149243485));
#4233=CARTESIAN_POINT('',(6.4358081820599,9.,-11.8639023281828));
#4234=CARTESIAN_POINT('',(13.4353920374734,9.6,-31.320114924195));
#4235=CARTESIAN_POINT('',(6.4358081820599,9.6,-11.8639023281828));
#4236=CARTESIAN_POINT('',(6.4358081820599,9.,-11.8639023281828));
#4237=CARTESIAN_POINT('',(13.4363314882419,9.3,-31.3226627203346));
#4238=CARTESIAN_POINT('',(6.43580858413885,9.,-16.0088752125258));
#4239=CARTESIAN_POINT('',(6.4358085841372,9.,-16.0088752125272));
#4240=CARTESIAN_POINT('',(6.43580858413885,9.6,-16.0088752125258));
#4241=CARTESIAN_POINT('',(6.43580858413885,9.6,-16.0088752125258));
#4242=CARTESIAN_POINT('',(6.43580858413885,9.3,-16.0088752125258));
#4243=CARTESIAN_POINT('',(6.43580858413885,9.,-16.0088752125258));
#4244=CARTESIAN_POINT('',(11.4332685256477,9.6,-21.729735767966));
#4245=CARTESIAN_POINT('',(6.73580800107185,9.6,-13.8336290787849));
#4246=CARTESIAN_POINT('',(11.5148432453474,9.,-14.1218780279159));
#4247=CARTESIAN_POINT('',(9.8372788594983,9.,-14.1218780279159));
#4248=CARTESIAN_POINT('',(8.29266195237815,9.,-14.6434405985118));
#4249=CARTESIAN_POINT('',(7.0358078200838,9.,-15.5357717137598));
#4250=CARTESIAN_POINT('',(11.5148432453474,9.,-14.1218780279159));
#4251=CARTESIAN_POINT('',(11.5148432453474,9.,-14.1218780279159));
#4252=CARTESIAN_POINT('',(11.5148432453474,13.,-14.1218780279159));
#4253=CARTESIAN_POINT('',(11.5148432453474,13.,-14.1218780279159));
#4254=CARTESIAN_POINT('',(3.84192632635435,13.,-21.8897134759029));
#4255=CARTESIAN_POINT('',(3.84192632635435,13.,-21.8470494083564));
#4256=CARTESIAN_POINT('',(3.84192632635435,13.,-21.8043853408098));
#4257=CARTESIAN_POINT('',(3.84192632635435,13.,-21.7617212732633));
#4258=CARTESIAN_POINT('',(3.84192632635435,13.,-17.4953145186106));
#4259=CARTESIAN_POINT('',(7.2484364906947,13.,-14.1218780279159));
#4260=CARTESIAN_POINT('',(11.5148432453474,13.,-14.1218780279159));
#4261=CARTESIAN_POINT('',(3.83989169998379,13.,-21.7617332934813));
#4262=CARTESIAN_POINT('',(3.83785707360913,9.,-21.761739304666));
#4263=CARTESIAN_POINT('',(3.83785707360913,10.3333333333333,-21.761739304666));
#4264=CARTESIAN_POINT('',(3.83785707360913,11.6666666666667,-21.761739304666));
#4265=CARTESIAN_POINT('',(3.83785707360913,13.,-21.761739304666));
#4266=CARTESIAN_POINT('',(3.83989169998378,9.,-21.7617332934838));
#4267=CARTESIAN_POINT('',(6.43580858413385,9.,-16.0088752125301));
#4268=CARTESIAN_POINT('',(4.84147609531015,9.,-17.4016366189081));
#4269=CARTESIAN_POINT('',(3.84192632635435,9.,-19.4506697639663));
#4270=CARTESIAN_POINT('',(3.84192632635435,9.,-21.7617212732633));
#4271=CARTESIAN_POINT('',(3.84192632635435,9.,-21.7848317883563));
#4272=CARTESIAN_POINT('',(3.84192632635435,9.,-21.8079423034492));
#4273=CARTESIAN_POINT('',(3.84192632635435,9.,-21.8310528185422));
#4274=CARTESIAN_POINT('',(11.5148432453474,11.,-14.1218780279159));
#4275=CARTESIAN_POINT('',(7.2484364906947,11.,-14.1218780279159));
#4276=CARTESIAN_POINT('',(3.84192632635435,11.,-17.4953145186106));
#4277=CARTESIAN_POINT('',(3.84192632635435,11.,-21.7617212732633));
#4278=CARTESIAN_POINT('',(3.84192632635435,11.,-21.8043853408098));
#4279=CARTESIAN_POINT('',(3.84192632635435,11.,-21.8470494083564));
#4280=CARTESIAN_POINT('',(3.84192632635435,11.,-21.8897134759029));
#4281=CARTESIAN_POINT('',(26.5960927406947,9.,-15.1760997844041));
#4282=CARTESIAN_POINT('',(26.5960927406947,9.,-15.1760997844041));
#4283=CARTESIAN_POINT('',(25.8023422360421,9.,-14.6296775931225));
#4284=CARTESIAN_POINT('',(25.8023422360421,9.,-14.6296775931225));
#4285=CARTESIAN_POINT('',(25.8023422360421,9.6,-14.6296775931225));
#4286=CARTESIAN_POINT('',(26.5960927406947,9.6,-15.1760997844041));
#4287=CARTESIAN_POINT('',(26.5960927406947,9.6,-15.1760997844041));
#4288=CARTESIAN_POINT('',(26.5960927406947,9.,-15.1760997844041));
#4289=CARTESIAN_POINT('',(26.5960927406947,9.,-15.1760997844041));
#4290=CARTESIAN_POINT('',(25.8023422360421,9.,-14.0226557453473));
#4291=CARTESIAN_POINT('',(25.8023422360421,9.,-14.0226557453473));
#4292=CARTESIAN_POINT('',(26.5960927406947,9.,-14.569077936629));
#4293=CARTESIAN_POINT('',(26.5960927406947,9.,-14.569077936629));
#4294=CARTESIAN_POINT('',(26.5960927406947,9.6,-14.569077936629));
#4295=CARTESIAN_POINT('',(25.8023422360421,9.6,-14.0226557453473));
#4296=CARTESIAN_POINT('',(25.8023422360421,9.6,-14.0226557453473));
#4297=CARTESIAN_POINT('',(25.8023422360421,9.,-14.0226557453473));
#4298=CARTESIAN_POINT('',(25.8023422360421,9.,-14.0226557453473));
#4299=CARTESIAN_POINT('',(26.5960927406947,9.6,-18.2136219310835));
#4300=CARTESIAN_POINT('',(25.8023422360421,9.6,-14.3110167551115));
#4301=CARTESIAN_POINT('',(26.1992174883683,9.6,-14.5993777648757));
#4302=CARTESIAN_POINT('',(17.2294176785247,9.,-41.5085934976732));
#4303=CARTESIAN_POINT('',(17.2294176785247,9.,-41.5085934976725));
#4304=CARTESIAN_POINT('',(19.2869791666667,9.,-41.5085934976737));
#4305=CARTESIAN_POINT('',(17.2294176785247,9.3,-41.5085934976732));
#4306=CARTESIAN_POINT('',(17.2294176785247,9.6,-41.5085934976732));
#4307=CARTESIAN_POINT('',(17.2294176785247,9.6,-41.5085934976732));
#4308=CARTESIAN_POINT('',(19.2869791666667,9.6,-41.5085934976737));
#4309=CARTESIAN_POINT('',(19.2869791666667,9.,-41.5085934976737));
#4310=CARTESIAN_POINT('',(19.2869791666667,9.,-41.5085934976737));
#4311=CARTESIAN_POINT('',(17.227732660131,9.,-40.9085934976726));
#4312=CARTESIAN_POINT('',(17.227732660131,9.,-40.9085934976726));
#4313=CARTESIAN_POINT('',(19.2869791666667,9.,-40.9085934976736));
#4314=CARTESIAN_POINT('',(19.2869791666667,9.,-40.9085934976736));
#4315=CARTESIAN_POINT('',(19.2869791666667,9.6,-40.9085934976736));
#4316=CARTESIAN_POINT('',(17.227732660131,9.6,-40.9085934976726));
#4317=CARTESIAN_POINT('',(17.227732660131,9.6,-40.9085934976726));
#4318=CARTESIAN_POINT('',(17.227732660131,9.3,-40.9085934976726));
#4319=CARTESIAN_POINT('',(17.227732660131,9.,-40.9085934976726));
#4320=CARTESIAN_POINT('',(12.0592986239276,9.6,-41.2090124438684));
#4321=CARTESIAN_POINT('',(17.2364563147227,9.6,-41.2085947593053));
#4322=CARTESIAN_POINT('',(19.2869791666667,9.6,-43.6725259155032));
#4323=CARTESIAN_POINT('',(10.8797838877988,9.6,-41.2095350568185));
#4324=CARTESIAN_POINT('',(18.2573559133989,9.6,-41.2085934976731));
#4325=CARTESIAN_POINT('',(19.286978662014,9.,-29.4015619953474));
#4326=CARTESIAN_POINT('',(19.286978662014,9.,-29.4015619953474));
#4327=CARTESIAN_POINT('',(19.2869791666667,9.,-30.8236979166666));
#4328=CARTESIAN_POINT('',(19.286978662014,9.,-29.4015619953474));
#4329=CARTESIAN_POINT('',(19.2859973803341,9.6,-29.4011455007191));
#4330=CARTESIAN_POINT('',(19.286978662014,9.6,-29.4015619953474));
#4331=CARTESIAN_POINT('',(19.2869791666667,9.6,-30.8236979166666));
#4332=CARTESIAN_POINT('',(19.2869791666667,9.,-30.8236979166666));
#4333=CARTESIAN_POINT('',(19.2869791666667,9.,-30.8236979166666));
#4334=CARTESIAN_POINT('',(19.8869791666666,9.,-30.8236977037534));
#4335=CARTESIAN_POINT('',(19.8869791666666,9.,-30.8236977037534));
#4336=CARTESIAN_POINT('',(19.8872434072371,9.,-27.9783218421214));
#4337=CARTESIAN_POINT('',(19.8869791666666,9.,-30.8236977037534));
#4338=CARTESIAN_POINT('',(19.8869791666666,9.6,-30.8236977037534));
#4339=CARTESIAN_POINT('',(19.8869791666666,9.6,-30.8236977037534));
#4340=CARTESIAN_POINT('',(19.8872480038164,9.6,-27.979063286011));
#4341=CARTESIAN_POINT('',(19.8875178508099,9.,-27.978425019703));
#4342=CARTESIAN_POINT('',(19.8875178508098,9.2,-27.9784250197034));
#4343=CARTESIAN_POINT('',(19.8875178508096,9.4,-27.9784250197037));
#4344=CARTESIAN_POINT('',(19.8875178508094,9.6,-27.978425019704));
#4345=CARTESIAN_POINT('',(19.8869781566907,9.,-27.9781968475784));
#4346=CARTESIAN_POINT('',(-991.603630194222,9.6,399.66026285149));
#4347=CARTESIAN_POINT('',(19.4369792929389,9.6,-30.8236978634383));
#4348=CARTESIAN_POINT('',(19.5869789143403,9.6,-29.4009473821225));
#4349=CARTESIAN_POINT('',(7.03580779631935,9.,-30.8567708333333));
#4350=CARTESIAN_POINT('',(7.03580779631935,9.,-30.8567708333333));
#4351=CARTESIAN_POINT('',(7.03533298104066,9.,-27.9594841049333));
#4352=CARTESIAN_POINT('',(7.03580779631935,9.,-30.8567708333333));
#4353=CARTESIAN_POINT('',(7.03580779631935,9.6,-30.8567708333333));
#4354=CARTESIAN_POINT('',(7.03580779631935,9.6,-30.8567708333333));
#4355=CARTESIAN_POINT('',(7.03529517003621,9.6,-27.9600913356219));
#4356=CARTESIAN_POINT('',(7.03478253208523,9.,-27.9601706391361));
#4357=CARTESIAN_POINT('',(7.03478253208523,9.2,-27.9601706391361));
#4358=CARTESIAN_POINT('',(7.03478253208523,9.4,-27.9601706391361));
#4359=CARTESIAN_POINT('',(7.03478253208523,9.6,-27.9601706391361));
#4360=CARTESIAN_POINT('',(7.03580780799225,9.,-27.9587431758483));
#4361=CARTESIAN_POINT('',(6.43580779631935,9.,-30.8567708333333));
#4362=CARTESIAN_POINT('',(6.43580779631935,9.,-30.8567708333333));
#4363=CARTESIAN_POINT('',(6.43519000672843,9.,-27.4810261427425));
#4364=CARTESIAN_POINT('',(6.4344895311764,9.6,-27.4817371275105));
#4365=CARTESIAN_POINT('',(6.4344895311764,9.4,-27.4817371275105));
#4366=CARTESIAN_POINT('',(6.4344895311764,9.2,-27.4817371275105));
#4367=CARTESIAN_POINT('',(6.4344895311764,9.,-27.4817371275105));
#4368=CARTESIAN_POINT('',(6.43514885865177,9.6,-27.4823187160914));
#4369=CARTESIAN_POINT('',(6.43580779631935,9.6,-30.8567708333333));
#4370=CARTESIAN_POINT('',(6.43580779631935,9.6,-30.8567708333333));
#4371=CARTESIAN_POINT('',(6.43580779631935,9.,-30.8567708333333));
#4372=CARTESIAN_POINT('',(6.43580779631935,9.,-30.8567708333333));
#4373=CARTESIAN_POINT('',(11.5122151864407,9.6,-21.7265006139942));
#4374=CARTESIAN_POINT('',(5.86764373673755,9.6,-30.8567708333333));
#4375=CARTESIAN_POINT('',(6.7358078021558,9.6,-29.1685066980225));
#4376=CARTESIAN_POINT('',(8.47213592131935,9.,-30.8567708333333));
#4377=CARTESIAN_POINT('',(8.47213592131935,9.,-30.8567708333333));
#4378=CARTESIAN_POINT('',(8.47213592131935,9.,-30.8567708333333));
#4379=CARTESIAN_POINT('',(8.47213592131935,13.,-30.8567708333333));
#4380=CARTESIAN_POINT('',(8.47213592131935,13.,-30.8567708333333));
#4381=CARTESIAN_POINT('',(4.99947967131935,13.,-30.8567708333333));
#4382=CARTESIAN_POINT('',(4.99947967131935,9.,-30.8567708333333));
#4383=CARTESIAN_POINT('',(4.99947967131935,9.,-30.8567708333333));
#4384=CARTESIAN_POINT('',(8.47213592131935,9.,-30.8567708333333));
#4385=CARTESIAN_POINT('',(4.99947967131935,9.,-30.8567708333333));
#4386=CARTESIAN_POINT('',(11.9778645833333,9.,-42.895311743021));
#4387=CARTESIAN_POINT('',(13.234636425972,9.,-42.895311743021));
#4388=CARTESIAN_POINT('',(13.6315104166666,9.,-41.9361979166667));
#4389=CARTESIAN_POINT('',(13.6315104166666,9.,-41.2085934976737));
#4390=CARTESIAN_POINT('',(11.9778645833333,9.,-42.895311743021));
#4391=CARTESIAN_POINT('',(13.6315104166666,9.,-41.2085934976737));
#4392=CARTESIAN_POINT('',(13.6315104166666,9.,-41.2085934976737));
#4393=CARTESIAN_POINT('',(13.6315104166666,13.,-41.2085934976737));
#4394=CARTESIAN_POINT('',(11.9778645833333,13.,-42.895311743021));
#4395=CARTESIAN_POINT('',(13.234636425972,13.,-42.895311743021));
#4396=CARTESIAN_POINT('',(13.6315104166666,13.,-41.9361979166667));
#4397=CARTESIAN_POINT('',(13.6315104166666,13.,-41.2085934976737));
#4398=CARTESIAN_POINT('',(11.9778645833333,13.,-42.895311743021));
#4399=CARTESIAN_POINT('',(11.9778645833333,9.,-42.895311743021));
#4400=CARTESIAN_POINT('',(13.6315104166666,11.,-41.2085934976737));
#4401=CARTESIAN_POINT('',(13.6315104166666,11.,-41.9361979166667));
#4402=CARTESIAN_POINT('',(13.234636425972,11.,-42.895311743021));
#4403=CARTESIAN_POINT('',(11.9778645833333,11.,-42.895311743021));
#4404=CARTESIAN_POINT('',(11.9778645833333,9.,-42.895311743021));
#4405=CARTESIAN_POINT('',(8.47213592131935,9.,-42.895311743021));
#4406=CARTESIAN_POINT('',(11.9778645833333,13.,-42.895311743021));
#4407=CARTESIAN_POINT('',(8.47213592131935,13.,-42.895311743021));
#4408=CARTESIAN_POINT('',(8.47213592131935,9.,-42.895311743021));
#4409=CARTESIAN_POINT('',(8.47213592131935,9.,-42.895311743021));
#4410=CARTESIAN_POINT('',(8.47213592131935,9.,-42.895311743021));
#4411=CARTESIAN_POINT('',(8.47213592131935,9.,-39.5218739906947));
#4412=CARTESIAN_POINT('',(8.47213592131935,13.,-42.895311743021));
#4413=CARTESIAN_POINT('',(8.47213592131935,13.,-39.5218739906947));
#4414=CARTESIAN_POINT('',(8.47213592131935,9.,-39.5218739906947));
#4415=CARTESIAN_POINT('',(8.47213592131935,9.,-39.5218739906947));
#4416=CARTESIAN_POINT('',(8.47213592131935,9.,-39.5218739906947));
#4417=CARTESIAN_POINT('',(12.0109369953474,9.,-39.5218739906947));
#4418=CARTESIAN_POINT('',(8.47213592131935,13.,-39.5218739906947));
#4419=CARTESIAN_POINT('',(12.0109369953474,13.,-39.5218739906947));
#4420=CARTESIAN_POINT('',(12.0109369953474,9.,-39.5218739906947));
#4421=CARTESIAN_POINT('',(12.0109369953474,9.,-39.5218739906947));
#4422=CARTESIAN_POINT('',(13.6315104166666,9.,-41.2085934976737));
#4423=CARTESIAN_POINT('',(13.6315104166666,9.,-40.381770581007));
#4424=CARTESIAN_POINT('',(13.1684890786807,9.,-39.5218752523264));
#4425=CARTESIAN_POINT('',(12.0109369953474,9.,-39.5218739906947));
#4426=CARTESIAN_POINT('',(13.6315104166666,13.,-41.2085934976737));
#4427=CARTESIAN_POINT('',(13.6315104166666,13.,-40.381770581007));
#4428=CARTESIAN_POINT('',(13.1684890786807,13.,-39.5218752523264));
#4429=CARTESIAN_POINT('',(12.0109369953474,13.,-39.5218739906947));
#4430=CARTESIAN_POINT('',(12.0109369953474,11.,-39.5218739906947));
#4431=CARTESIAN_POINT('',(13.1684890786807,11.,-39.5218752523264));
#4432=CARTESIAN_POINT('',(13.6315104166666,11.,-40.381770581007));
#4433=CARTESIAN_POINT('',(13.6315104166666,11.,-41.2085934976737));
#4434=CARTESIAN_POINT('',(4.99947967131935,9.,-30.8567708333333));
#4435=CARTESIAN_POINT('',(4.99947967131935,9.,-46.1364585856597));
#4436=CARTESIAN_POINT('',(4.99947967131935,13.,-30.8567708333333));
#4437=CARTESIAN_POINT('',(4.99947967131935,13.,-46.1364585856597));
#4438=CARTESIAN_POINT('',(4.99947967131935,9.,-46.1364585856597));
#4439=CARTESIAN_POINT('',(4.99947967131935,9.,-46.1364585856597));
#4440=CARTESIAN_POINT('',(4.99947967131935,9.,-46.1364585856597));
#4441=CARTESIAN_POINT('',(11.878644824028,9.,-46.1364585856597));
#4442=CARTESIAN_POINT('',(4.99947967131935,13.,-46.1364585856597));
#4443=CARTESIAN_POINT('',(11.878644824028,13.,-46.1364585856597));
#4444=CARTESIAN_POINT('',(11.878644824028,9.,-46.1364585856597));
#4445=CARTESIAN_POINT('',(11.878644824028,9.,-46.1364585856597));
#4446=CARTESIAN_POINT('',(11.878644824028,9.,-46.1364585856597));
#4447=CARTESIAN_POINT('',(15.685230150092,9.,-46.1364585856597));
#4448=CARTESIAN_POINT('',(17.11863415105,9.,-43.8545543581627));
#4449=CARTESIAN_POINT('',(17.2294176785247,9.,-41.5085934976713));
#4450=CARTESIAN_POINT('',(17.2364563147227,13.,-41.2085947593053));
#4451=CARTESIAN_POINT('',(17.2364563147227,13.,-43.6559898356597));
#4452=CARTESIAN_POINT('',(15.847394824028,13.,-46.1364585856597));
#4453=CARTESIAN_POINT('',(11.878644824028,13.,-46.1364585856597));
#4454=CARTESIAN_POINT('',(17.2364563147227,13.,-41.2085947593053));
#4455=CARTESIAN_POINT('',(17.2364563147227,9.,-41.2085947593053));
#4456=CARTESIAN_POINT('',(11.878644824028,11.,-46.1364585856597));
#4457=CARTESIAN_POINT('',(15.847394824028,11.,-46.1364585856597));
#4458=CARTESIAN_POINT('',(17.2364563147227,11.,-43.6559898356597));
#4459=CARTESIAN_POINT('',(17.2364563147227,11.,-41.2085947593053));
#4460=CARTESIAN_POINT('',(11.878644824028,13.,-36.2807296713193));
#4461=CARTESIAN_POINT('',(15.7151026527087,13.,-36.2807296713193));
#4462=CARTESIAN_POINT('',(17.2364563147227,13.,-38.9265630046526));
#4463=CARTESIAN_POINT('',(17.2364563147227,13.,-41.2085947593053));
#4464=CARTESIAN_POINT('',(11.878644824028,13.,-36.2807296713193));
#4465=CARTESIAN_POINT('',(11.878644824028,9.,-36.2807296713193));
#4466=CARTESIAN_POINT('',(11.878644824028,9.,-36.2807296713193));
#4467=CARTESIAN_POINT('',(17.227732660131,9.,-40.9085934976726));
#4468=CARTESIAN_POINT('',(17.0995403786787,9.,-38.7011053038762));
#4469=CARTESIAN_POINT('',(15.548006940597,9.,-36.2807296713193));
#4470=CARTESIAN_POINT('',(11.878644824028,9.,-36.2807296713193));
#4471=CARTESIAN_POINT('',(17.2364563147227,11.,-41.2085947593053));
#4472=CARTESIAN_POINT('',(17.2364563147227,11.,-38.9265630046526));
#4473=CARTESIAN_POINT('',(15.7151026527087,11.,-36.2807296713193));
#4474=CARTESIAN_POINT('',(11.878644824028,11.,-36.2807296713193));
#4475=CARTESIAN_POINT('',(11.878644824028,9.,-36.2807296713193));
#4476=CARTESIAN_POINT('',(8.47213592131935,9.,-36.2807296713193));
#4477=CARTESIAN_POINT('',(11.878644824028,13.,-36.2807296713193));
#4478=CARTESIAN_POINT('',(8.47213592131935,13.,-36.2807296713193));
#4479=CARTESIAN_POINT('',(8.47213592131935,9.,-36.2807296713193));
#4480=CARTESIAN_POINT('',(8.47213592131935,9.,-36.2807296713193));
#4481=CARTESIAN_POINT('',(8.47213592131935,9.,-36.2807296713193));
#4482=CARTESIAN_POINT('',(8.47213592131935,13.,-36.2807296713193));
#4483=CARTESIAN_POINT('',(8.47213592131935,9.,-30.8567708333333));
#4484=CARTESIAN_POINT('',(11.117967993021,13.,-38.4966147094965));
#4485=CARTESIAN_POINT('',(16.6742177406947,9.,-27.7171869953474));
#4486=CARTESIAN_POINT('',(16.6742177406947,9.,-27.7171869953474));
#4487=CARTESIAN_POINT('',(19.286978662014,9.,-27.7171869953474));
#4488=CARTESIAN_POINT('',(16.6742177406947,9.,-27.7171869953474));
#4489=CARTESIAN_POINT('',(16.6742177406947,9.6,-27.7171869953474));
#4490=CARTESIAN_POINT('',(16.6742177406947,9.6,-27.7171869953474));
#4491=CARTESIAN_POINT('',(19.286978662014,9.6,-27.7171869953474));
#4492=CARTESIAN_POINT('',(19.286978662014,9.,-27.7171869953474));
#4493=CARTESIAN_POINT('',(19.286978662014,9.,-27.7171869953474));
#4494=CARTESIAN_POINT('',(19.286978662014,9.,-27.1171869953473));
#4495=CARTESIAN_POINT('',(19.286978662014,9.,-27.1171869953473));
#4496=CARTESIAN_POINT('',(16.4053370712614,9.,-27.1171889282757));
#4497=CARTESIAN_POINT('',(19.286978662014,9.,-27.1171869953473));
#4498=CARTESIAN_POINT('',(19.286978662014,9.6,-27.1171869953473));
#4499=CARTESIAN_POINT('',(19.286978662014,9.6,-27.1171869953473));
#4500=CARTESIAN_POINT('',(16.4053370712619,9.6,-27.1171889282762));
#4501=CARTESIAN_POINT('',(16.405249414568,9.,-27.1172681737627));
#4502=CARTESIAN_POINT('',(16.405249414568,9.2,-27.1172681737627));
#4503=CARTESIAN_POINT('',(16.405249414568,9.4,-27.1172681737627));
#4504=CARTESIAN_POINT('',(16.405249414568,9.6,-27.1172681737627));
#4505=CARTESIAN_POINT('',(16.4053370712619,9.,-27.1171889282762));
#4506=CARTESIAN_POINT('',(19.286978662014,9.,-27.7171869953474));
#4507=CARTESIAN_POINT('',(16.3280521731198,9.,-27.717186913242));
#4508=CARTESIAN_POINT('',(16.3280521731197,9.3,-27.717186913242));
#4509=CARTESIAN_POINT('',(16.3280521731198,9.6,-27.7171869132419));
#4510=CARTESIAN_POINT('',(19.286978662014,9.6,-27.7171869953474));
#4511=CARTESIAN_POINT('',(16.6742177406947,9.,-27.7171869228475));
#4512=CARTESIAN_POINT('',(16.6742177406947,9.6,-27.4171869953474));
#4513=CARTESIAN_POINT('',(16.5597127456178,9.6,-27.5212824093179));
#4514=CARTESIAN_POINT('',(16.4443886747714,9.6,-27.6212823819493));
#4515=CARTESIAN_POINT('',(16.32805217312,9.6,-27.7171869132417));
#4516=CARTESIAN_POINT('',(16.6742176236611,9.6,-27.4171869891179));
#4517=CARTESIAN_POINT('',(-25.6426726779218,9.6,-65.1304291393613));
#4518=CARTESIAN_POINT('',(19.286978662014,9.6,-28.4093744953474));
#4519=CARTESIAN_POINT('',(17.8075154175669,9.6,-27.4171869953474));
#4520=CARTESIAN_POINT('',(30.0356765786807,9.,-14.0888030926387));
#4521=CARTESIAN_POINT('',(30.0356765786807,9.,-14.0888030926387));
#4522=CARTESIAN_POINT('',(26.5960927406947,9.,-14.0888030926387));
#4523=CARTESIAN_POINT('',(30.0356765786807,9.,-14.0888030926387));
#4524=CARTESIAN_POINT('',(30.0356765786807,13.,-14.0888030926387));
#4525=CARTESIAN_POINT('',(30.0356765786807,13.,-14.0888030926387));
#4526=CARTESIAN_POINT('',(26.5960927406947,13.,-14.0888030926387));
#4527=CARTESIAN_POINT('',(26.5960927406947,9.,-14.0888030926387));
#4528=CARTESIAN_POINT('',(26.5960927406947,9.,-14.0888030926387));
#4529=CARTESIAN_POINT('',(26.5960927406947,9.,-14.0888030926387));
#4530=CARTESIAN_POINT('',(26.5960927406947,13.,-14.0888030926387));
#4531=CARTESIAN_POINT('',(26.5970463953397,13.,-21.8273365326664));
#4532=CARTESIAN_POINT('',(26.5980529752006,9.,-21.8269303916339));
#4533=CARTESIAN_POINT('',(26.5980529751986,10.3333333333333,-21.8269303916298));
#4534=CARTESIAN_POINT('',(26.5980529751964,11.6666666666667,-21.8269303916258));
#4535=CARTESIAN_POINT('',(26.5980529751944,13.,-21.8269303916216));
#4536=CARTESIAN_POINT('',(26.5970463953399,9.,-21.8273365326665));
#4537=CARTESIAN_POINT('',(26.5960927406947,9.,-14.0888030926387));
#4538=CARTESIAN_POINT('',(26.5960927406947,9.,-21.8278660972913));
#4539=CARTESIAN_POINT('',(26.5960491057197,9.,-21.8277643292988));
#4540=CARTESIAN_POINT('',(26.529386025574,9.,-21.6723577812583));
#4541=CARTESIAN_POINT('',(25.2505813205416,9.,-19.0045093093179));
#4542=CARTESIAN_POINT('',(22.7596349906223,9.,-13.8242189134775));
#4543=CARTESIAN_POINT('',(22.7596349155203,9.,-13.8242189495903));
#4544=CARTESIAN_POINT('',(22.7596349906223,13.,-13.8242189134775));
#4545=CARTESIAN_POINT('',(25.2505813205407,13.,-19.0045093093161));
#4546=CARTESIAN_POINT('',(26.5293860255732,13.,-21.6723577812565));
#4547=CARTESIAN_POINT('',(26.5960491057196,13.,-21.8277643292986));
#4548=CARTESIAN_POINT('',(22.7596349155203,13.,-13.8242189495903));
#4549=CARTESIAN_POINT('',(22.759634912014,9.,-13.82421875));
#4550=CARTESIAN_POINT('',(22.759634912014,13.,-13.82421875));
#4551=CARTESIAN_POINT('',(-1999.00420974899,10.9999999999453,-988.735484868205));
#4552=CARTESIAN_POINT('',(22.759634912014,9.,-13.82421875));
#4553=CARTESIAN_POINT('',(19.3531234860421,9.,-21.5963541666667));
#4554=CARTESIAN_POINT('',(19.286978662014,9.,-21.827863574028));
#4555=CARTESIAN_POINT('',(19.286978662014,9.,-21.827863574028));
#4556=CARTESIAN_POINT('',(19.286978662014,13.,-21.827863574028));
#4557=CARTESIAN_POINT('',(19.3531234860421,13.,-21.5963541666667));
#4558=CARTESIAN_POINT('',(22.759634912014,13.,-13.82421875));
#4559=CARTESIAN_POINT('',(19.286978662014,13.,-21.827863574028));
#4560=CARTESIAN_POINT('',(19.286978662014,9.,-21.827863574028));
#4561=CARTESIAN_POINT('',(22.759634912014,11.,-13.82421875));
#4562=CARTESIAN_POINT('',(19.3531234860421,11.,-21.5963541666667));
#4563=CARTESIAN_POINT('',(19.286978662014,11.,-21.827863574028));
#4564=CARTESIAN_POINT('',(19.286978662014,9.,-21.827863574028));
#4565=CARTESIAN_POINT('',(19.286978662014,13.,-21.827863574028));
#4566=CARTESIAN_POINT('',(19.2860143784527,13.,-29.401105190892));
#4567=CARTESIAN_POINT('',(19.2850160986543,9.6,-29.4007290060878));
#4568=CARTESIAN_POINT('',(19.2850160986535,10.7333333333333,-29.4007290060897));
#4569=CARTESIAN_POINT('',(19.2850160986526,11.8666666666667,-29.4007290060916));
#4570=CARTESIAN_POINT('',(19.2850160986519,13.,-29.4007290060935));
#4571=CARTESIAN_POINT('',(19.286978662014,9.,-21.827863574028));
#4572=CARTESIAN_POINT('',(19.286978662014,9.,-29.4015619953474));
#4573=CARTESIAN_POINT('',(22.8588545922588,13.,-20.8687512464828));
#4574=CARTESIAN_POINT('',(22.7927073875056,13.,-21.0671889166362));
#4575=CARTESIAN_POINT('',(21.6020880658255,13.,-23.9114449651904));
#4576=CARTESIAN_POINT('',(19.2869966272184,13.,-29.4015193921453));
#4577=CARTESIAN_POINT('',(22.8588546713225,13.,-20.8687512728379));
#4578=CARTESIAN_POINT('',(22.8588546713193,9.,-20.8687510093053));
#4579=CARTESIAN_POINT('',(22.8588546713193,13.,-20.8687510093053));
#4580=CARTESIAN_POINT('',(22.8588546713184,9.,-20.8687512728297));
#4581=CARTESIAN_POINT('',(19.886973424047,9.,-27.9782080791236));
#4582=CARTESIAN_POINT('',(20.8776004801183,9.,-25.6083891349079));
#4583=CARTESIAN_POINT('',(21.8682275361895,9.,-23.2385701906923));
#4584=CARTESIAN_POINT('',(22.8588545922608,9.,-20.8687512464766));
#4585=CARTESIAN_POINT('',(-991.603589026315,10.9999999999953,399.660245412366));
#4586=CARTESIAN_POINT('',(22.8588546713193,9.,-20.8687510093053));
#4587=CARTESIAN_POINT('',(22.9580744306246,9.,-21.1664077639579));
#4588=CARTESIAN_POINT('',(26.8276046713193,9.,-29.4015645186106));
#4589=CARTESIAN_POINT('',(26.8276046713193,9.,-29.4015645186106));
#4590=CARTESIAN_POINT('',(26.8276046713193,13.,-29.4015645186106));
#4591=CARTESIAN_POINT('',(22.9580744306246,13.,-21.1664077639579));
#4592=CARTESIAN_POINT('',(22.8588546713193,13.,-20.8687510093053));
#4593=CARTESIAN_POINT('',(26.8276046713193,13.,-29.4015645186106));
#4594=CARTESIAN_POINT('',(26.8276046713193,9.,-29.4015645186106));
#4595=CARTESIAN_POINT('',(22.8588546713193,11.,-20.8687510093053));
#4596=CARTESIAN_POINT('',(22.9580744306246,11.,-21.1664077639579));
#4597=CARTESIAN_POINT('',(26.8276046713193,11.,-29.4015645186106));
#4598=CARTESIAN_POINT('',(26.8276046713193,9.,-29.4015645186106));
#4599=CARTESIAN_POINT('',(30.0356765786807,9.,-29.4015645186106));
#4600=CARTESIAN_POINT('',(26.8276046713193,13.,-29.4015645186106));
#4601=CARTESIAN_POINT('',(30.0356765786807,13.,-29.4015645186106));
#4602=CARTESIAN_POINT('',(30.0356765786807,9.,-29.4015645186106));
#4603=CARTESIAN_POINT('',(30.0356765786807,9.,-29.4015645186106));
#4604=CARTESIAN_POINT('',(30.0356765786807,9.,-29.4015645186106));
#4605=CARTESIAN_POINT('',(30.0356765786807,13.,-29.4015645186106));
#4606=CARTESIAN_POINT('',(30.0356765786807,9.,-29.4015645186106));
#4607=CARTESIAN_POINT('',(30.0356765786807,9.,-14.0888030926387));
#4608=CARTESIAN_POINT('',(24.6613276203474,13.,-21.6128916343053));
#4609=CARTESIAN_POINT('',(16.6743514945781,11.3,-27.4170677925301));
#4610=CARTESIAN_POINT('',(16.6742177406947,13.,-27.4171869953474));
#4611=CARTESIAN_POINT('',(14.4911462272824,13.,-25.1018233106157));
#4612=CARTESIAN_POINT('',(14.6124512047219,13.,-25.2231282880552));
#4613=CARTESIAN_POINT('',(14.7979967215761,13.,-25.4107394581296));
#4614=CARTESIAN_POINT('',(15.0207455799554,13.,-25.6395131384013));
#4615=CARTESIAN_POINT('',(15.1175548954142,13.,-25.7396791403431));
#4616=CARTESIAN_POINT('',(15.1823934432779,13.,-25.8069276169639));
#4617=CARTESIAN_POINT('',(15.1848107434333,13.,-25.8093668841438));
#4618=CARTESIAN_POINT('',(15.7506385298408,13.,-26.3990101860162));
#4619=CARTESIAN_POINT('',(16.2261509442462,13.,-26.913111582274));
#4620=CARTESIAN_POINT('',(16.6742177406947,13.,-27.4171869953474));
#4621=CARTESIAN_POINT('',(14.4911606409328,13.,-25.1018088969653));
#4622=CARTESIAN_POINT('',(14.4909202489515,9.,-25.1015308418823));
#4623=CARTESIAN_POINT('',(14.4909202489515,10.3333333333333,-25.1015308418823));
#4624=CARTESIAN_POINT('',(14.4909202489515,11.6666666666667,-25.1015308418823));
#4625=CARTESIAN_POINT('',(14.4909202489515,13.,-25.1015308418823));
#4626=CARTESIAN_POINT('',(14.4911606409327,9.,-25.1018088969653));
#4627=CARTESIAN_POINT('',(16.4053370712606,9.,-27.1171889282748));
#4628=CARTESIAN_POINT('',(16.2046235661281,9.,-26.8950470197354));
#4629=CARTESIAN_POINT('',(15.8971167133289,9.,-26.5604022270113));
#4630=CARTESIAN_POINT('',(15.5270946769708,9.,-26.1674774248151));
#4631=CARTESIAN_POINT('',(15.3661000810833,9.,-25.9985441072986));
#4632=CARTESIAN_POINT('',(15.2582339675665,9.,-25.885802568128));
#4633=CARTESIAN_POINT('',(15.1779610072438,9.,-25.8023332381931));
#4634=CARTESIAN_POINT('',(14.9223814590097,9.00000000000001,-25.537272433917));
#4635=CARTESIAN_POINT('',(14.7029091082164,9.,-25.3135861915495));
#4636=CARTESIAN_POINT('',(14.4911462272824,9.,-25.1018233106157));
#4637=CARTESIAN_POINT('',(-25.642628837625,10.9999999999997,-65.1303897880262));
#4638=CARTESIAN_POINT('',(3.84192632636701,9.,-21.761733289795));
#4639=CARTESIAN_POINT('',(3.84192833973336,9.,-22.8759864922354));
#4640=CARTESIAN_POINT('',(4.09128674171636,9.,-23.9715077591951));
#4641=CARTESIAN_POINT('',(4.99379342720628,9.,-25.9201356901126));
#4642=CARTESIAN_POINT('',(5.62489647909947,9.,-26.7649547082833));
#4643=CARTESIAN_POINT('',(6.43584924014089,9.,-27.4802787791659));
#4644=CARTESIAN_POINT('',(11.5148432453474,13.,-29.4015619953474));
#4645=CARTESIAN_POINT('',(10.4760764156911,13.,-29.4015619953474));
#4646=CARTESIAN_POINT('',(9.44686269990747,13.,-29.1860544934182));
#4647=CARTESIAN_POINT('',(7.61316816222564,13.,-28.4109437783897));
#4648=CARTESIAN_POINT('',(6.79868108190238,13.,-27.862250990201));
#4649=CARTESIAN_POINT('',(4.6753062654276,13.,-25.7457242474948));
#4650=CARTESIAN_POINT('',(3.84193007110751,13.,-23.8256551568895));
#4651=CARTESIAN_POINT('',(3.84192632636706,13.,-21.761733289778));
#4652=CARTESIAN_POINT('',(11.5148432453474,13.,-29.4015619953474));
#4653=CARTESIAN_POINT('',(11.5148432453474,9.,-29.4015619953474));
#4654=CARTESIAN_POINT('',(11.5148432453474,13.,-29.4015619953474));
#4655=CARTESIAN_POINT('',(11.5148432453474,9.,-29.4015619953474));
#4656=CARTESIAN_POINT('',(7.03584611246642,9.,-27.9587707284012));
#4657=CARTESIAN_POINT('',(8.31994071057138,9.,-28.8824194080076));
#4658=CARTESIAN_POINT('',(9.87157794749144,9.,-29.4015619953474));
#4659=CARTESIAN_POINT('',(11.5148432453474,9.,-29.4015619953474));
#4660=CARTESIAN_POINT('',(11.5112293350832,11.,-21.7277375667905));
#4661=CARTESIAN_POINT('',(11.5148432453474,9.,-29.4015619953474));
#4662=CARTESIAN_POINT('',(13.4649577146043,9.,-29.4015619953474));
#4663=CARTESIAN_POINT('',(14.965903781865,9.,-28.8401036346456));
#4664=CARTESIAN_POINT('',(16.3280521731197,9.,-27.717186913242));
#4665=CARTESIAN_POINT('',(16.6742177406947,13.,-27.4171869953474));
#4666=CARTESIAN_POINT('',(15.2190089027087,13.,-28.740103662014));
#4667=CARTESIAN_POINT('',(13.6315104166666,13.,-29.4015619953474));
#4668=CARTESIAN_POINT('',(11.5148432453474,13.,-29.4015619953474));
#4669=CARTESIAN_POINT('',(11.5148432453474,11.,-29.4015619953474));
#4670=CARTESIAN_POINT('',(13.6315104166666,11.,-29.4015619953474));
#4671=CARTESIAN_POINT('',(15.2190089027087,11.,-28.740103662014));
#4672=CARTESIAN_POINT('',(16.6742177406947,11.,-27.4171869953474));
#4673=CARTESIAN_POINT('',(14.4914026784748,9.,-25.102085512188));
#4674=CARTESIAN_POINT('',(13.6918865749501,9.,-25.8016598531036));
#4675=CARTESIAN_POINT('',(12.6649215004606,9.,-26.193490087986));
#4676=CARTESIAN_POINT('',(11.6140630046527,9.,-26.193490087986));
#4677=CARTESIAN_POINT('',(11.6140630046527,9.,-26.193490087986));
#4678=CARTESIAN_POINT('',(11.6140630046527,13.,-26.193490087986));
#4679=CARTESIAN_POINT('',(12.6643287712725,13.,-26.193490087986));
#4680=CARTESIAN_POINT('',(13.6914358877618,13.,-25.8020555004302));
#4681=CARTESIAN_POINT('',(14.4914057453473,13.,-25.1020828286807));
#4682=CARTESIAN_POINT('',(11.6140630046527,13.,-26.193490087986));
#4683=CARTESIAN_POINT('',(11.6140630046527,9.,-26.193490087986));
#4684=CARTESIAN_POINT('',(11.6140630046527,13.,-26.193490087986));
#4685=CARTESIAN_POINT('',(11.5932002982535,11.,-21.8069581695012));
#4686=CARTESIAN_POINT('',(11.6140630046527,9.,-26.193490087986));
#4687=CARTESIAN_POINT('',(9.1997390786807,9.,-26.193490087986));
#4688=CARTESIAN_POINT('',(7.4468760093053,9.,-24.209115087986));
#4689=CARTESIAN_POINT('',(7.4468760093053,9.,-21.8278660972913));
#4690=CARTESIAN_POINT('',(7.4468760093053,9.,-21.8278660972913));
#4691=CARTESIAN_POINT('',(7.4468760093053,13.,-21.8278660972913));
#4692=CARTESIAN_POINT('',(7.4468760093053,13.,-24.209115087986));
#4693=CARTESIAN_POINT('',(9.1997390786807,13.,-26.193490087986));
#4694=CARTESIAN_POINT('',(11.6140630046527,13.,-26.193490087986));
#4695=CARTESIAN_POINT('',(7.4468760093053,13.,-21.8278660972913));
#4696=CARTESIAN_POINT('',(7.4468760093053,9.,-21.8278660972913));
#4697=CARTESIAN_POINT('',(11.6140630046527,11.,-26.193490087986));
#4698=CARTESIAN_POINT('',(9.1997390786807,11.,-26.193490087986));
#4699=CARTESIAN_POINT('',(7.4468760093053,11.,-24.209115087986));
#4700=CARTESIAN_POINT('',(7.4468760093053,11.,-21.8278660972913));
#4701=CARTESIAN_POINT('',(7.4468760093053,9.,-21.8278660972913));
#4702=CARTESIAN_POINT('',(7.4468760093053,9.,-19.4796895186106));
#4703=CARTESIAN_POINT('',(9.232814013958,9.,-17.4953145186106));
#4704=CARTESIAN_POINT('',(11.6471354166666,9.,-17.4953145186106));
#4705=CARTESIAN_POINT('',(11.6471350015379,9.,-17.4960402460428));
#4706=CARTESIAN_POINT('',(11.6471354166666,13.,-17.4953145186106));
#4707=CARTESIAN_POINT('',(9.232814013958,13.,-17.4953145186106));
#4708=CARTESIAN_POINT('',(7.4468760093053,13.,-19.4796895186106));
#4709=CARTESIAN_POINT('',(7.4468760093053,13.,-21.8278660972913));
#4710=CARTESIAN_POINT('',(11.6471350015379,13.,-17.4960402460428));
#4711=CARTESIAN_POINT('',(11.6471345864093,9.,-17.4967659734749));
#4712=CARTESIAN_POINT('',(11.6471345864093,10.3333333333333,-17.4967659734749));
#4713=CARTESIAN_POINT('',(11.6471345864093,11.6666666666667,-17.4967659734749));
#4714=CARTESIAN_POINT('',(11.6471345864093,13.,-17.4967659734749));
#4715=CARTESIAN_POINT('',(7.4468760093053,11.,-21.8278660972913));
#4716=CARTESIAN_POINT('',(7.4468760093053,11.,-19.4796895186106));
#4717=CARTESIAN_POINT('',(9.232814013958,11.,-17.4953145186106));
#4718=CARTESIAN_POINT('',(11.6471354166666,11.,-17.4953145186106));
#4719=CARTESIAN_POINT('',(11.647135001538,9.,-17.4953145186106));
#4720=CARTESIAN_POINT('',(12.6594304479627,9.,-17.4953145186106));
#4721=CARTESIAN_POINT('',(13.7442352795621,9.,-17.8708596890055));
#4722=CARTESIAN_POINT('',(14.4920933372588,9.,-18.5211723378247));
#4723=CARTESIAN_POINT('',(14.4920804330998,9.,-18.5211871775779));
#4724=CARTESIAN_POINT('',(14.4920933372591,13.,-18.5211723378248));
#4725=CARTESIAN_POINT('',(13.7448531992441,13.,-17.8713970115361));
#4726=CARTESIAN_POINT('',(12.6603045875608,13.,-17.4953145186106));
#4727=CARTESIAN_POINT('',(11.6471354166666,13.,-17.4953145186106));
#4728=CARTESIAN_POINT('',(14.4920804331024,13.,-18.5211871775755));
#4729=CARTESIAN_POINT('',(14.4927291793113,9.,-18.5218258664333));
#4730=CARTESIAN_POINT('',(14.4927291793112,10.3333333333333,-18.5218258664334));
#4731=CARTESIAN_POINT('',(14.4927291793112,11.6666666666667,-18.5218258664334));
#4732=CARTESIAN_POINT('',(14.4927291793111,13.,-18.5218258664335));
#4733=CARTESIAN_POINT('',(11.6445655149702,11.,-21.988013122194));
#4734=CARTESIAN_POINT('',(14.4914367048022,9.,-18.5205434706557));
#4735=CARTESIAN_POINT('',(14.5517605409783,9.,-18.4602176313148));
#4736=CARTESIAN_POINT('',(14.6718428453142,9.,-18.3342771794105));
#4737=CARTESIAN_POINT('',(15.0315243903053,9.,-17.9511670504754));
#4738=CARTESIAN_POINT('',(15.2908884049233,9.,-17.672685884431));
#4739=CARTESIAN_POINT('',(16.1296672094801,9.,-16.7682674826894));
#4740=CARTESIAN_POINT('',(16.4975793431198,9.,-16.3686624053873));
#4741=CARTESIAN_POINT('',(16.6742177406947,9.,-16.172397851944));
#4742=CARTESIAN_POINT('',(16.6742177406947,9.,-16.172397851944));
#4743=CARTESIAN_POINT('',(16.6742177406947,13.,-16.172397851944));
#4744=CARTESIAN_POINT('',(16.5859711448376,13.,-16.2704494588798));
#4745=CARTESIAN_POINT('',(16.4498702326139,13.,-16.4193760797304));
#4746=CARTESIAN_POINT('',(16.0819597754334,13.,-16.8189793492611));
#4747=CARTESIAN_POINT('',(15.8698131354734,13.,-17.0484541820713));
#4748=CARTESIAN_POINT('',(14.9718328365132,13.,-18.0167146174649));
#4749=CARTESIAN_POINT('',(14.6121496150657,13.,-18.3998265541687));
#4750=CARTESIAN_POINT('',(14.4914367048109,13.,-18.5205434706473));
#4751=CARTESIAN_POINT('',(16.6742177406947,13.,-16.172397851944));
#4752=CARTESIAN_POINT('',(16.6743422260241,9.,-16.1722681861475));
#4753=CARTESIAN_POINT('',(16.6743422260241,10.3333333333333,-16.1722681861475));
#4754=CARTESIAN_POINT('',(16.6743422260241,11.6666666666667,-16.1722681861475));
#4755=CARTESIAN_POINT('',(16.6743422260241,13.,-16.1722681861475));
#4756=CARTESIAN_POINT('',(-113.815861440678,10.9999999999976,102.806452878698));
#4757=CARTESIAN_POINT('',(16.6742177406947,9.,-16.172397851944));
#4758=CARTESIAN_POINT('',(15.9601916821024,9.,-15.4908282548848));
#4759=CARTESIAN_POINT('',(15.1206983232321,9.,-14.9624811162551));
#4760=CARTESIAN_POINT('',(13.3908224648415,9.,-14.2899986455838));
#4761=CARTESIAN_POINT('',(12.4771834152784,9.,-14.1218780279159));
#4762=CARTESIAN_POINT('',(11.5148432453474,9.,-14.1218780279159));
#4763=CARTESIAN_POINT('',(11.5148432453474,13.,-14.1218780279159));
#4764=CARTESIAN_POINT('',(12.4766577227306,13.,-14.1218780279159));
#4765=CARTESIAN_POINT('',(13.357856283872,13.,-14.2773951927895));
#4766=CARTESIAN_POINT('',(15.1536645042016,13.,-14.9750845690494));
#4767=CARTESIAN_POINT('',(15.9598169530876,13.,-15.4904705593909));
#4768=CARTESIAN_POINT('',(16.6742177406947,13.,-16.172397851944));
#4769=CARTESIAN_POINT('',(11.5844351952556,11.,-21.4739921096748));
#4770=CARTESIAN_POINT('',(10.2580720335245,13.,-21.7617200116317));
#4771=CARTESIAN_POINT('',(20.7233072916667,9.,-46.1364583333334));
#4772=CARTESIAN_POINT('',(20.7233072916667,9.,-46.1364583333334));
#4773=CARTESIAN_POINT('',(20.7233072906235,9.,-50.4980617346371));
#4774=CARTESIAN_POINT('',(20.7233072916667,9.,-46.1364583333334));
#4775=CARTESIAN_POINT('',(20.7233072916667,9.6,-46.1364583333334));
#4776=CARTESIAN_POINT('',(20.7233072916667,9.6,-46.1364583333334));
#4777=CARTESIAN_POINT('',(20.7233072906235,9.6,-50.4980617346371));
#4778=CARTESIAN_POINT('',(20.7233072906235,9.,-50.4980617346371));
#4779=CARTESIAN_POINT('',(20.7233072906235,9.,-50.4980617346371));
#4780=CARTESIAN_POINT('',(13.4197137364367,9.,-31.2525909242867));
#4781=CARTESIAN_POINT('',(21.3233072913464,9.,-50.2595326676498));
#4782=CARTESIAN_POINT('',(13.4197137364367,9.6,-31.2525909242867));
#4783=CARTESIAN_POINT('',(21.3233072913464,9.6,-50.2595326676498));
#4784=CARTESIAN_POINT('',(21.3233072913464,9.,-50.2595326676498));
#4785=CARTESIAN_POINT('',(13.4189162027964,9.3,-31.2507150370935));
#4786=CARTESIAN_POINT('',(21.3233072916667,9.,-46.1364583333334));
#4787=CARTESIAN_POINT('',(21.3233072916667,9.,-46.1364583333334));
#4788=CARTESIAN_POINT('',(21.3233072916667,9.6,-46.1364583333334));
#4789=CARTESIAN_POINT('',(21.3233072916667,9.6,-46.1364583333334));
#4790=CARTESIAN_POINT('',(21.3233072916667,9.,-46.1364583333334));
#4791=CARTESIAN_POINT('',(21.3233072916667,9.,-46.1364583333334));
#4792=CARTESIAN_POINT('',(21.8914713539059,9.6,-46.1364583333334));
#4793=CARTESIAN_POINT('',(21.0233072911451,9.6,-48.3172600339852));
#4794=CARTESIAN_POINT('',(19.2869791666667,9.,-46.1364583333334));
#4795=CARTESIAN_POINT('',(19.2869791666667,9.,-46.1364583333334));
#4796=CARTESIAN_POINT('',(19.2869791666667,9.,-46.1364583333334));
#4797=CARTESIAN_POINT('',(19.2869791666667,13.,-46.1364583333334));
#4798=CARTESIAN_POINT('',(19.2869791666667,13.,-46.1364583333334));
#4799=CARTESIAN_POINT('',(22.7596354166667,13.,-46.1364583333334));
#4800=CARTESIAN_POINT('',(22.7596354166667,9.,-46.1364583333334));
#4801=CARTESIAN_POINT('',(22.7596354166667,9.,-46.1364583333334));
#4802=CARTESIAN_POINT('',(19.2869791666667,9.,-46.1364583333334));
#4803=CARTESIAN_POINT('',(22.7596354166667,9.,-46.1364583333334));
#4804=CARTESIAN_POINT('',(30.06875,9.,-30.8236979166666));
#4805=CARTESIAN_POINT('',(30.06875,9.,-30.8236979166666));
#4806=CARTESIAN_POINT('',(30.06875,9.,-30.8236979166666));
#4807=CARTESIAN_POINT('',(30.06875,13.,-30.8236979166666));
#4808=CARTESIAN_POINT('',(30.06875,13.,-30.8236979166666));
#4809=CARTESIAN_POINT('',(19.8869791666666,13.,-30.8236977037534));
#4810=CARTESIAN_POINT('',(19.8869791666666,9.,-30.8236977037534));
#4811=CARTESIAN_POINT('',(19.8869791666666,9.,-30.8236979166666));
#4812=CARTESIAN_POINT('',(19.2869791666667,13.,-30.8236979166666));
#4813=CARTESIAN_POINT('',(19.2869791666667,13.,-30.8236979166666));
#4814=CARTESIAN_POINT('',(19.2869791666667,9.,-30.8236979166666));
#4815=CARTESIAN_POINT('',(19.2869791666667,9.,-30.8236979166666));
#4816=CARTESIAN_POINT('',(19.2869791666667,9.,-30.8236979166666));
#4817=CARTESIAN_POINT('',(19.2869791666667,13.,-30.8236979166666));
#4818=CARTESIAN_POINT('',(19.2869791666667,9.,-30.8236979166666));
#4819=CARTESIAN_POINT('',(19.2869791666667,9.,-46.1364583333334));
#4820=CARTESIAN_POINT('',(22.7596354166667,9.,-46.1364583333334));
#4821=CARTESIAN_POINT('',(22.7596354166667,9.,-34.1971354166666));
#4822=CARTESIAN_POINT('',(22.7596354166667,13.,-46.1364583333334));
#4823=CARTESIAN_POINT('',(22.7596354166667,13.,-34.1971354166666));
#4824=CARTESIAN_POINT('',(22.7596354166667,9.,-34.1971354166666));
#4825=CARTESIAN_POINT('',(22.7596354166667,9.,-34.1971354166666));
#4826=CARTESIAN_POINT('',(22.7596354166667,9.,-34.1971354166666));
#4827=CARTESIAN_POINT('',(30.06875,9.,-34.1971354166666));
#4828=CARTESIAN_POINT('',(22.7596354166667,13.,-34.1971354166666));
#4829=CARTESIAN_POINT('',(30.06875,13.,-34.1971354166666));
#4830=CARTESIAN_POINT('',(30.06875,9.,-34.1971354166666));
#4831=CARTESIAN_POINT('',(30.06875,9.,-34.1971354166666));
#4832=CARTESIAN_POINT('',(30.06875,9.,-34.1971354166666));
#4833=CARTESIAN_POINT('',(30.06875,13.,-34.1971354166666));
#4834=CARTESIAN_POINT('',(30.06875,9.,-34.1971354166666));
#4835=CARTESIAN_POINT('',(30.06875,9.,-30.8236979166666));
#4836=CARTESIAN_POINT('',(24.6778645833334,13.,-38.4800780185433));
#4837=CARTESIAN_POINT('',(33.8525455856859,9.,-34.2973581434713));
#4838=CARTESIAN_POINT('',(33.7506852454475,9.,-34.9940223404054));
#4839=CARTESIAN_POINT('',(33.6138985440153,9.,-35.6771948782414));
#4840=CARTESIAN_POINT('',(33.4421854813894,9.,-36.346875756979));
#4841=CARTESIAN_POINT('',(33.8522144046522,9.,-34.2973097209846));
#4842=CARTESIAN_POINT('',(33.4437554517605,9.,-36.347283275186));
#4843=CARTESIAN_POINT('',(33.8524615878987,9.,-34.2973488878107));
#4844=CARTESIAN_POINT('',(33.8524615878987,9.66666666666667,-34.2973488878108));
#4845=CARTESIAN_POINT('',(33.8524615878987,10.3333333333333,-34.2973488878108));
#4846=CARTESIAN_POINT('',(33.8524615878987,11.,-34.2973488878108));
#4847=CARTESIAN_POINT('',(33.8525451592556,11.,-34.2973610600036));
#4848=CARTESIAN_POINT('',(33.4421842876519,11.,-36.3468804125547));
#4849=CARTESIAN_POINT('',(33.6138981461023,11.,-35.6771964301025));
#4850=CARTESIAN_POINT('',(33.7506851033034,11.,-34.9940233125854));
#4851=CARTESIAN_POINT('',(33.8525451592553,11.,-34.2973610600035));
#4852=CARTESIAN_POINT('',(33.4437554517605,11.,-36.347283275186));
#4853=CARTESIAN_POINT('',(33.4453260190003,9.,-36.3476884656052));
#4854=CARTESIAN_POINT('',(33.4453260190003,9.66666666666667,-36.3476884656052));
#4855=CARTESIAN_POINT('',(33.4453260190003,10.3333333333333,-36.3476884656052));
#4856=CARTESIAN_POINT('',(33.4453260190003,11.,-36.3476884656052));
#4857=CARTESIAN_POINT('',(14.2915941679608,10.0000000000001,-31.4483027646742));
#4858=CARTESIAN_POINT('',(33.4421830887594,9.,-36.3468852078593));
#4859=CARTESIAN_POINT('',(32.7952357629362,9.,-38.9023223707554));
#4860=CARTESIAN_POINT('',(31.6487086144842,9.,-41.2945936101263));
#4861=CARTESIAN_POINT('',(30.0026016434034,9.,-43.523698925972));
#4862=CARTESIAN_POINT('',(30.0026016434034,9.,-43.523698925972));
#4863=CARTESIAN_POINT('',(30.0026016434034,11.,-43.523698925972));
#4864=CARTESIAN_POINT('',(31.6487086144843,11.,-41.2945936101261));
#4865=CARTESIAN_POINT('',(32.7952357629363,11.,-38.902322370755));
#4866=CARTESIAN_POINT('',(33.4421830887595,11.,-36.3468852078588));
#4867=CARTESIAN_POINT('',(30.0026016434034,11.,-43.523698925972));
#4868=CARTESIAN_POINT('',(30.0027696918618,9.,-43.5238234512094));
#4869=CARTESIAN_POINT('',(30.0027696918618,9.66666666666667,-43.5238234512094));
#4870=CARTESIAN_POINT('',(30.0027696918618,10.3333333333333,-43.5238234512094));
#4871=CARTESIAN_POINT('',(30.0027696918618,11.,-43.5238234512094));
#4872=CARTESIAN_POINT('',(13.5167297484113,10.,-31.1905643985729));
#4873=CARTESIAN_POINT('',(30.0026016434034,9.,-43.523698925972));
#4874=CARTESIAN_POINT('',(28.4229835607005,9.,-45.6627654196276));
#4875=CARTESIAN_POINT('',(26.4730869075118,9.,-47.4385471787558));
#4876=CARTESIAN_POINT('',(21.8231403438527,9.,-50.2693832374732));
#4877=CARTESIAN_POINT('',(19.3538899901996,9.,-51.1825583235936));
#4878=CARTESIAN_POINT('',(16.7403625647227,9.,-51.5934904664755));
#4879=CARTESIAN_POINT('',(16.7403625647227,9.,-51.5934904664755));
#4880=CARTESIAN_POINT('',(16.7403625647227,11.,-51.5934904664755));
#4881=CARTESIAN_POINT('',(19.3530382544402,11.,-51.1826922443618));
#4882=CARTESIAN_POINT('',(21.8240188179199,11.,-50.2684639932024));
#4883=CARTESIAN_POINT('',(26.4707257439936,11.,-47.4403681127612));
#4884=CARTESIAN_POINT('',(28.4224688648091,11.,-45.663462403758));
#4885=CARTESIAN_POINT('',(30.0026016434034,11.,-43.523698925972));
#4886=CARTESIAN_POINT('',(16.7403625647227,11.,-51.5934904664755));
#4887=CARTESIAN_POINT('',(16.7403625647227,9.,-51.5934904664755));
#4888=CARTESIAN_POINT('',(16.7403625647227,11.,-51.5934904664755));
#4889=CARTESIAN_POINT('',(13.4453318053366,10.,-31.2546309624236));
#4890=CARTESIAN_POINT('',(16.7403625647227,9.,-51.5934904664755));
#4891=CARTESIAN_POINT('',(11.514840722084,9.,-52.4864591533939));
#4892=CARTESIAN_POINT('',(5.99166464805605,9.,-51.1966155295571));
#4893=CARTESIAN_POINT('',(1.6260393957297,9.,-48.1208342164755));
#4894=CARTESIAN_POINT('',(1.62590948132865,9.,-48.121020216546));
#4895=CARTESIAN_POINT('',(1.6260393957297,11.,-48.1208342164755));
#4896=CARTESIAN_POINT('',(5.99166464805605,11.,-51.1966155295571));
#4897=CARTESIAN_POINT('',(11.514840722084,11.,-52.4864591533939));
#4898=CARTESIAN_POINT('',(16.7403625647227,11.,-51.5934904664755));
#4899=CARTESIAN_POINT('',(1.62590948132865,11.,-48.121020216546));
#4900=CARTESIAN_POINT('',(1.62577956692762,9.,-48.1212062166165));
#4901=CARTESIAN_POINT('',(1.62577956692762,9.66666666666667,-48.1212062166165));
#4902=CARTESIAN_POINT('',(1.62577956692762,10.3333333333333,-48.1212062166165));
#4903=CARTESIAN_POINT('',(1.62577956692761,11.,-48.1212062166165));
#4904=CARTESIAN_POINT('',(16.7403625647227,10.,-51.5934904664755));
#4905=CARTESIAN_POINT('',(11.514840722084,10.,-52.4864591533939));
#4906=CARTESIAN_POINT('',(5.99166464805605,10.,-51.1966155295571));
#4907=CARTESIAN_POINT('',(1.6260393957297,10.,-48.1208342164755));
#4908=CARTESIAN_POINT('',(1.6260393957297,9.,-48.1208342164755));
#4909=CARTESIAN_POINT('',(-0.558298818507579,9.,-46.5984161949943));
#4910=CARTESIAN_POINT('',(-2.44294336209795,9.,-44.64661047379));
#4911=CARTESIAN_POINT('',(-3.89713793992995,9.,-42.3992192546526));
#4912=CARTESIAN_POINT('',(-3.89585261209448,9.,-42.3983907821811));
#4913=CARTESIAN_POINT('',(-3.89713647556809,11.,-42.3992215177566));
#4914=CARTESIAN_POINT('',(-2.44323615381299,11.,-44.6461573326892));
#4915=CARTESIAN_POINT('',(-0.558739965964165,11.,-46.5981087284885));
#4916=CARTESIAN_POINT('',(1.6260393957297,11.,-48.1208342164755));
#4917=CARTESIAN_POINT('',(-3.89585261209448,11.,-42.3983907821811));
#4918=CARTESIAN_POINT('',(-3.89456728425902,9.,-42.3975623097096));
#4919=CARTESIAN_POINT('',(-3.89456728425902,9.66666666666667,-42.3975623097096));
#4920=CARTESIAN_POINT('',(-3.89456728425902,10.3333333333333,-42.3975623097096));
#4921=CARTESIAN_POINT('',(-3.89456728425902,11.,-42.3975623097096));
#4922=CARTESIAN_POINT('',(13.4709540552545,10.,-31.1623219652121));
#4923=CARTESIAN_POINT('',(-3.89714194987049,9.,-42.3992129663217));
#4924=CARTESIAN_POINT('',(-5.39982814234392,9.,-40.0427212975119));
#4925=CARTESIAN_POINT('',(-6.38098911699937,9.,-37.5512300857403));
#4926=CARTESIAN_POINT('',(-6.84062487383685,9.,-34.924739331007));
#4927=CARTESIAN_POINT('',(-6.84062487383685,9.,-34.924739331007));
#4928=CARTESIAN_POINT('',(-6.84062487383685,11.,-34.924739331007));
#4929=CARTESIAN_POINT('',(-6.38098913297813,11.,-37.551229994433));
#4930=CARTESIAN_POINT('',(-5.39982815832616,11.,-40.042721206199));
#4931=CARTESIAN_POINT('',(-3.89714194988093,11.,-42.3992129663052));
#4932=CARTESIAN_POINT('',(-6.84062487383685,11.,-34.924739331007));
#4933=CARTESIAN_POINT('',(-6.84067603235345,9.,-34.9247489003921));
#4934=CARTESIAN_POINT('',(-6.84067603235345,9.66666666666667,-34.9247489003921));
#4935=CARTESIAN_POINT('',(-6.84067603235345,10.3333333333333,-34.9247489003921));
#4936=CARTESIAN_POINT('',(-6.84067603235345,11.,-34.9247489003921));
#4937=CARTESIAN_POINT('',(13.3893730051726,10.,-31.257004753382));
#4938=CARTESIAN_POINT('',(-6.84062487383685,9.,-34.924739331007));
#4939=CARTESIAN_POINT('',(-6.94324509410883,9.,-34.3774317505331));
#4940=CARTESIAN_POINT('',(-7.02231485752002,9.,-33.822081729128));
#4941=CARTESIAN_POINT('',(-7.07783416407041,9.,-33.2586892667919));
#4942=CARTESIAN_POINT('',(-7.07746140608631,9.,-33.2586485031299));
#4943=CARTESIAN_POINT('',(-7.07783440008525,11.,-33.2586868717875));
#4944=CARTESIAN_POINT('',(-7.02231493619153,11.,-33.8220809307938));
#4945=CARTESIAN_POINT('',(-6.94324509410873,11.,-34.3774317505336));
#4946=CARTESIAN_POINT('',(-6.84062487383685,11.,-34.924739331007));
#4947=CARTESIAN_POINT('',(-7.07746124874606,11.,-33.2586500997694));
#4948=CARTESIAN_POINT('',(-7.07708833342167,9.,-33.2586109327468));
#4949=CARTESIAN_POINT('',(-7.07708833342167,9.66666666666667,-33.2586109327468));
#4950=CARTESIAN_POINT('',(-7.07708833342167,10.3333333333333,-33.2586109327468));
#4951=CARTESIAN_POINT('',(-7.07708833342167,11.,-33.2586109327468));
#4952=CARTESIAN_POINT('',(12.156857109421,10.,-31.3711917657994));
#4953=CARTESIAN_POINT('',(-6.70937104137669,9.,-26.8216388160698));
#4954=CARTESIAN_POINT('',(-7.17784603829121,9.,-28.9287389346429));
#4955=CARTESIAN_POINT('',(-7.30255909963032,9.,-31.1118669815547));
#4956=CARTESIAN_POINT('',(-7.07708850099935,9.,-33.2586093372131));
#4957=CARTESIAN_POINT('',(-6.7084732756672,9.,-26.8218384174602));
#4958=CARTESIAN_POINT('',(-6.70833442840948,11.,-26.8218710636204));
#4959=CARTESIAN_POINT('',(-7.17812293591825,11.,-28.9098197646338));
#4960=CARTESIAN_POINT('',(-7.30184369231958,11.,-31.0990016028561));
#4961=CARTESIAN_POINT('',(-7.07783416407031,11.,-33.2586892667919));
#4962=CARTESIAN_POINT('',(-6.70795537792477,11.,-26.8219563499885));
#4963=CARTESIAN_POINT('',(-6.70757521466083,9.,-26.8220366906717));
#4964=CARTESIAN_POINT('',(-6.70757521466083,9.66666666666667,-26.8220366906717));
#4965=CARTESIAN_POINT('',(-6.70757521466083,10.3333333333333,-26.8220366906717));
#4966=CARTESIAN_POINT('',(-6.70757521466083,11.,-26.8220366906717));
#4967=CARTESIAN_POINT('',(12.8358806835665,10.,-31.1671664257104));
#4968=CARTESIAN_POINT('',(-3.46801188941468,9.,-19.3799050639844));
#4969=CARTESIAN_POINT('',(-5.0349296649026,9.,-21.6082317171249));
#4970=CARTESIAN_POINT('',(-6.14432497018588,8.99999999999999,-24.1568039855272));
#4971=CARTESIAN_POINT('',(-6.70757349842153,8.99999999999999,-26.8220285696246));
#4972=CARTESIAN_POINT('',(-3.46648646443249,9.,-19.3809777143874));
#4973=CARTESIAN_POINT('',(-3.46719204177021,11.,-19.3804731550517));
#4974=CARTESIAN_POINT('',(-5.04300450217967,11.,-21.612875627604));
#4975=CARTESIAN_POINT('',(-6.14177115839762,11.,-24.1556903793858));
#4976=CARTESIAN_POINT('',(-6.7083355411887,11.,-26.8218760093053));
#4977=CARTESIAN_POINT('',(-3.4660759770121,11.,-19.3812609649443));
#4978=CARTESIAN_POINT('',(-3.46496230925038,9.,-19.3820521705834));
#4979=CARTESIAN_POINT('',(-3.46496230925038,9.66666666666667,-19.3820521705834));
#4980=CARTESIAN_POINT('',(-3.46496230925038,10.3333333333333,-19.3820521705834));
#4981=CARTESIAN_POINT('',(-3.46496230925038,11.,-19.3820521705834));
#4982=CARTESIAN_POINT('',(13.0548438312145,10.,-30.998469287496));
#4983=CARTESIAN_POINT('',(2.45098762236856,9.,-13.7550759835823));
#4984=CARTESIAN_POINT('',(0.141997939136058,9.,-15.2274097852916));
#4985=CARTESIAN_POINT('',(-1.87893554462878,8.99999999999999,-17.1496276404292));
#4986=CARTESIAN_POINT('',(-3.46496230925038,8.99999999999999,-19.3820521705834));
#4987=CARTESIAN_POINT('',(2.45133181180558,9.,-13.7556157574399));
#4988=CARTESIAN_POINT('',(2.45287195305913,11.,-13.7580678661247));
#4989=CARTESIAN_POINT('',(0.158118472170826,11.,-15.2004848400426));
#4990=CARTESIAN_POINT('',(-1.81523434488736,11.,-17.0746173403667));
#4991=CARTESIAN_POINT('',(-3.46718649811543,11.,-19.3804653670971));
#4992=CARTESIAN_POINT('',(2.45227178461483,11.,-13.7571130530217));
#4993=CARTESIAN_POINT('',(2.45168125683329,9.,-13.7561521800714));
#4994=CARTESIAN_POINT('',(2.45168125683329,9.66666666666667,-13.7561521800714));
#4995=CARTESIAN_POINT('',(2.45168125683329,10.3333333333333,-13.7561521800714));
#4996=CARTESIAN_POINT('',(2.45168125683329,11.,-13.7561521800714));
#4997=CARTESIAN_POINT('',(13.9104788746358,10.,-31.7264402529205));
#4998=CARTESIAN_POINT('',(10.1261388523361,9.,-10.8829486213229));
#4999=CARTESIAN_POINT('',(7.41508879654307,9.00000000000001,-11.3354799174032));
#5000=CARTESIAN_POINT('',(4.79336104099316,9.00000000000001,-12.3170160616292));
#5001=CARTESIAN_POINT('',(2.45168125683329,9.00000000000002,-13.7561521800714));
#5002=CARTESIAN_POINT('',(10.1260529213192,9.,-10.8824338209506));
#5003=CARTESIAN_POINT('',(10.1257718247707,11.,-10.8807324498176));
#5004=CARTESIAN_POINT('',(7.33772196869649,11.,-11.3567397675804));
#5005=CARTESIAN_POINT('',(4.78008546457172,11.,-12.3158535929652));
#5006=CARTESIAN_POINT('',(2.45286231239635,11.,-13.7580739259719));
#5007=CARTESIAN_POINT('',(10.1258730143792,11.,-10.8813251333035));
#5008=CARTESIAN_POINT('',(10.1259649444117,9.,-10.8819193620805));
#5009=CARTESIAN_POINT('',(10.1259649444117,9.66666666666667,-10.8819193620805));
#5010=CARTESIAN_POINT('',(10.1259649444117,10.3333333333333,-10.8819193620805));
#5011=CARTESIAN_POINT('',(10.1259649444117,11.,-10.8819193620805));
#5012=CARTESIAN_POINT('',(13.6462232505584,10.,-31.9712691128676));
#5013=CARTESIAN_POINT('',(13.4330601306516,9.,-10.6147558437716));
#5014=CARTESIAN_POINT('',(12.3261054004082,9.,-10.6215896359977));
#5015=CARTESIAN_POINT('',(11.2196693425073,8.99999999999999,-10.7109728306794));
#5016=CARTESIAN_POINT('',(10.1259723307009,8.99999999999999,-10.8819182075986));
#5017=CARTESIAN_POINT('',(13.433066088423,9.,-10.6157208984324));
#5018=CARTESIAN_POINT('',(13.433071254106,11.,-10.6161468426386));
#5019=CARTESIAN_POINT('',(12.3923820898347,11.,-10.6161468426386));
#5020=CARTESIAN_POINT('',(11.2899514155958,11.,-10.7043416235182));
#5021=CARTESIAN_POINT('',(10.1257792313893,11.,-10.8807311852773));
#5022=CARTESIAN_POINT('',(13.433071254106,11.,-10.6164163992119));
#5023=CARTESIAN_POINT('',(13.4330716101559,9.,-10.6166859557851));
#5024=CARTESIAN_POINT('',(13.4330716101559,9.66666666666667,-10.6166859557851));
#5025=CARTESIAN_POINT('',(13.4330716101559,10.3333333333333,-10.6166859557851));
#5026=CARTESIAN_POINT('',(13.4330716101559,11.,-10.6166859557851));
#5027=CARTESIAN_POINT('',(13.5707710115795,9.99999999999999,-32.9215082301575));
#5028=CARTESIAN_POINT('',(18.3280293362026,9.,-11.2107951556822));
#5029=CARTESIAN_POINT('',(16.7286727385979,9.00000000000001,-10.8145158799907));
#5030=CARTESIAN_POINT('',(15.0807851946691,9.00000000000002,-10.6145091901761));
#5031=CARTESIAN_POINT('',(13.4330673631483,9.00000000000004,-10.6166859613953));
#5032=CARTESIAN_POINT('',(18.3280837723798,9.,-11.2105754548771));
#5033=CARTESIAN_POINT('',(18.3278630234399,11.,-11.2114602142974));
#5034=CARTESIAN_POINT('',(16.740355458746,11.,-10.8145846331916));
#5035=CARTESIAN_POINT('',(15.1087580836181,11.,-10.6161468426386));
#5036=CARTESIAN_POINT('',(13.4330708980561,11.,-10.6161468426386));
#5037=CARTESIAN_POINT('',(18.3280010532396,11.,-11.2109080932761));
#5038=CARTESIAN_POINT('',(18.3281385324512,9.,-11.2103558346083));
#5039=CARTESIAN_POINT('',(18.3281385324512,9.66666666666667,-11.2103558346083));
#5040=CARTESIAN_POINT('',(18.3281385324512,10.3333333333333,-11.2103558346083));
#5041=CARTESIAN_POINT('',(18.3281385324512,11.,-11.2103558346083));
#5042=CARTESIAN_POINT('',(13.4598086120879,10.,-30.8586077245398));
#5043=CARTESIAN_POINT('',(25.7355506650891,9.,-14.6849951226798));
#5044=CARTESIAN_POINT('',(23.523082809605,9.00000000000001,-13.0608914646931));
#5045=CARTESIAN_POINT('',(20.9914364517259,9.00000000000001,-11.8733569121411));
#5046=CARTESIAN_POINT('',(18.3281384497502,9.00000000000001,-11.2103558140207));
#5047=CARTESIAN_POINT('',(25.7358740385516,9.,-14.6845546006803));
#5048=CARTESIAN_POINT('',(25.736197412014,11.,-14.6841140786807));
#5049=CARTESIAN_POINT('',(23.50286344702,11.,-13.0507790307985));
#5050=CARTESIAN_POINT('',(20.9862956850302,11.,-11.8678634659682));
#5051=CARTESIAN_POINT('',(18.327863574028,11.,-11.2114603519439));
#5052=CARTESIAN_POINT('',(25.736197412014,11.,-14.6841140786807));
#5053=CARTESIAN_POINT('',(25.736197412014,9.,-14.6841140786806));
#5054=CARTESIAN_POINT('',(25.736197412014,9.66666666666667,-14.6841140786806));
#5055=CARTESIAN_POINT('',(25.736197412014,10.3333333333333,-14.6841140786806));
#5056=CARTESIAN_POINT('',(25.736197412014,11.,-14.6841140786806));
#5057=CARTESIAN_POINT('',(13.2182546162467,10.,-31.7369332852796));
#5058=CARTESIAN_POINT('',(25.736197412014,9.,-14.6841140786807));
#5059=CARTESIAN_POINT('',(25.8023422360421,9.,-14.7324886885753));
#5060=CARTESIAN_POINT('',(25.736197412014,11.,-14.6841140786807));
#5061=CARTESIAN_POINT('',(25.8023422360421,11.,-14.7324886885753));
#5062=CARTESIAN_POINT('',(25.8023422360421,9.,-14.7324886885753));
#5063=CARTESIAN_POINT('',(25.8023422360421,9.,-14.7324886885753));
#5064=CARTESIAN_POINT('',(25.8023422360421,9.,-14.0226557453473));
#5065=CARTESIAN_POINT('',(25.8023422360421,11.,-14.0226557453473));
#5066=CARTESIAN_POINT('',(25.8023422360421,11.,-14.0226557453473));
#5067=CARTESIAN_POINT('',(25.8023422360421,9.,-14.0226557453473));
#5068=CARTESIAN_POINT('',(25.8023422360421,9.,-14.0226557453473));
#5069=CARTESIAN_POINT('',(10.0927068193754,9.,-10.5169270833333));
#5070=CARTESIAN_POINT('',(15.5166656573614,9.,-9.59088440736135));
#5071=CARTESIAN_POINT('',(21.23828125,9.,-10.8807311852773));
#5072=CARTESIAN_POINT('',(25.8023422360421,9.,-14.0226557453473));
#5073=CARTESIAN_POINT('',(10.0927068193754,9.,-10.5169270833333));
#5074=CARTESIAN_POINT('',(10.0927068193754,11.,-10.5169270833333));
#5075=CARTESIAN_POINT('',(15.5166656573614,11.,-9.59088440736135));
#5076=CARTESIAN_POINT('',(21.23828125,11.,-10.8807311852773));
#5077=CARTESIAN_POINT('',(25.8023422360421,11.,-14.0226557453473));
#5078=CARTESIAN_POINT('',(10.0927068193754,11.,-10.5169270833333));
#5079=CARTESIAN_POINT('',(10.0927068193754,9.,-10.5169270833333));
#5080=CARTESIAN_POINT('',(25.8023422360421,10.,-14.0226557453473));
#5081=CARTESIAN_POINT('',(21.23828125,10.,-10.8807311852773));
#5082=CARTESIAN_POINT('',(15.5166656573614,10.,-9.59088440736135));
#5083=CARTESIAN_POINT('',(10.0927068193754,10.,-10.5169270833333));
#5084=CARTESIAN_POINT('',(-3.9973469887674,9.,-19.1856677265962));
#5085=CARTESIAN_POINT('',(-3.96394334167243,9.,-19.1403578408559));
#5086=CARTESIAN_POINT('',(-3.93053969457747,9.,-19.0950479551156));
#5087=CARTESIAN_POINT('',(-3.8971360474825,9.,-19.0497380693753));
#5088=CARTESIAN_POINT('',(-0.556771337986,9.,-14.5187494953474));
#5089=CARTESIAN_POINT('',(4.56953074534735,9.,-11.3768198887507));
#5090=CARTESIAN_POINT('',(10.0927068193754,9.,-10.5169270833333));
#5091=CARTESIAN_POINT('',(-3.89658064830341,9.,-19.0501623386054));
#5092=CARTESIAN_POINT('',(-3.9973469887674,11.,-19.1856677265962));
#5093=CARTESIAN_POINT('',(-3.96394334167243,11.,-19.1403578408559));
#5094=CARTESIAN_POINT('',(-3.93053969457747,11.,-19.0950479551156));
#5095=CARTESIAN_POINT('',(-3.8971360474825,11.,-19.0497380693753));
#5096=CARTESIAN_POINT('',(-0.556771337986,11.,-14.5187494953474));
#5097=CARTESIAN_POINT('',(4.56953074534735,11.,-11.3768198887507));
#5098=CARTESIAN_POINT('',(10.0927068193754,11.,-10.5169270833333));
#5099=CARTESIAN_POINT('',(-3.89657781799828,11.,-19.0501584994796));
#5100=CARTESIAN_POINT('',(-3.89601958851408,9.,-19.0505789295839));
#5101=CARTESIAN_POINT('',(-3.89601958851408,9.66666666666667,-19.0505789295839));
#5102=CARTESIAN_POINT('',(-3.89601958851408,10.3333333333333,-19.0505789295839));
#5103=CARTESIAN_POINT('',(-3.89601958851408,11.,-19.0505789295839));
#5104=CARTESIAN_POINT('',(10.0927068193754,10.,-10.5169270833333));
#5105=CARTESIAN_POINT('',(4.56953074534735,10.,-11.3768198887507));
#5106=CARTESIAN_POINT('',(-0.556771337986,10.,-14.5187494953474));
#5107=CARTESIAN_POINT('',(-3.8971360474825,10.,-19.0497380693753));
#5108=CARTESIAN_POINT('',(-3.93053969457747,10.,-19.0950479551156));
#5109=CARTESIAN_POINT('',(-3.96394334167243,10.,-19.1403578408559));
#5110=CARTESIAN_POINT('',(-3.9973469887674,10.,-19.1856677265962));
#5111=CARTESIAN_POINT('',(-7.5368286841255,9.,-26.6230034613843));
#5112=CARTESIAN_POINT('',(-6.83714829950306,9.00000000000001,-23.8922180373178));
#5113=CARTESIAN_POINT('',(-5.59195496615276,9.00000000000001,-21.3023719388865));
#5114=CARTESIAN_POINT('',(-3.8960224577287,9.00000000000001,-19.0505827392077));
#5115=CARTESIAN_POINT('',(-7.53786749822464,9.,-26.622737296987));
#5116=CARTESIAN_POINT('',(-7.5351539971793,11.,-26.6234250934764));
#5117=CARTESIAN_POINT('',(-6.84558320455125,11.,-23.8979847915905));
#5118=CARTESIAN_POINT('',(-5.59642255000252,11.,-21.3154542534234));
#5119=CARTESIAN_POINT('',(-3.8971360474825,11.,-19.0497380693753));
#5120=CARTESIAN_POINT('',(-7.53703069580417,11.,-26.6229502650407));
#5121=CARTESIAN_POINT('',(-7.53890595359516,9.,-26.6224697380291));
#5122=CARTESIAN_POINT('',(-7.53890595359516,9.66666666666667,-26.6224697380291));
#5123=CARTESIAN_POINT('',(-7.53890595359516,10.3333333333333,-26.6224697380291));
#5124=CARTESIAN_POINT('',(-7.53890595359516,11.,-26.6224697380291));
#5125=CARTESIAN_POINT('',(13.2196200490637,10.,-31.9412096833171));
#5126=CARTESIAN_POINT('',(-7.99508720882183,9.,-35.0896504337287));
#5127=CARTESIAN_POINT('',(-8.40539473256138,9.,-32.2742495604981));
#5128=CARTESIAN_POINT('',(-8.24932770189136,9.,-29.3774895307935));
#5129=CARTESIAN_POINT('',(-7.53890589997019,9.,-26.6224695300711));
#5130=CARTESIAN_POINT('',(-7.99634730089837,9.,-35.0898340755177));
#5131=CARTESIAN_POINT('',(-7.99817802525944,11.,-35.0901008169861));
#5132=CARTESIAN_POINT('',(-8.41083836672689,11.,-32.1670880183482));
#5133=CARTESIAN_POINT('',(-8.25649884767676,11.,-29.3448698299731));
#5134=CARTESIAN_POINT('',(-7.53515946810908,11.,-26.6234462518609));
#5135=CARTESIAN_POINT('',(-7.9978925346912,11.,-35.0900605124634));
#5136=CARTESIAN_POINT('',(-7.9976074813964,9.,-35.0900171105865));
#5137=CARTESIAN_POINT('',(-7.9976074813964,9.66666666666667,-35.0900171105865));
#5138=CARTESIAN_POINT('',(-7.9976074813964,10.3333333333333,-35.0900171105865));
#5139=CARTESIAN_POINT('',(-7.9976074813964,11.,-35.0900171105865));
#5140=CARTESIAN_POINT('',(13.2754443674852,10.,-31.9897511537787));
#5141=CARTESIAN_POINT('',(-5.1547063066599,9.,-43.1272747135923));
#5142=CARTESIAN_POINT('',(-6.59707470565298,9.00000000000001,-40.6591190737778));
#5143=CARTESIAN_POINT('',(-7.56730062940444,9.00000000000001,-37.9161637512553));
#5144=CARTESIAN_POINT('',(-7.99760616606855,9.00000000000001,-35.0900257493385));
#5145=CARTESIAN_POINT('',(-5.15355901736161,9.,-43.1266042478501));
#5146=CARTESIAN_POINT('',(-5.15390982116765,11.,-43.1268169699467));
#5147=CARTESIAN_POINT('',(-6.59736878956362,11.,-40.6663737219805));
#5148=CARTESIAN_POINT('',(-7.56465186672483,11.,-37.9246947528515));
#5149=CARTESIAN_POINT('',(-7.99817758798599,11.,-35.0901039143404));
#5150=CARTESIAN_POINT('',(-5.15315983278018,11.,-43.1263769770856));
#5151=CARTESIAN_POINT('',(-5.15241303707083,9.,-43.1259315421573));
#5152=CARTESIAN_POINT('',(-5.15241303707083,9.66666666666667,-43.1259315421573));
#5153=CARTESIAN_POINT('',(-5.15241303707083,10.3333333333333,-43.1259315421573));
#5154=CARTESIAN_POINT('',(-5.15241303707083,11.,-43.1259315421573));
#5155=CARTESIAN_POINT('',(14.4460340209384,10.,-31.6727748476429));
#5156=CARTESIAN_POINT('',(0.599625792470495,9.,-49.5114475611532));
#5157=CARTESIAN_POINT('',(-1.70924164848769,9.,-47.7848390730699));
#5158=CARTESIAN_POINT('',(-3.67553719696883,9.,-45.6019936342626));
#5159=CARTESIAN_POINT('',(-5.15241303707083,8.99999999999999,-43.1259315421573));
#5160=CARTESIAN_POINT('',(0.599901380274766,9.,-49.5110790378623));
#5161=CARTESIAN_POINT('',(0.600781587990885,11.,-49.5098963331338));
#5162=CARTESIAN_POINT('',(-1.71432230585355,11.,-47.7901052476247));
#5163=CARTESIAN_POINT('',(-3.63255171134701,11.,-45.6624139405848));
#5164=CARTESIAN_POINT('',(-5.1539066284895,11.,-43.126822412014));
#5165=CARTESIAN_POINT('',(0.600479212604876,11.,-49.5103033770122));
#5166=CARTESIAN_POINT('',(0.600177679862379,9.,-49.5107110468543));
#5167=CARTESIAN_POINT('',(0.600177679862378,9.66666666666667,-49.5107110468543));
#5168=CARTESIAN_POINT('',(0.600177679862376,10.3333333333333,-49.5107110468543));
#5169=CARTESIAN_POINT('',(0.600177679862375,11.,-49.5107110468543));
#5170=CARTESIAN_POINT('',(13.8513054342409,10.,-31.7909441151997));
#5171=CARTESIAN_POINT('',(8.40607709865831,9.,-53.1806518262763));
#5172=CARTESIAN_POINT('',(5.5965472245831,9.,-52.4867873416967));
#5173=CARTESIAN_POINT('',(2.92683741137739,8.99999999999999,-51.2316239965268));
#5174=CARTESIAN_POINT('',(0.600175019840663,8.99999999999998,-49.5107090793706));
#5175=CARTESIAN_POINT('',(8.40595238609018,9.,-53.1811568000199));
#5176=CARTESIAN_POINT('',(8.40599149189956,11.,-53.1809903042192));
#5177=CARTESIAN_POINT('',(5.58969037741942,11.,-52.4851982957693));
#5178=CARTESIAN_POINT('',(2.91171630967363,11.,-51.2265909496846));
#5179=CARTESIAN_POINT('',(0.60078074534735,11.,-49.5098957071702));
#5180=CARTESIAN_POINT('',(8.40590860533353,11.,-53.1813257974779));
#5181=CARTESIAN_POINT('',(8.40582863663904,9.,-53.1816620116225));
#5182=CARTESIAN_POINT('',(8.40582863663904,9.66666666666667,-53.1816620116225));
#5183=CARTESIAN_POINT('',(8.40582863663904,10.3333333333333,-53.1816620116225));
#5184=CARTESIAN_POINT('',(8.40582863663904,11.,-53.1816620116225));
#5185=CARTESIAN_POINT('',(13.6796625534738,10.,-31.8273527195072));
#5186=CARTESIAN_POINT('',(13.4992175506564,9.,-53.775759041287));
#5187=CARTESIAN_POINT('',(11.7859809917943,9.,-53.7779507767177));
#5188=CARTESIAN_POINT('',(10.0725725043524,9.,-53.5780975541272));
#5189=CARTESIAN_POINT('',(8.40583202941636,9.,-53.1816628185959));
#5190=CARTESIAN_POINT('',(13.4992178980019,9.,-53.7760305544249));
#5191=CARTESIAN_POINT('',(13.4992182453474,11.,-53.7763020675629));
#5192=CARTESIAN_POINT('',(11.7573778501678,11.,-53.7763020675629));
#5193=CARTESIAN_POINT('',(10.0596346263947,11.,-53.5778645728197));
#5194=CARTESIAN_POINT('',(8.405988574028,11.,-53.1809895833333));
#5195=CARTESIAN_POINT('',(13.4992182453474,11.,-53.7763020675629));
#5196=CARTESIAN_POINT('',(13.4992182453474,9.,-53.7763020675629));
#5197=CARTESIAN_POINT('',(13.4992182453474,9.66666666666667,-53.7763020675629));
#5198=CARTESIAN_POINT('',(13.4992182453474,10.3333333333333,-53.7763020675629));
#5199=CARTESIAN_POINT('',(13.4992182453474,11.,-53.7763020675629));
#5200=CARTESIAN_POINT('',(13.4712130042382,10.,-31.8851548816889));
#5201=CARTESIAN_POINT('',(13.6315104166666,9.,-53.7763020675629));
#5202=CARTESIAN_POINT('',(13.6315402462716,9.,-53.7748222746815));
#5203=CARTESIAN_POINT('',(13.6315104166666,11.,-53.7763020675629));
#5204=CARTESIAN_POINT('',(13.6315342803506,11.,-53.7748222746815));
#5205=CARTESIAN_POINT('',(13.6315462121927,9.,-53.7733424818001));
#5206=CARTESIAN_POINT('',(13.6315462121927,9.66666666666667,-53.7733424818001));
#5207=CARTESIAN_POINT('',(13.6315462121927,10.3333333333333,-53.7733424818001));
#5208=CARTESIAN_POINT('',(13.6315462121927,11.,-53.7733424818001));
#5209=CARTESIAN_POINT('',(13.6315104166666,9.,-53.7763020675629));
#5210=CARTESIAN_POINT('',(17.0384802817712,9.,-53.5144795016146));
#5211=CARTESIAN_POINT('',(15.9133550666314,9.,-53.7004008978379));
#5212=CARTESIAN_POINT('',(14.771857805715,9.,-53.7871335953724));
#5213=CARTESIAN_POINT('',(13.6315581413798,9.,-53.7733426260772));
#5214=CARTESIAN_POINT('',(17.0382108345404,9.,-53.5128489088285));
#5215=CARTESIAN_POINT('',(17.0380258697628,11.,-53.5117180393315));
#5216=CARTESIAN_POINT('',(16.038491853742,11.,-53.6881062879029));
#5217=CARTESIAN_POINT('',(14.9029946576994,11.,-53.7763009639766));
#5218=CARTESIAN_POINT('',(13.631534281635,11.,-53.7763020675526));
#5219=CARTESIAN_POINT('',(17.037981832909,11.,-53.5114684970085));
#5220=CARTESIAN_POINT('',(17.0379418231794,9.,-53.5112182440171));
#5221=CARTESIAN_POINT('',(17.0379418231794,9.66666666666667,-53.5112182440171));
#5222=CARTESIAN_POINT('',(17.0379418231794,10.3333333333333,-53.5112182440171));
#5223=CARTESIAN_POINT('',(17.0379418231794,11.,-53.5112182440171));
#5224=CARTESIAN_POINT('',(13.8668202820451,9.99999999999999,-34.3208056586248));
#5225=CARTESIAN_POINT('',(25.140981076883,9.,-50.4691663828039));
#5226=CARTESIAN_POINT('',(22.6797156370624,9.,-52.0113784769894));
#5227=CARTESIAN_POINT('',(19.9060473463802,9.,-53.0526726584793));
#5228=CARTESIAN_POINT('',(17.0379499209089,8.99999999999999,-53.5112169493737));
#5229=CARTESIAN_POINT('',(25.1413745615189,9.,-50.469794357477));
#5230=CARTESIAN_POINT('',(25.1408837260241,11.,-50.4690109058786));
#5231=CARTESIAN_POINT('',(22.6689033961794,11.,-52.0181197449961));
#5232=CARTESIAN_POINT('',(19.9253313392293,11.,-53.0470940386777));
#5233=CARTESIAN_POINT('',(17.0380218426386,11.,-53.51171875));
#5234=CARTESIAN_POINT('',(25.1413259486752,11.,-50.4697165797907));
#5235=CARTESIAN_POINT('',(25.1417679946417,9.,-50.4704223644252));
#5236=CARTESIAN_POINT('',(25.1417679946417,9.66666666666667,-50.4704223644252));
#5237=CARTESIAN_POINT('',(25.1417679946417,10.3333333333333,-50.4704223644252));
#5238=CARTESIAN_POINT('',(25.1417679946417,11.,-50.4704223644252));
#5239=CARTESIAN_POINT('',(13.6092251177656,10.,-32.0652694676982));
#5240=CARTESIAN_POINT('',(31.3911792067474,9.,-44.548607168702));
#5241=CARTESIAN_POINT('',(29.7282966108903,8.99999999999999,-46.9108589191318));
#5242=CARTESIAN_POINT('',(27.590049694619,8.99999999999999,-48.9370182806317));
#5243=CARTESIAN_POINT('',(25.1417679222713,8.99999999999998,-50.4704224097521));
#5244=CARTESIAN_POINT('',(31.3918799571419,9.,-44.5491004550308));
#5245=CARTESIAN_POINT('',(31.3916683279362,11.,-44.5489550457694));
#5246=CARTESIAN_POINT('',(29.7268106897843,11.,-46.9130530189643));
#5247=CARTESIAN_POINT('',(27.5721198631987,11.,-48.9577021411531));
#5248=CARTESIAN_POINT('',(25.1408839027087,11.,-50.4690107951562));
#5249=CARTESIAN_POINT('',(31.3921236172379,11.,-44.549275672021));
#5250=CARTESIAN_POINT('',(31.3925815771146,9.,-44.5495925060561));
#5251=CARTESIAN_POINT('',(31.3925815771146,9.66666666666667,-44.5495925060561));
#5252=CARTESIAN_POINT('',(31.3925815771146,10.3333333333333,-44.5495925060561));
#5253=CARTESIAN_POINT('',(31.3925815771146,11.,-44.5495925060561));
#5254=CARTESIAN_POINT('',(13.5800853864052,10.,-32.0106725808089));
#5255=CARTESIAN_POINT('',(34.8301807206128,9.,-36.6773632725977));
#5256=CARTESIAN_POINT('',(34.2064383257162,9.,-39.4903386175242));
#5257=CARTESIAN_POINT('',(33.0318958782136,9.,-42.1800851787278));
#5258=CARTESIAN_POINT('',(31.3925846857346,9.,-44.5495880127773));
#5259=CARTESIAN_POINT('',(34.831941411325,9.,-36.677753684348));
#5260=CARTESIAN_POINT('',(34.8312481072734,11.,-36.6775998451507));
#5261=CARTESIAN_POINT('',(34.1978004933023,11.,-39.5114535373737));
#5262=CARTESIAN_POINT('',(33.0323895362559,11.,-42.1863174537962));
#5263=CARTESIAN_POINT('',(31.3916656573613,11.,-44.548958837986));
#5264=CARTESIAN_POINT('',(34.8324746474414,11.,-36.6778740120722));
#5265=CARTESIAN_POINT('',(34.8337023227987,9.,-36.6781431004988));
#5266=CARTESIAN_POINT('',(34.8337023227987,9.66666666666667,-36.6781431004988));
#5267=CARTESIAN_POINT('',(34.8337023227987,10.3333333333333,-36.6781431004988));
#5268=CARTESIAN_POINT('',(34.8337023227987,11.,-36.6781431004988));
#5269=CARTESIAN_POINT('',(13.0252826609613,10.,-31.8423975624521));
#5270=CARTESIAN_POINT('',(34.9943690682472,9.,-28.1451977452385));
#5271=CARTESIAN_POINT('',(35.5016849866596,9.,-30.9631889183557));
#5272=CARTESIAN_POINT('',(35.4467411873145,8.99999999999999,-33.8812436842323));
#5273=CARTESIAN_POINT('',(34.8337030444245,8.99999999999999,-36.6781398081887));
#5274=CARTESIAN_POINT('',(34.995871674977,9.,-28.1449272347001));
#5275=CARTESIAN_POINT('',(34.9966114628912,11.,-28.1447921516569));
#5276=CARTESIAN_POINT('',(35.5089544143962,11.,-31.0480688768468));
#5277=CARTESIAN_POINT('',(35.4538332958339,11.,-33.8923381081133));
#5278=CARTESIAN_POINT('',(34.8312481072044,11.,-36.6775998454564));
#5279=CARTESIAN_POINT('',(34.9969929422716,11.,-28.1447248317663));
#5280=CARTESIAN_POINT('',(34.9973743291258,9.,-28.1446569875605));
#5281=CARTESIAN_POINT('',(34.9973743291258,9.66666666666667,-28.1446569875605));
#5282=CARTESIAN_POINT('',(34.9973743291258,10.3333333333333,-28.1446569875605));
#5283=CARTESIAN_POINT('',(34.9973743291258,11.,-28.1446569875605));
#5284=CARTESIAN_POINT('',(13.5317294932527,10.,-32.0090631864841));
#5285=CARTESIAN_POINT('',(31.920355596343,9.,-20.2737595387586));
#5286=CARTESIAN_POINT('',(33.4486406137799,9.00000000000001,-22.6618257335429));
#5287=CARTESIAN_POINT('',(34.5008171992605,9.00000000000002,-25.3532541443435));
#5288=CARTESIAN_POINT('',(34.9973748365504,9.00000000000003,-28.1446598400536));
#5289=CARTESIAN_POINT('',(31.9209556858788,9.,-20.2733755008999));
#5290=CARTESIAN_POINT('',(31.9208337635672,11.,-20.2734444925292));
#5291=CARTESIAN_POINT('',(33.4531375599496,11.,-22.6718308597374));
#5292=CARTESIAN_POINT('',(34.5039923103413,11.,-25.353283620541));
#5293=CARTESIAN_POINT('',(34.9966115554174,11.,-28.144792675972));
#5294=CARTESIAN_POINT('',(31.9211929193945,11.,-20.2732150316529));
#5295=CARTESIAN_POINT('',(31.9215574902703,9.,-20.2729941426382));
#5296=CARTESIAN_POINT('',(31.9215574902703,9.66666666666667,-20.2729941426382));
#5297=CARTESIAN_POINT('',(31.9215574902703,10.3333333333333,-20.2729941426382));
#5298=CARTESIAN_POINT('',(31.9215574902703,11.,-20.2729941426382));
#5299=CARTESIAN_POINT('',(13.7021408879564,10.,-31.9328268812332));
#5300=CARTESIAN_POINT('',(30.9282810733685,9.,-18.8523288208858));
#5301=CARTESIAN_POINT('',(31.2888913375015,9.,-19.3043050329192));
#5302=CARTESIAN_POINT('',(31.6208671985253,9.00000000000001,-19.7791241118685));
#5303=CARTESIAN_POINT('',(31.9215574902703,9.00000000000001,-20.2729941426382));
#5304=CARTESIAN_POINT('',(30.9286417968734,9.,-18.8520410168406));
#5305=CARTESIAN_POINT('',(30.9286417961121,11.,-18.851301074028));
#5306=CARTESIAN_POINT('',(31.3204290406935,11.,-19.3499371620286));
#5307=CARTESIAN_POINT('',(31.6511582073601,11.,-19.8239826373526));
#5308=CARTESIAN_POINT('',(31.920829296112,11.,-20.2734375));
#5309=CARTESIAN_POINT('',(30.9286417961121,11.,-18.851301074028));
#5310=CARTESIAN_POINT('',(30.928641796112,9.,-18.851301074028));
#5311=CARTESIAN_POINT('',(30.928641796112,9.66666666666667,-18.851301074028));
#5312=CARTESIAN_POINT('',(30.928641796112,10.3333333333333,-18.851301074028));
#5313=CARTESIAN_POINT('',(30.928641796112,11.,-18.851301074028));
#5314=CARTESIAN_POINT('',(20.2122058633362,10.,-27.4021741646785));
#5315=CARTESIAN_POINT('',(30.9286417961121,9.,-20.2734375));
#5316=CARTESIAN_POINT('',(30.9286417961121,11.,-20.2734375));
#5317=CARTESIAN_POINT('',(30.9286417961121,11.,-20.2734375));
#5318=CARTESIAN_POINT('',(30.9286107938919,9.6,-20.2734531680565));
#5319=CARTESIAN_POINT('',(30.9286107938919,10.0666666666667,-20.2734531680565));
#5320=CARTESIAN_POINT('',(30.9286107938919,10.5333333333333,-20.2734531680565));
#5321=CARTESIAN_POINT('',(30.9286107938919,11.,-20.2734531680566));
#5322=CARTESIAN_POINT('',(30.9286417961121,9.,-20.2734375));
#5323=CARTESIAN_POINT('',(31.1932742999041,9.,-20.7038046616031));
#5324=CARTESIAN_POINT('',(31.0932905108374,9.,-20.5680469773887));
#5325=CARTESIAN_POINT('',(31.0046598201208,9.,-20.4239305833355));
#5326=CARTESIAN_POINT('',(30.9286107938919,9.00000000000001,-20.2734531680565));
#5327=CARTESIAN_POINT('',(31.1948893792074,9.,-20.7026154766569));
#5328=CARTESIAN_POINT('',(31.1933691618428,11.,-20.7035771222157));
#5329=CARTESIAN_POINT('',(31.0998926783119,11.,-20.5789426032437));
#5330=CARTESIAN_POINT('',(30.9996147312988,11.,-20.4153860778173));
#5331=CARTESIAN_POINT('',(30.9286417961121,11.,-20.2734375));
#5332=CARTESIAN_POINT('',(31.1948862065637,11.,-20.7024393314411));
#5333=CARTESIAN_POINT('',(31.1965164860052,9.,-20.7014425895985));
#5334=CARTESIAN_POINT('',(31.1965164860052,9.66666666666667,-20.7014425895985));
#5335=CARTESIAN_POINT('',(31.1965164860052,10.3333333333333,-20.7014425895985));
#5336=CARTESIAN_POINT('',(31.1965164860052,11.,-20.7014425895985));
#5337=CARTESIAN_POINT('',(33.6342227462244,10.,-18.9060775127353));
#5338=CARTESIAN_POINT('',(33.8688535450156,9.,-28.3106236968844));
#5339=CARTESIAN_POINT('',(33.4862862219089,9.00000000000001,-25.6323372555685));
#5340=CARTESIAN_POINT('',(32.5727001080241,9.00000000000001,-23.0309663104249));
#5341=CARTESIAN_POINT('',(31.1966091785322,9.00000000000001,-20.7015994925501));
#5342=CARTESIAN_POINT('',(33.8709093526765,9.,-28.3103300446338));
#5343=CARTESIAN_POINT('',(33.8721345354175,11.,-28.3101581236866));
#5344=CARTESIAN_POINT('',(33.4600811004438,11.,-25.5287908881888));
#5345=CARTESIAN_POINT('',(32.5671188325581,11.,-22.9932123183954));
#5346=CARTESIAN_POINT('',(31.1932477317605,11.,-20.7034224143065));
#5347=CARTESIAN_POINT('',(33.8725497530339,11.,-28.3100966101105));
#5348=CARTESIAN_POINT('',(33.8729650987064,9.,-28.3100359609156));
#5349=CARTESIAN_POINT('',(33.8729650987064,9.66666666666667,-28.3100359609157));
#5350=CARTESIAN_POINT('',(33.8729650987064,10.3333333333333,-28.3100359609157));
#5351=CARTESIAN_POINT('',(33.8729650987064,11.,-28.3100359609157));
#5352=CARTESIAN_POINT('',(13.3568634653216,10.,-31.2405631594179));
#5353=CARTESIAN_POINT('',(33.8518835614262,9.,-34.2972590289101));
#5354=CARTESIAN_POINT('',(34.1552611360258,9.00000000000001,-32.3172569056574));
#5355=CARTESIAN_POINT('',(34.1623918015862,9.00000000000002,-30.2921253999963));
#5356=CARTESIAN_POINT('',(33.8729650987064,9.00000000000002,-28.3100359609157));
#5357=CARTESIAN_POINT('',(33.8525451592558,11.,-34.2973610600036));
#5358=CARTESIAN_POINT('',(34.158454531106,11.,-32.2826331577873));
#5359=CARTESIAN_POINT('',(34.1649842804746,11.,-30.2868985575546));
#5360=CARTESIAN_POINT('',(33.8721344073614,11.,-28.3101572593053));
#5361=CARTESIAN_POINT('',(13.8541965720162,9.99999999999998,-31.2331967709962));
#5362=CARTESIAN_POINT('',(13.5488263902565,11.,-31.6835932374622));
#5363=CARTESIAN_POINT('',(13.5488263902565,9.,-31.6835932374622));
#5364=CARTESIAN_POINT('',(2.65,-2.675,-2.27750000000001));
#5365=CARTESIAN_POINT('',(2.65,-2.675,-3.42750000000001));
#5366=CARTESIAN_POINT('',(1.5,-2.675,-2.27750000000001));
#5367=CARTESIAN_POINT('',(2.65,-2.675,-3.42750000000001));
#5368=CARTESIAN_POINT('',(2.65,0.,-3.42750000000001));
#5369=CARTESIAN_POINT('',(2.65,0.,-2.27750000000001));
#5370=CARTESIAN_POINT('',(1.5,0.,-2.27750000000001));
#5371=CARTESIAN_POINT('',(1.5,0.,-2.27750000000001));
#5372=CARTESIAN_POINT('',(2.65,-2.675,-2.27750000000001));
#5373=CARTESIAN_POINT('',(2.65,-2.675,-2.14999999999999));
#5374=CARTESIAN_POINT('',(1.5,-2.675,-2.14999999999999));
#5375=CARTESIAN_POINT('',(2.65,-2.675,-0.999999999999991));
#5376=CARTESIAN_POINT('',(1.5,-2.675,-2.14999999999999));
#5377=CARTESIAN_POINT('',(1.5,0.,-2.14999999999999));
#5378=CARTESIAN_POINT('',(2.65,0.,-2.14999999999999));
#5379=CARTESIAN_POINT('',(2.65,0.,-0.999999999999991));
#5380=CARTESIAN_POINT('',(2.65,0.,-0.999999999999991));
#5381=CARTESIAN_POINT('',(2.65,-2.675,-2.14999999999999));
#5382=CARTESIAN_POINT('',(9.62879708268762,-2.675,-5.3492319919181));
#5383=CARTESIAN_POINT('',(9.17183456305465,-2.675,-5.55217349987219));
#5384=CARTESIAN_POINT('',(9.92990388637132,-2.675,-5.74839949156629));
#5385=CARTESIAN_POINT('',(9.17183456305465,-2.675,-5.55217349987219));
#5386=CARTESIAN_POINT('',(9.17183456305465,0.,-5.55217349987219));
#5387=CARTESIAN_POINT('',(9.62879708268762,0.,-5.3492319919181));
#5388=CARTESIAN_POINT('',(9.92990388637132,0.,-5.74839949156629));
#5389=CARTESIAN_POINT('',(9.92990388637132,-2.675,-5.74839949156629));
#5390=CARTESIAN_POINT('',(9.62879708268762,-2.675,-5.3492319919181));
#5391=CARTESIAN_POINT('',(11.35,-2.675,-4.05086499215044));
#5392=CARTESIAN_POINT('',(11.6511068036837,-2.675,-4.45003249179863));
#5393=CARTESIAN_POINT('',(11.85,-2.675,-4.05086499215044));
#5394=CARTESIAN_POINT('',(11.6511068036837,-2.675,-4.45003249179863));
#5395=CARTESIAN_POINT('',(11.6511068036837,0.,-4.45003249179863));
#5396=CARTESIAN_POINT('',(11.35,0.,-4.05086499215044));
#5397=CARTESIAN_POINT('',(11.85,0.,-4.05086499215044));
#5398=CARTESIAN_POINT('',(11.85,-2.675,-4.05086499215044));
#5399=CARTESIAN_POINT('',(11.35,-2.675,-4.05086499215044));
#5400=CARTESIAN_POINT('',(9.42734266817378,0.,-6.1275));
#5401=CARTESIAN_POINT('',(8.85,0.,-4.8275));
#5402=CARTESIAN_POINT('',(9.42734266817378,-2.675,-6.1275));
#5403=CARTESIAN_POINT('',(8.85,-2.675,-4.8275));
#5404=CARTESIAN_POINT('',(8.85,-2.675,-4.8275));
#5405=CARTESIAN_POINT('',(9.42734266817378,-2.675,-6.1275));
#5406=CARTESIAN_POINT('',(11.85,0.,-4.30000000000003));
#5407=CARTESIAN_POINT('',(11.85,-2.675,-4.30000000000003));
#5408=CARTESIAN_POINT('',(11.85,-2.675,-4.30000000000003));
#5409=CARTESIAN_POINT('',(11.85,-2.675,-3.42750000000002));
#5410=CARTESIAN_POINT('',(11.85,-2.675,-3.42750000000002));
#5411=CARTESIAN_POINT('',(11.85,0.,-3.42750000000002));
#5412=CARTESIAN_POINT('',(11.85,0.,-3.42750000000002));
#5413=CARTESIAN_POINT('',(11.85,-2.675,-3.42750000000002));
#5414=CARTESIAN_POINT('',(11.85,-2.675,-3.42750000000002));
#5415=CARTESIAN_POINT('',(1.5,0.,-3.42750000000001));
#5416=CARTESIAN_POINT('',(1.5,-2.675,-3.42750000000001));
#5417=CARTESIAN_POINT('',(1.5,-2.675,-3.42750000000001));
#5418=CARTESIAN_POINT('',(1.5,0.,-0.99999999999999));
#5419=CARTESIAN_POINT('',(1.5,-2.675,-0.99999999999999));
#5420=CARTESIAN_POINT('',(1.5,-2.675,-0.99999999999999));
#5421=CARTESIAN_POINT('',(11.85,-2.675,-1.));
#5422=CARTESIAN_POINT('',(11.85,-2.675,-1.));
#5423=CARTESIAN_POINT('',(11.85,0.,-1.));
#5424=CARTESIAN_POINT('',(11.85,0.,-1.));
#5425=CARTESIAN_POINT('',(11.85,-2.675,-1.));
#5426=CARTESIAN_POINT('',(11.85,-2.675,-1.));
#5427=CARTESIAN_POINT('',(8.85,0.,-4.8275));
#5428=CARTESIAN_POINT('',(0.,0.,-4.8275));
#5429=CARTESIAN_POINT('',(8.85,-2.675,-4.8275));
#5430=CARTESIAN_POINT('',(0.,-2.675,-4.8275));
#5431=CARTESIAN_POINT('',(0.,-2.675,-4.8275));
#5432=CARTESIAN_POINT('',(8.85,-2.675,-4.8275));
#5433=CARTESIAN_POINT('',(2.65,-2.675,2.27750000000001));
#5434=CARTESIAN_POINT('',(2.65,-2.675,3.42750000000001));
#5435=CARTESIAN_POINT('',(1.5,-2.675,2.27750000000001));
#5436=CARTESIAN_POINT('',(1.5,-2.675,2.27750000000001));
#5437=CARTESIAN_POINT('',(1.5,0.,2.27750000000001));
#5438=CARTESIAN_POINT('',(2.65,0.,2.27750000000001));
#5439=CARTESIAN_POINT('',(2.65,0.,3.42750000000001));
#5440=CARTESIAN_POINT('',(2.65,0.,3.42750000000001));
#5441=CARTESIAN_POINT('',(2.65,-2.675,2.27750000000001));
#5442=CARTESIAN_POINT('',(2.65,-2.675,2.14999999999999));
#5443=CARTESIAN_POINT('',(1.5,-2.675,2.14999999999999));
#5444=CARTESIAN_POINT('',(2.65,-2.675,0.999999999999991));
#5445=CARTESIAN_POINT('',(2.65,-2.675,0.999999999999991));
#5446=CARTESIAN_POINT('',(2.65,0.,0.999999999999991));
#5447=CARTESIAN_POINT('',(2.65,0.,2.14999999999999));
#5448=CARTESIAN_POINT('',(1.5,0.,2.14999999999999));
#5449=CARTESIAN_POINT('',(1.5,0.,2.14999999999999));
#5450=CARTESIAN_POINT('',(2.65,-2.675,2.14999999999999));
#5451=CARTESIAN_POINT('',(9.62879708268762,-2.675,5.3492319919181));
#5452=CARTESIAN_POINT('',(9.17183456305465,-2.675,5.55217349987219));
#5453=CARTESIAN_POINT('',(9.92990388637132,-2.675,5.74839949156629));
#5454=CARTESIAN_POINT('',(9.92990388637132,-2.675,5.74839949156629));
#5455=CARTESIAN_POINT('',(9.92990388637132,0.,5.74839949156629));
#5456=CARTESIAN_POINT('',(9.62879708268762,0.,5.3492319919181));
#5457=CARTESIAN_POINT('',(9.17183456305465,0.,5.55217349987219));
#5458=CARTESIAN_POINT('',(9.17183456305465,-2.675,5.55217349987219));
#5459=CARTESIAN_POINT('',(9.62879708268762,-2.675,5.3492319919181));
#5460=CARTESIAN_POINT('',(11.35,-2.675,4.05086499215044));
#5461=CARTESIAN_POINT('',(11.6511068036837,-2.675,4.45003249179863));
#5462=CARTESIAN_POINT('',(11.85,-2.675,4.05086499215044));
#5463=CARTESIAN_POINT('',(11.85,-2.675,4.05086499215044));
#5464=CARTESIAN_POINT('',(11.85,0.,4.05086499215044));
#5465=CARTESIAN_POINT('',(11.35,0.,4.05086499215044));
#5466=CARTESIAN_POINT('',(11.6511068036837,0.,4.45003249179863));
#5467=CARTESIAN_POINT('',(11.6511068036837,-2.675,4.45003249179863));
#5468=CARTESIAN_POINT('',(11.35,-2.675,4.05086499215044));
#5469=CARTESIAN_POINT('',(11.85,0.,4.30000000000003));
#5470=CARTESIAN_POINT('',(11.85,0.,3.42750000000002));
#5471=CARTESIAN_POINT('',(11.85,0.,3.42750000000002));
#5472=CARTESIAN_POINT('',(1.5,0.,3.42750000000001));
#5473=CARTESIAN_POINT('',(1.5,0.,0.99999999999999));
#5474=CARTESIAN_POINT('',(11.85,0.,1.));
#5475=CARTESIAN_POINT('',(11.85,0.,1.));
#5476=CARTESIAN_POINT('',(11.85,0.,5.6621374255883E-15));
#5477=CARTESIAN_POINT('',(0.,0.,4.8275));
#5478=CARTESIAN_POINT('',(0.,0.,4.8275));
#5479=CARTESIAN_POINT('',(8.85,0.,4.8275));
#5480=CARTESIAN_POINT('',(8.85,0.,4.8275));
#5481=CARTESIAN_POINT('',(9.42734266817378,0.,6.1275));
#5482=CARTESIAN_POINT('',(0.,0.,0.));
#5483=CARTESIAN_POINT('',(11.85,-2.675,3.42750000000002));
#5484=CARTESIAN_POINT('',(11.85,-2.675,3.42750000000002));
#5485=CARTESIAN_POINT('',(11.85,-2.675,4.30000000000003));
#5486=CARTESIAN_POINT('',(9.42734266817378,-2.675,6.1275));
#5487=CARTESIAN_POINT('',(8.85,-2.675,4.8275));
#5488=CARTESIAN_POINT('',(8.85,-2.675,4.8275));
#5489=CARTESIAN_POINT('',(0.,-2.675,4.8275));
#5490=CARTESIAN_POINT('',(0.,-2.675,4.8275));
#5491=CARTESIAN_POINT('',(11.85,-2.675,5.6621374255883E-15));
#5492=CARTESIAN_POINT('',(11.85,-2.675,1.));
#5493=CARTESIAN_POINT('',(11.85,-2.675,1.));
#5494=CARTESIAN_POINT('',(1.5,-2.675,0.99999999999999));
#5495=CARTESIAN_POINT('',(1.5,-2.675,3.42750000000001));
#5496=CARTESIAN_POINT('',(0.,-2.675,0.));
#5497=CARTESIAN_POINT('',(8.85,-2.675,4.8275));
#5498=CARTESIAN_POINT('',(9.42734266817378,-2.675,6.1275));
#5499=CARTESIAN_POINT('',(11.85,-2.675,4.30000000000003));
#5500=CARTESIAN_POINT('',(11.85,-2.675,3.42750000000002));
#5501=CARTESIAN_POINT('',(11.85,-2.675,3.42750000000002));
#5502=CARTESIAN_POINT('',(1.5,-2.675,3.42750000000001));
#5503=CARTESIAN_POINT('',(1.5,-2.675,0.99999999999999));
#5504=CARTESIAN_POINT('',(11.85,-2.675,1.));
#5505=CARTESIAN_POINT('',(11.85,-2.675,1.));
#5506=CARTESIAN_POINT('',(11.85,-2.675,5.6621374255883E-15));
#5507=CARTESIAN_POINT('',(0.,-2.675,4.8275));
#5508=CARTESIAN_POINT('',(0.,-2.675,4.8275));
#5509=CARTESIAN_POINT('',(8.85,-2.675,4.8275));
#5510=CARTESIAN_POINT('',(-22.4245156058118,10.059271427133,8.67361737988404E-16));
#5511=CARTESIAN_POINT('',(48.5599895361631,10.0592714271331,-4.33680868994202E-16));
#5512=CARTESIAN_POINT('',(48.5599895361631,10.0592714271331,-63.));
#5513=CARTESIAN_POINT('',(-22.4245156058118,10.059271427133,-63.));
#5514=MECHANICAL_DESIGN_GEOMETRIC_PRESENTATION_REPRESENTATION('',(#240,
#241),#5516);
#5515=MECHANICAL_DESIGN_GEOMETRIC_PRESENTATION_REPRESENTATION('',(#242),
#5517);
#5516=(
GEOMETRIC_REPRESENTATION_CONTEXT(3)
GLOBAL_UNCERTAINTY_ASSIGNED_CONTEXT((#5518))
GLOBAL_UNIT_ASSIGNED_CONTEXT((#5530,#5522,#5520))
REPRESENTATION_CONTEXT('02_wall_with_PLCM_logo_plcm',
'TOP_LEVEL_ASSEMBLY_PART')
);
#5517=(
GEOMETRIC_REPRESENTATION_CONTEXT(3)
GLOBAL_UNCERTAINTY_ASSIGNED_CONTEXT((#5519))
GLOBAL_UNIT_ASSIGNED_CONTEXT((#5531,#5523,#5521))
REPRESENTATION_CONTEXT('clipperV13_halb_stp','COMPONENT_PART')
);
#5518=UNCERTAINTY_MEASURE_WITH_UNIT(LENGTH_MEASURE(0.0508),#5530,
'DISTANCE_ACCURACY_VALUE','Maximum Tolerance applied to model');
#5519=UNCERTAINTY_MEASURE_WITH_UNIT(LENGTH_MEASURE(0.001),#5531,
'DISTANCE_ACCURACY_VALUE','Maximum Tolerance applied to model');
#5520=(
NAMED_UNIT(*)
SI_UNIT($,.STERADIAN.)
SOLID_ANGLE_UNIT()
);
#5521=(
NAMED_UNIT(*)
SI_UNIT($,.STERADIAN.)
SOLID_ANGLE_UNIT()
);
#5522=(
CONVERSION_BASED_UNIT('DEGREE',#5526)
NAMED_UNIT(#5524)
PLANE_ANGLE_UNIT()
);
#5523=(
CONVERSION_BASED_UNIT('DEGREE',#5527)
NAMED_UNIT(#5525)
PLANE_ANGLE_UNIT()
);
#5524=DIMENSIONAL_EXPONENTS(0.,0.,0.,0.,0.,0.,0.);
#5525=DIMENSIONAL_EXPONENTS(0.,0.,0.,0.,0.,0.,0.);
#5526=PLANE_ANGLE_MEASURE_WITH_UNIT(PLANE_ANGLE_MEASURE(0.0174532925),#5528);
#5527=PLANE_ANGLE_MEASURE_WITH_UNIT(PLANE_ANGLE_MEASURE(0.0174532925),#5529);
#5528=(
NAMED_UNIT(*)
PLANE_ANGLE_UNIT()
SI_UNIT($,.RADIAN.)
);
#5529=(
NAMED_UNIT(*)
PLANE_ANGLE_UNIT()
SI_UNIT($,.RADIAN.)
);
#5530=(
LENGTH_UNIT()
NAMED_UNIT(*)
SI_UNIT(.MILLI.,.METRE.)
);
#5531=(
LENGTH_UNIT()
NAMED_UNIT(*)
SI_UNIT(.MILLI.,.METRE.)
);
ENDSEC;
END-ISO-10303-21;
