{
	"class_name" : "PinholeCameraParameters",
	"extrinsic" : 
	[
		0.97572551266972973,
		0.12019521408012075,
		-0.18306510983152163,
		0.0,
		0.21745007974629041,
		-0.43255421652960052,
		0.8749927500161333,
		0.0,
		0.025984355749663613,
		-0.89356027232341606,
		-0.44819064356764249,
		0.0,
		-0.00016027145465797969,
		0.00031526815947663378,
		0.36052972728647403,
		1.0
	],
	"intrinsic" : 
	{
		"height" : 1080,
		"intrinsic_matrix" : 
		[
			935.30743608719376,
			0.0,
			0.0,
			0.0,
			935.30743608719376,
			0.0,
			959.5,
			539.5,
			1.0
		],
		"width" : 1920
	},
	"version_major" : 1,
	"version_minor" : 0
}