{
	"class_name" : "PinholeCameraParameters",
	"extrinsic" : 
	[
		-0.63492467722753421,
		-0.41992096684077201,
		0.6484882696356371,
		0.0,
		0.096180351208110887,
		0.78989337253217617,
		0.60565485226424898,
		0.0,
		-0.76656375748465699,
		0.44691704111306385,
		-0.46113464852876546,
		0.0,
		0.015331274807012435,
		-0.0089383406224737838,
		0.15471495734821217,
		1.0
	],
	"intrinsic" : 
	{
		"height" : 600,
		"intrinsic_matrix" : 
		[
			519.6152422706632,
			0.0,
			0.0,
			0.0,
			519.6152422706632,
			0.0,
			399.5,
			299.5,
			1.0
		],
		"width" : 800
	},
	"version_major" : 1,
	"version_minor" : 0
}