{
	"class_name" : "PinholeCameraParameters",
	"extrinsic" : 
	[
		0.77046944729676281,
		0.52329299299133203,
		-0.36406218461740109,
		0.0,
		0.53278768242970953,
		-0.21502432727177545,
		0.8184753045342904,
		0.0,
		0.3500201654667911,
		-0.8245780631131866,
		-0.44447373555600106,
		0.0,
		-0.038059302969864289,
		0.070113639455634605,
		0.25647585541063089,
		1.0
	],
	"intrinsic" : 
	{
		"height" : 1055,
		"intrinsic_matrix" : 
		[
			913.65680099258282,
			0.0,
			0.0,
			0.0,
			913.65680099258282,
			0.0,
			959.5,
			527.0,
			1.0
		],
		"width" : 1920
	},
	"version_major" : 1,
	"version_minor" : 0
}