{
	"class_name" : "PinholeCameraParameters",
	"extrinsic" : 
	[
		0.58556548083837723,
		-0.23020507919537053,
		0.7772507247749425,
		0.0,
		0.17241138003965403,
		-0.90152222447965868,
		-0.39690300427443231,
		0.0,
		0.79207788990940919,
		0.3664195686394236,
		-0.48821031946770305,
		0.0,
		-0.015718905838635541,
		-0.0073738752399206756,
		0.17620810077370047,
		1.0
	],
	"intrinsic" : 
	{
		"height" : 1080,
		"intrinsic_matrix" : 
		[
			935.30743608719376,
			0.0,
			0.0,
			0.0,
			935.30743608719376,
			0.0,
			959.5,
			539.5,
			1.0
		],
		"width" : 1920
	},
	"version_major" : 1,
	"version_minor" : 0
}