{
	"class_name" : "PinholeCameraParameters",
	"extrinsic" : 
	[
		0.22102946467137419,
		0.75125579732574244,
		0.62190087854219089,
		0.0,
		-0.95543030558663367,
		0.038839694835889699,
		0.29265066080856011,
		0.0,
		0.19570106518288982,
		-0.65886736532440127,
		0.72635727297024044,
		0.0,
		-0.028423547560271167,
		0.0017483510205513336,
		0.18209675988215468,
		1.0
	],
	"intrinsic" : 
	{
		"height" : 1055,
		"intrinsic_matrix" : 
		[
			913.65680099258282,
			0.0,
			0.0,
			0.0,
			913.65680099258282,
			0.0,
			959.5,
			527.0,
			1.0
		],
		"width" : 1920
	},
	"version_major" : 1,
	"version_minor" : 0
}