{
	"class_name" : "PinholeCameraParameters",
	"extrinsic" : 
	[
		0.99603057305666354,
		0.088338100301171368,
		0.010930579655023295,
		0.0,
		0.02236423473723171,
		-0.12949881227257118,
		-0.99132734181228532,
		0.0,
		-0.086156477069531001,
		0.98763679440124841,
		-0.13096039020938285,
		0.0,
		-0.024320436094477753,
		-0.057831944264314018,
		0.30384746766470244,
		1.0
	],
	"intrinsic" : 
	{
		"height" : 1055,
		"intrinsic_matrix" : 
		[
			913.65680099258282,
			0.0,
			0.0,
			0.0,
			913.65680099258282,
			0.0,
			959.5,
			527.0,
			1.0
		],
		"width" : 1920
	},
	"version_major" : 1,
	"version_minor" : 0
}