{
	"class_name" : "PinholeCameraParameters",
	"extrinsic" : 
	[
		0.99955368148755408,
		0.0067711438944799401,
		0.02909620997720367,
		0.0,
		0.02090006641061281,
		-0.85442783498312502,
		-0.51914955651534711,
		0.0,
		0.021345375347115673,
		0.51952596317836697,
		-0.85418800537989348,
		0.0,
		-0.098056563204523786,
		0.072447706801258907,
		0.26511457042009728,
		1.0
	],
	"intrinsic" : 
	{
		"height" : 1055,
		"intrinsic_matrix" : 
		[
			913.65680099258282,
			0.0,
			0.0,
			0.0,
			913.65680099258282,
			0.0,
			959.5,
			527.0,
			1.0
		],
		"width" : 1920
	},
	"version_major" : 1,
	"version_minor" : 0
}