{
	"class_name" : "PinholeCameraParameters",
	"extrinsic" : 
	[
		0.65020468717728064,
		-0.67528238765453097,
		0.34817748591241593,
		0.0,
		0.0011064602924726885,
		-0.45743142885099791,
		-0.88924420922767655,
		0.0,
		0.75975827768989523,
		0.57857599744798471,
		-0.29667688595297365,
		0.0,
		-0.068205002072248444,
		0.014600574720088799,
		0.30248228757226431,
		1.0
	],
	"intrinsic" : 
	{
		"height" : 1055,
		"intrinsic_matrix" : 
		[
			913.65680099258282,
			0.0,
			0.0,
			0.0,
			913.65680099258282,
			0.0,
			959.5,
			527.0,
			1.0
		],
		"width" : 1920
	},
	"version_major" : 1,
	"version_minor" : 0
}