{
	"class_name" : "PinholeCameraParameters",
	"extrinsic" : 
	[
		0.94249356676537688,
		-0.0054530271821942701,
		-0.33417980354956911,
		0.0,
		-0.008529583023128999,
		-0.99993367035026792,
		-0.0077395809507539992,
		0.0,
		-0.33411543337494887,
		0.010144919634574491,
		-0.94247756354529644,
		0.0,
		-0.14608700909692413,
		0.052165875576375594,
		0.23866040069807998,
		1.0
	],
	"intrinsic" : 
	{
		"height" : 1055,
		"intrinsic_matrix" : 
		[
			913.65680099258282,
			0.0,
			0.0,
			0.0,
			913.65680099258282,
			0.0,
			959.5,
			527.0,
			1.0
		],
		"width" : 1920
	},
	"version_major" : 1,
	"version_minor" : 0
}