{
	"class_name" : "PinholeCameraParameters",
	"extrinsic" : 
	[
		0.58462488852612648,
		-0.2026618048709363,
		0.78558381638261165,
		0.0,
		0.23413346244585076,
		-0.88495492533814935,
		-0.40253732980043988,
		0.0,
		0.77678520935901685,
		0.41926480053327303,
		-0.46991676449650438,
		0.0,
		-0.015533854782380722,
		-0.0083862888602409223,
		0.15491707397083351,
		1.0
	],
	"intrinsic" : 
	{
		"height" : 1080,
		"intrinsic_matrix" : 
		[
			935.30743608719376,
			0.0,
			0.0,
			0.0,
			935.30743608719376,
			0.0,
			959.5,
			539.5,
			1.0
		],
		"width" : 1920
	},
	"version_major" : 1,
	"version_minor" : 0
}