{
	"class_name" : "PinholeCameraParameters",
	"extrinsic" : 
	[
		0.88565139192906395,
		0.19408358899065056,
		-0.42184496258533177,
		0.0,
		0.45822586662786713,
		-0.21822559306963074,
		0.86163022560872837,
		0.0,
		0.075170919425345734,
		-0.95640428220178741,
		-0.28220592102015157,
		0.0,
		-0.00042879393386161587,
		-0.00016305685002915293,
		0.25697404580073818,
		1.0
	],
	"intrinsic" : 
	{
		"height" : 1080,
		"intrinsic_matrix" : 
		[
			935.30743608719376,
			0.0,
			0.0,
			0.0,
			935.30743608719376,
			0.0,
			959.5,
			539.5,
			1.0
		],
		"width" : 1920
	},
	"version_major" : 1,
	"version_minor" : 0
}