{
	"class_name" : "PinholeCameraParameters",
	"extrinsic" : 
	[
		-0.78855421761476385,
		-0.39850488337024603,
		0.46837602822095226,
		0.0,
		0.021486580178547043,
		-0.77901888563179689,
		-0.62663219092321154,
		0.0,
		0.61458975972122942,
		-0.48406965796159945,
		0.62286113499458418,
		0.0,
		0.004445754830234766,
		0.048632942323143274,
		0.65253856384116249,
		1.0
	],
	"intrinsic" : 
	{
		"height" : 1055,
		"intrinsic_matrix" : 
		[
			913.65680099258282,
			0.0,
			0.0,
			0.0,
			913.65680099258282,
			0.0,
			959.5,
			527.0,
			1.0
		],
		"width" : 1920
	},
	"version_major" : 1,
	"version_minor" : 0
}