{
	"class_name" : "PinholeCameraParameters",
	"extrinsic" : 
	[
		-0.99101695003789492,
		0.13321282174772495,
		-0.011821542183545504,
		0.0,
		-0.070608828114624225,
		-0.59624958990655186,
		-0.799687951596464,
		0.0,
		-0.11357727822882505,
		-0.79166960953309162,
		0.60029945128398576,
		0.0,
		-0.09954267266413766,
		-0.034238232342059083,
		0.40254602027261666,
		1.0
	],
	"intrinsic" : 
	{
		"height" : 1055,
		"intrinsic_matrix" : 
		[
			913.65680099258282,
			0.0,
			0.0,
			0.0,
			913.65680099258282,
			0.0,
			959.5,
			527.0,
			1.0
		],
		"width" : 1920
	},
	"version_major" : 1,
	"version_minor" : 0
}