{
	"class_name" : "PinholeCameraParameters",
	"extrinsic" : 
	[
		-0.68653839573888154,
		-0.30041236579278541,
		0.6621309852703352,
		0.0,
		0.089588030013873471,
		0.86876500735386775,
		0.48705374126031242,
		0.0,
		-0.72155319696784415,
		0.39370010474498951,
		-0.56952718237961919,
		0.0,
		0.014646825551349982,
		-0.0080468198553205819,
		0.21664173855119961,
		1.0
	],
	"intrinsic" : 
	{
		"height" : 1080,
		"intrinsic_matrix" : 
		[
			935.30743608719376,
			0.0,
			0.0,
			0.0,
			935.30743608719376,
			0.0,
			959.5,
			539.5,
			1.0
		],
		"width" : 1920
	},
	"version_major" : 1,
	"version_minor" : 0
}