{
	"class_name" : "PinholeCameraParameters",
	"extrinsic" : 
	[
		0.18648593582161477,
		-0.53986130766846419,
		0.82083662456254514,
		0.0,
		0.0056081204199389936,
		-0.83489459319734072,
		-0.55038129259196544,
		0.0,
		0.98244162408058222,
		0.10724172104336564,
		-0.15266849230134197,
		0.0,
		-0.068084322270690514,
		0.065834678779315189,
		0.25700090938888459,
		1.0
	],
	"intrinsic" : 
	{
		"height" : 1055,
		"intrinsic_matrix" : 
		[
			913.65680099258282,
			0.0,
			0.0,
			0.0,
			913.65680099258282,
			0.0,
			959.5,
			527.0,
			1.0
		],
		"width" : 1920
	},
	"version_major" : 1,
	"version_minor" : 0
}