{
	"class_name" : "PinholeCameraParameters",
	"extrinsic" : 
	[
		-0.79441553843583856,
		-0.098327963985569519,
		-0.59936263129273371,
		0.0,
		0.49146843635765164,
		0.47576021589759637,
		-0.72945938408744693,
		0.0,
		0.35687915091226868,
		-0.8740616845895518,
		-0.32962621736842052,
		0.0,
		-0.04617083543932498,
		0.065659160501720076,
		0.26514467985892098,
		1.0
	],
	"intrinsic" : 
	{
		"height" : 1055,
		"intrinsic_matrix" : 
		[
			913.65680099258282,
			0.0,
			0.0,
			0.0,
			913.65680099258282,
			0.0,
			959.5,
			527.0,
			1.0
		],
		"width" : 1920
	},
	"version_major" : 1,
	"version_minor" : 0
}