{
	"class_name" : "PinholeCameraParameters",
	"extrinsic" : 
	[
		-0.50723057735195431,
		-0.48612505374905013,
		0.71161757532869185,
		0.0,
		-0.86152563955019135,
		0.30724567170804845,
		-0.40419508855786973,
		0.0,
		-0.022152060780820187,
		-0.81809689483224002,
		-0.57465359728188392,
		0.0,
		-0.01848564560181892,
		-0.03288116461386234,
		0.29024269495230798,
		1.0
	],
	"intrinsic" : 
	{
		"height" : 1080,
		"intrinsic_matrix" : 
		[
			935.30743608719376,
			0.0,
			0.0,
			0.0,
			935.30743608719376,
			0.0,
			959.5,
			539.5,
			1.0
		],
		"width" : 1920
	},
	"version_major" : 1,
	"version_minor" : 0
}