{
	"class_name" : "PinholeCameraParameters",
	"extrinsic" : 
	[
		0.99909822730256947,
		0.025004959685718069,
		0.034314489533998752,
		0.0,
		0.037307499694610835,
		-0.13117218213208254,
		-0.99065736210924327,
		0.0,
		-0.020270240930978314,
		0.99104420215539502,
		-0.13198676716541211,
		0.0,
		-0.10203397046539019,
		0.082265223589258252,
		0.35781814346089114,
		1.0
	],
	"intrinsic" : 
	{
		"height" : 1055,
		"intrinsic_matrix" : 
		[
			913.65680099258282,
			0.0,
			0.0,
			0.0,
			913.65680099258282,
			0.0,
			959.5,
			527.0,
			1.0
		],
		"width" : 1920
	},
	"version_major" : 1,
	"version_minor" : 0
}