{
	"class_name" : "PinholeCameraParameters",
	"extrinsic" : 
	[
		-0.95771422478618784,
		0.18821478005928707,
		-0.21762044988793086,
		0.0,
		0.006776668695910924,
		-0.74139326968442687,
		-0.67103658352434159,
		0.0,
		-0.28764133987237833,
		-0.64413602308353235,
		0.70876741132938259,
		0.0,
		-0.15140845336615494,
		-0.024481729149577497,
		0.45149293798256812,
		1.0
	],
	"intrinsic" : 
	{
		"height" : 1055,
		"intrinsic_matrix" : 
		[
			913.65680099258282,
			0.0,
			0.0,
			0.0,
			913.65680099258282,
			0.0,
			959.5,
			527.0,
			1.0
		],
		"width" : 1920
	},
	"version_major" : 1,
	"version_minor" : 0
}