{
	"class_name" : "PinholeCameraParameters",
	"extrinsic" : 
	[
		-0.058058139815138382,
		0.98637118217624142,
		0.15395175664294986,
		0.0,
		-0.76932579723387484,
		-0.1424832798968893,
		0.62276507019925875,
		0.0,
		0.63621306974288794,
		-0.082282476397279869,
		0.7671131102818296,
		0.0,
		-0.0011229553247261576,
		0.00038335286359434534,
		0.16580225738393031,
		1.0
	],
	"intrinsic" : 
	{
		"height" : 1080,
		"intrinsic_matrix" : 
		[
			935.30743608719376,
			0.0,
			0.0,
			0.0,
			935.30743608719376,
			0.0,
			959.5,
			539.5,
			1.0
		],
		"width" : 1920
	},
	"version_major" : 1,
	"version_minor" : 0
}