{
	"class_name" : "PinholeCameraParameters",
	"extrinsic" : 
	[
		0.9268981953151948,
		-0.080732094919849173,
		0.36652703088761063,
		0.0,
		0.20305005465168841,
		-0.71345664489855365,
		-0.67063424543937922,
		0.0,
		0.31564285328101666,
		0.69603300546737845,
		-0.64490902030648245,
		0.0,
		0.038209210992985909,
		0.010081026015517691,
		0.47772226764904457,
		1.0
	],
	"intrinsic" : 
	{
		"height" : 1055,
		"intrinsic_matrix" : 
		[
			913.65680099258282,
			0.0,
			0.0,
			0.0,
			913.65680099258282,
			0.0,
			959.5,
			527.0,
			1.0
		],
		"width" : 1920
	},
	"version_major" : 1,
	"version_minor" : 0
}