{
	"class_name" : "PinholeCameraParameters",
	"extrinsic" : 
	[
		0.33793514437710148,
		-0.18688160870767417,
		0.9224289146170882,
		0.0,
		0.13534766390921871,
		-0.96025094089937912,
		-0.24412935173013189,
		0.0,
		0.93138651915794057,
		0.20734848643934939,
		-0.29920855118489881,
		0.0,
		0.0012074448975204002,
		-0.00082904270293778989,
		0.14836683283564067,
		1.0
	],
	"intrinsic" : 
	{
		"height" : 1080,
		"intrinsic_matrix" : 
		[
			935.30743608719376,
			0.0,
			0.0,
			0.0,
			935.30743608719376,
			0.0,
			959.5,
			539.5,
			1.0
		],
		"width" : 1920
	},
	"version_major" : 1,
	"version_minor" : 0
}