{
	"class_name" : "PinholeCameraParameters",
	"extrinsic" : 
	[
		0.88884230684123289,
		0.062360681349057034,
		0.45394988599055408,
		0.0,
		-0.43797543620566026,
		-0.17555029195137428,
		0.88167999425882915,
		0.0,
		0.13467320019074813,
		-0.98249337932500524,
		-0.12872407984877601,
		0.0,
		0.0055159798429820139,
		0.0030398856298788079,
		0.27512864442819535,
		1.0
	],
	"intrinsic" : 
	{
		"height" : 1080,
		"intrinsic_matrix" : 
		[
			935.30743608719376,
			0.0,
			0.0,
			0.0,
			935.30743608719376,
			0.0,
			959.5,
			539.5,
			1.0
		],
		"width" : 1920
	},
	"version_major" : 1,
	"version_minor" : 0
}