{
	"class_name" : "PinholeCameraParameters",
	"extrinsic" : 
	[
		-0.237211477768242,
		0.072672073440377155,
		-0.96873602418661164,
		0.0,
		0.035936530482908742,
		-0.99585904615758469,
		-0.083506442643407786,
		0.0,
		-0.97079311935749635,
		-0.054621698325685683,
		0.23361761380546625,
		0.0,
		0.0042043559341967476,
		-0.0044051640852676389,
		0.11220889459528341,
		1.0
	],
	"intrinsic" : 
	{
		"height" : 1080,
		"intrinsic_matrix" : 
		[
			935.30743608719376,
			0.0,
			0.0,
			0.0,
			935.30743608719376,
			0.0,
			959.5,
			539.5,
			1.0
		],
		"width" : 1920
	},
	"version_major" : 1,
	"version_minor" : 0
}