{
	"class_name" : "PinholeCameraParameters",
	"extrinsic" : 
	[
		0.97778940208076492,
		0.20939169644244468,
		0.0091105784391296261,
		0.0,
		-0.0022761760860976771,
		0.054074951279645213,
		-0.99853428517328791,
		0.0,
		-0.2095774420136039,
		0.97633550437595951,
		0.053350526651340491,
		0.0,
		-0.13819920831085442,
		0.070367913105247912,
		0.38040677262502548,
		1.0
	],
	"intrinsic" : 
	{
		"height" : 1055,
		"intrinsic_matrix" : 
		[
			913.65680099258282,
			0.0,
			0.0,
			0.0,
			913.65680099258282,
			0.0,
			959.5,
			527.0,
			1.0
		],
		"width" : 1920
	},
	"version_major" : 1,
	"version_minor" : 0
}