{
	"class_name" : "PinholeCameraParameters",
	"extrinsic" : 
	[
		0.99998273660304415,
		-0.0017197212594548294,
		0.0056186345918612952,
		0.0,
		0.00040483980278917275,
		-0.93377630906648856,
		-0.35785701157152122,
		0.0,
		0.0058619621818260543,
		0.35785310839079715,
		-0.93375949270378145,
		0.0,
		-0.15059356958666628,
		0.015830267314195096,
		0.29732994950897157,
		1.0
	],
	"intrinsic" : 
	{
		"height" : 1055,
		"intrinsic_matrix" : 
		[
			913.65680099258282,
			0.0,
			0.0,
			0.0,
			913.65680099258282,
			0.0,
			959.5,
			527.0,
			1.0
		],
		"width" : 1920
	},
	"version_major" : 1,
	"version_minor" : 0
}