{
	"class_name" : "PinholeCameraParameters",
	"extrinsic" : 
	[
		0.99782445921426377,
		0.0075017544912885847,
		0.065498643293693717,
		0.0,
		0.03593223300702543,
		-0.89485348829066214,
		-0.44491134973740865,
		0.0,
		0.055274073713549733,
		0.44629693946249099,
		-0.89317625281997004,
		0.0,
		-0.095772151017222751,
		0.068829662944353248,
		0.27291574832374937,
		1.0
	],
	"intrinsic" : 
	{
		"height" : 1055,
		"intrinsic_matrix" : 
		[
			913.65680099258282,
			0.0,
			0.0,
			0.0,
			913.65680099258282,
			0.0,
			959.5,
			527.0,
			1.0
		],
		"width" : 1920
	},
	"version_major" : 1,
	"version_minor" : 0
}