{
	"class_name" : "PinholeCameraParameters",
	"extrinsic" : 
	[
		-0.89954717105069293,
		-0.27158493735569833,
		0.34213522013408204,
		0.0,
		-0.15963284597336735,
		0.93344231523415078,
		0.32125192391136198,
		0.0,
		-0.4066106756359682,
		0.23436524045133011,
		-0.88302927048147828,
		0.0,
		0.0074661347385733545,
		-0.013566610359004293,
		0.11644530433870202,
		1.0
	],
	"intrinsic" : 
	{
		"height" : 1080,
		"intrinsic_matrix" : 
		[
			935.30743608719376,
			0.0,
			0.0,
			0.0,
			935.30743608719376,
			0.0,
			959.5,
			539.5,
			1.0
		],
		"width" : 1920
	},
	"version_major" : 1,
	"version_minor" : 0
}