{
	"class_name" : "PinholeCameraParameters",
	"extrinsic" : 
	[
		0.068818642548677755,
		-0.9622166149306538,
		-0.26344483367329741,
		0.0,
		-0.41343858473722583,
		-0.26783456080038454,
		0.87024892110898078,
		0.0,
		-0.90792760233855496,
		0.049028909760050546,
		-0.4162494863894774,
		0.0,
		0.071158007819063049,
		0.014837119946039364,
		0.23689786782971672,
		1.0
	],
	"intrinsic" : 
	{
		"height" : 1055,
		"intrinsic_matrix" : 
		[
			913.65680099258282,
			0.0,
			0.0,
			0.0,
			913.65680099258282,
			0.0,
			959.5,
			527.0,
			1.0
		],
		"width" : 1920
	},
	"version_major" : 1,
	"version_minor" : 0
}