{
	"class_name" : "PinholeCameraParameters",
	"extrinsic" : 
	[
		0.98136649120069419,
		0.14212166292091682,
		-0.12931064487129892,
		0.0,
		0.19164986775377732,
		-0.77229915292873119,
		0.60566025672444779,
		0.0,
		-0.013789058647984213,
		-0.61915704899012314,
		-0.78514610777067784,
		0.0,
		-0.00013455280852376142,
		0.00054368468338542031,
		0.25755724592599016,
		1.0
	],
	"intrinsic" : 
	{
		"height" : 1080,
		"intrinsic_matrix" : 
		[
			935.30743608719376,
			0.0,
			0.0,
			0.0,
			935.30743608719376,
			0.0,
			959.5,
			539.5,
			1.0
		],
		"width" : 1920
	},
	"version_major" : 1,
	"version_minor" : 0
}