{
	"class_name" : "PinholeCameraParameters",
	"extrinsic" : 
	[
		0.94037981919264824,
		0.33578288261633482,
		0.054181651848822433,
		0.0,
		0.038321046416002674,
		0.053687420357466722,
		-0.99782220775894914,
		0.0,
		-0.3379604903783649,
		0.94040816491416412,
		0.037619015218234506,
		0.0,
		-0.14858382118915656,
		0.051033032905175864,
		0.34006318254389545,
		1.0
	],
	"intrinsic" : 
	{
		"height" : 1055,
		"intrinsic_matrix" : 
		[
			913.65680099258282,
			0.0,
			0.0,
			0.0,
			913.65680099258282,
			0.0,
			959.5,
			527.0,
			1.0
		],
		"width" : 1920
	},
	"version_major" : 1,
	"version_minor" : 0
}