{
	"class_name" : "PinholeCameraParameters",
	"extrinsic" : 
	[
		0.66719226001328624,
		-0.47269181149197631,
		0.5756882311866357,
		0.0,
		0.10692007853459298,
		-0.70407864240870932,
		-0.70202661068514027,
		0.0,
		0.73717201858488901,
		0.52993935186240226,
		-0.41921557504837198,
		0.0,
		-0.014732182917753252,
		-0.010588919828395972,
		0.16222546506724717,
		1.0
	],
	"intrinsic" : 
	{
		"height" : 600,
		"intrinsic_matrix" : 
		[
			519.6152422706632,
			0.0,
			0.0,
			0.0,
			519.6152422706632,
			0.0,
			399.5,
			299.5,
			1.0
		],
		"width" : 800
	},
	"version_major" : 1,
	"version_minor" : 0
}