{
	"class_name" : "PinholeCameraParameters",
	"extrinsic" : 
	[
		-0.067542776424293918,
		0.94223539940097401,
		0.3280707628981665,
		0.0,
		-0.8459651183396717,
		-0.2284110733136408,
		0.48184167538752409,
		0.0,
		0.52894327853319334,
		-0.24499149720632701,
		0.81252579921572898,
		0.0,
		-5.2245153789418075e-05,
		2.4198470739884154e-05,
		0.13294124368405807,
		1.0
	],
	"intrinsic" : 
	{
		"height" : 1080,
		"intrinsic_matrix" : 
		[
			935.30743608719376,
			0.0,
			0.0,
			0.0,
			935.30743608719376,
			0.0,
			959.5,
			539.5,
			1.0
		],
		"width" : 1920
	},
	"version_major" : 1,
	"version_minor" : 0
}