{
	"class_name" : "PinholeCameraParameters",
	"extrinsic" : 
	[
		-0.048081838695295837,
		0.96353657915793711,
		0.26322119483867568,
		0.0,
		-0.8448138648612008,
		-0.17982418551887244,
		0.50393729375861329,
		0.0,
		0.53289555311145187,
		-0.1981426832539992,
		0.8226553388551886,
		0.0,
		-0.00021056871394806165,
		0.00023563059423196975,
		0.14811572118356225,
		1.0
	],
	"intrinsic" : 
	{
		"height" : 1080,
		"intrinsic_matrix" : 
		[
			935.30743608719376,
			0.0,
			0.0,
			0.0,
			935.30743608719376,
			0.0,
			959.5,
			539.5,
			1.0
		],
		"width" : 1920
	},
	"version_major" : 1,
	"version_minor" : 0
}