{
	"class_name" : "PinholeCameraParameters",
	"extrinsic" : 
	[
		0.98566716796651688,
		-0.017320106066649223,
		-0.1678101543968851,
		0.0,
		-0.051897989848538918,
		-0.97760847671357665,
		-0.20393201050213144,
		0.0,
		-0.16052050536472701,
		0.20971809693872517,
		-0.96449545731115405,
		0.0,
		-0.10883867981782663,
		0.056558258118164166,
		0.28381933712756735,
		1.0
	],
	"intrinsic" : 
	{
		"height" : 1055,
		"intrinsic_matrix" : 
		[
			913.65680099258282,
			0.0,
			0.0,
			0.0,
			913.65680099258282,
			0.0,
			959.5,
			527.0,
			1.0
		],
		"width" : 1920
	},
	"version_major" : 1,
	"version_minor" : 0
}