{
	"class_name" : "PinholeCameraParameters",
	"extrinsic" : 
	[
		0.96375607923053364,
		-0.25400516174072379,
		0.081581845745597625,
		0.0,
		-0.025771716563987732,
		-0.39300621921040291,
		-0.91917459184166439,
		0.0,
		0.26553726362138935,
		0.88375759655632591,
		-0.38530828197360523,
		0.0,
		-0.037068638658907617,
		-0.11426261964663341,
		0.38372464470179851,
		1.0
	],
	"intrinsic" : 
	{
		"height" : 1055,
		"intrinsic_matrix" : 
		[
			913.65680099258282,
			0.0,
			0.0,
			0.0,
			913.65680099258282,
			0.0,
			959.5,
			527.0,
			1.0
		],
		"width" : 1920
	},
	"version_major" : 1,
	"version_minor" : 0
}