{
	"class_name" : "PinholeCameraParameters",
	"extrinsic" : 
	[
		-0.58312414719831407,
		0.58260604548628225,
		0.56615936335723982,
		0.0,
		-0.80265935224805274,
		-0.52069001631244638,
		-0.29089494866924176,
		0.0,
		0.1253163724458034,
		-0.62406097672854099,
		0.77126111280269039,
		0.0,
		0.00011889539182206518,
		0.035611537052639725,
		0.093615585592256564,
		1.0
	],
	"intrinsic" : 
	{
		"height" : 1055,
		"intrinsic_matrix" : 
		[
			913.65680099258282,
			0.0,
			0.0,
			0.0,
			913.65680099258282,
			0.0,
			959.5,
			527.0,
			1.0
		],
		"width" : 1920
	},
	"version_major" : 1,
	"version_minor" : 0
}