{
	"class_name" : "PinholeCameraParameters",
	"extrinsic" : 
	[
		0.6657552071619901,
		0.39705828488086109,
		-0.63175527108538232,
		0.0,
		-0.077758037093092119,
		-0.80513595271856031,
		-0.58797090515382278,
		0.0,
		-0.74210760123052588,
		0.44056874156871967,
		-0.50514898015182585,
		0.0,
		-0.16214451511145822,
		0.024177020559568163,
		0.4025532053158507,
		1.0
	],
	"intrinsic" : 
	{
		"height" : 1055,
		"intrinsic_matrix" : 
		[
			913.65680099258282,
			0.0,
			0.0,
			0.0,
			913.65680099258282,
			0.0,
			959.5,
			527.0,
			1.0
		],
		"width" : 1920
	},
	"version_major" : 1,
	"version_minor" : 0
}