{
	"class_name" : "PinholeCameraParameters",
	"extrinsic" : 
	[
		0.99815604022271653,
		0.02219568184198413,
		-0.056496646577265247,
		0.0,
		-0.00094499719371328797,
		-0.92495329261983161,
		-0.38007961462308948,
		0.0,
		-0.060692885474418465,
		0.37943215227402877,
		-0.92322674109532132,
		0.0,
		-0.12580819284452827,
		0.081527192223668998,
		0.20278931565309732,
		1.0
	],
	"intrinsic" : 
	{
		"height" : 1055,
		"intrinsic_matrix" : 
		[
			913.65680099258282,
			0.0,
			0.0,
			0.0,
			913.65680099258282,
			0.0,
			959.5,
			527.0,
			1.0
		],
		"width" : 1920
	},
	"version_major" : 1,
	"version_minor" : 0
}