{
	"class_name" : "PinholeCameraParameters",
	"extrinsic" : 
	[
		0.99898932028791954,
		-0.021635344183211141,
		-0.0393986019137052,
		0.0,
		-0.027632325607376641,
		-0.98694434860241864,
		-0.15867358741540938,
		0.0,
		-0.035451269825050556,
		0.15960189423632051,
		-0.98654469884743179,
		0.0,
		-0.094495730883888213,
		0.029686170791230822,
		0.33655816517810605,
		1.0
	],
	"intrinsic" : 
	{
		"height" : 1055,
		"intrinsic_matrix" : 
		[
			913.65680099258282,
			0.0,
			0.0,
			0.0,
			913.65680099258282,
			0.0,
			959.5,
			527.0,
			1.0
		],
		"width" : 1920
	},
	"version_major" : 1,
	"version_minor" : 0
}