{
	"class_name" : "PinholeCameraParameters",
	"extrinsic" : 
	[
		-0.097650661692934876,
		0.91213558053858201,
		-0.39808671289867981,
		0.0,
		-0.13138488839048743,
		-0.40831266351020118,
		-0.90333757805143067,
		0.0,
		-0.98651019222993908,
		-0.035908933884886328,
		0.15971283321542987,
		0.0,
		0.072837066407987983,
		0.0040373575950570385,
		0.21432394584460765,
		1.0
	],
	"intrinsic" : 
	{
		"height" : 1055,
		"intrinsic_matrix" : 
		[
			913.65680099258282,
			0.0,
			0.0,
			0.0,
			913.65680099258282,
			0.0,
			959.5,
			527.0,
			1.0
		],
		"width" : 1920
	},
	"version_major" : 1,
	"version_minor" : 0
}