{
	"class_name" : "PinholeCameraParameters",
	"extrinsic" : 
	[
		0.79936970257040763,
		0.25972326671337015,
		-0.54180430354532416,
		0.0,
		0.010690621366082119,
		-0.90775091421431853,
		-0.41937332814316669,
		0.0,
		-0.60074436262632147,
		0.32944210792004824,
		-0.72840518140791,
		0.0,
		2.1424000181818892e-06,
		-1.1748704139558086e-06,
		0.15796562778897583,
		1.0
	],
	"intrinsic" : 
	{
		"height" : 1080,
		"intrinsic_matrix" : 
		[
			935.30743608719376,
			0.0,
			0.0,
			0.0,
			935.30743608719376,
			0.0,
			959.5,
			539.5,
			1.0
		],
		"width" : 1920
	},
	"version_major" : 1,
	"version_minor" : 0
}