{
	"class_name" : "PinholeCameraParameters",
	"extrinsic" : 
	[
		0.99947127530825131,
		-0.019957456916495982,
		0.025668458214782565,
		0.0,
		0.0014229012028991739,
		-0.76185111111687753,
		-0.64775061547029511,
		0.0,
		0.032482998412471403,
		0.64744465740587087,
		-0.76141990413354055,
		0.0,
		-0.090770156579456626,
		0.056601952164239147,
		0.2850278923475319,
		1.0
	],
	"intrinsic" : 
	{
		"height" : 1055,
		"intrinsic_matrix" : 
		[
			913.65680099258282,
			0.0,
			0.0,
			0.0,
			913.65680099258282,
			0.0,
			959.5,
			527.0,
			1.0
		],
		"width" : 1920
	},
	"version_major" : 1,
	"version_minor" : 0
}