{
	"class_name" : "PinholeCameraParameters",
	"extrinsic" : 
	[
		0.99195068892581317,
		0.051133671589342712,
		0.11584117734811746,
		0.0,
		0.11355160385904689,
		-0.76405165071442582,
		-0.6350835443479852,
		0.0,
		0.056034489385046037,
		0.64312551082223013,
		-0.7637078717212511,
		0.0,
		-0.098017991361008444,
		0.07576342109347331,
		0.31363601243147599,
		1.0
	],
	"intrinsic" : 
	{
		"height" : 1055,
		"intrinsic_matrix" : 
		[
			913.65680099258282,
			0.0,
			0.0,
			0.0,
			913.65680099258282,
			0.0,
			959.5,
			527.0,
			1.0
		],
		"width" : 1920
	},
	"version_major" : 1,
	"version_minor" : 0
}