{
	"class_name" : "PinholeCameraParameters",
	"extrinsic" : 
	[
		-0.93856321536053267,
		0.3437294439745216,
		-0.030808442301822999,
		0.0,
		-0.16192558633422813,
		-0.51745411735369251,
		-0.84025076073992788,
		0.0,
		-0.30476088210663621,
		-0.78363978062543327,
		0.54132199194094066,
		0.0,
		-0.1113993082332865,
		-0.057537307534715115,
		0.44212508129939176,
		1.0
	],
	"intrinsic" : 
	{
		"height" : 1055,
		"intrinsic_matrix" : 
		[
			913.65680099258282,
			0.0,
			0.0,
			0.0,
			913.65680099258282,
			0.0,
			959.5,
			527.0,
			1.0
		],
		"width" : 1920
	},
	"version_major" : 1,
	"version_minor" : 0
}