{
	"class_name" : "PinholeCameraParameters",
	"extrinsic" : 
	[
		0.94038746137762941,
		-0.12374578924428092,
		-0.31679394269469197,
		0.0,
		0.28197692133384911,
		-0.23711858828627214,
		0.92965788918516135,
		0.0,
		-0.19015898169379758,
		-0.96356720301878029,
		-0.1880898906048451,
		0.0,
		0.010092586611990334,
		0.037106347352659691,
		0.11449508440325468,
		1.0
	],
	"intrinsic" : 
	{
		"height" : 1055,
		"intrinsic_matrix" : 
		[
			913.65680099258282,
			0.0,
			0.0,
			0.0,
			913.65680099258282,
			0.0,
			959.5,
			527.0,
			1.0
		],
		"width" : 1920
	},
	"version_major" : 1,
	"version_minor" : 0
}