{
	"class_name" : "PinholeCameraParameters",
	"extrinsic" : 
	[
		0.96697116678335993,
		-0.04317953691109902,
		0.25120169227489464,
		0.0,
		0.22642805164413266,
		-0.30700557964331776,
		-0.92437974420500613,
		0.0,
		0.1170346104290087,
		0.95072766955633181,
		-0.2870884851430246,
		0.0,
		0.053825350694577737,
		-0.045525620207765599,
		0.46525155426330128,
		1.0
	],
	"intrinsic" : 
	{
		"height" : 1055,
		"intrinsic_matrix" : 
		[
			913.65680099258282,
			0.0,
			0.0,
			0.0,
			913.65680099258282,
			0.0,
			959.5,
			527.0,
			1.0
		],
		"width" : 1920
	},
	"version_major" : 1,
	"version_minor" : 0
}