{
	"class_name" : "PinholeCameraParameters",
	"extrinsic" : 
	[
		-0.62870646917978124,
		-0.34717226204237256,
		0.6958445200473129,
		0.0,
		0.11844226308637537,
		0.8416224145743143,
		0.526918534121812,
		0.0,
		-0.76856984453364463,
		0.41369449084376692,
		-0.48801358825246438,
		0.0,
		0.015613887621540867,
		-0.0084752572191409345,
		0.19075173969877082,
		1.0
	],
	"intrinsic" : 
	{
		"height" : 1080,
		"intrinsic_matrix" : 
		[
			935.30743608719376,
			0.0,
			0.0,
			0.0,
			935.30743608719376,
			0.0,
			959.5,
			539.5,
			1.0
		],
		"width" : 1920
	},
	"version_major" : 1,
	"version_minor" : 0
}