{
	"class_name" : "PinholeCameraParameters",
	"extrinsic" : 
	[
		0.97475990393494638,
		-0.17672268913848116,
		0.1364266133289182,
		0.0,
		0.097375864085468722,
		-0.21334967293051921,
		-0.97211103180349157,
		0.0,
		0.20090064901423971,
		0.9608595153320304,
		-0.19075618213193782,
		0.0,
		-0.047416677369754509,
		-0.042306173372041629,
		0.30274425584355924,
		1.0
	],
	"intrinsic" : 
	{
		"height" : 1055,
		"intrinsic_matrix" : 
		[
			913.65680099258282,
			0.0,
			0.0,
			0.0,
			913.65680099258282,
			0.0,
			959.5,
			527.0,
			1.0
		],
		"width" : 1920
	},
	"version_major" : 1,
	"version_minor" : 0
}