{
	"class_name" : "PinholeCameraParameters",
	"extrinsic" : 
	[
		-0.78253053223896685,
		-0.40916281341400335,
		0.46928856605817371,
		0.0,
		-0.00082295381674943303,
		-0.7530609550479227,
		-0.65795024183392947,
		0.0,
		0.62261166778403276,
		-0.5152523557456562,
		0.58895646786306466,
		0.0,
		-0.0043184621480386598,
		-0.089593958384408118,
		0.71320795999921294,
		1.0
	],
	"intrinsic" : 
	{
		"height" : 1055,
		"intrinsic_matrix" : 
		[
			913.65680099258282,
			0.0,
			0.0,
			0.0,
			913.65680099258282,
			0.0,
			959.5,
			527.0,
			1.0
		],
		"width" : 1920
	},
	"version_major" : 1,
	"version_minor" : 0
}