{
	"class_name" : "PinholeCameraParameters",
	"extrinsic" : 
	[
		0.97131825311213138,
		-0.093782694237678349,
		0.21850779718975627,
		0.0,
		-0.22069874902763004,
		-0.013535655708744741,
		0.97524809571830173,
		0.0,
		-0.088503747654190779,
		-0.99550067417659571,
		-0.033845152756441538,
		0.0,
		-8.9911473278528374e-05,
		-0.0032898739821819191,
		0.19248919685581678,
		1.0
	],
	"intrinsic" : 
	{
		"height" : 1080,
		"intrinsic_matrix" : 
		[
			935.30743608719376,
			0.0,
			0.0,
			0.0,
			935.30743608719376,
			0.0,
			959.5,
			539.5,
			1.0
		],
		"width" : 1920
	},
	"version_major" : 1,
	"version_minor" : 0
}