{
	"class_name" : "PinholeCameraParameters",
	"extrinsic" : 
	[
		0.39788596477852861,
		-0.24093444088583188,
		0.88523293783460821,
		0.0,
		0.21655981197702459,
		-0.91296779147870255,
		-0.34582027060161769,
		0.0,
		0.89150917374345362,
		0.32930291058162825,
		-0.3110803533072008,
		0.0,
		-0.01760729565479572,
		-0.0075048290518125831,
		0.15137442333418977,
		1.0
	],
	"intrinsic" : 
	{
		"height" : 1080,
		"intrinsic_matrix" : 
		[
			935.30743608719376,
			0.0,
			0.0,
			0.0,
			935.30743608719376,
			0.0,
			959.5,
			539.5,
			1.0
		],
		"width" : 1920
	},
	"version_major" : 1,
	"version_minor" : 0
}