{
	"class_name" : "PinholeCameraParameters",
	"extrinsic" : 
	[
		-0.86450562591282287,
		-0.35989796064104868,
		0.35086105610553675,
		0.0,
		-0.10554514618978811,
		-0.55250865050643061,
		-0.82679768579220114,
		0.0,
		0.49141656960348279,
		-0.75180293231802264,
		0.43966135385904481,
		0.0,
		-0.038912509480371449,
		0.085809650675717844,
		0.33769405453881829,
		1.0
	],
	"intrinsic" : 
	{
		"height" : 1080,
		"intrinsic_matrix" : 
		[
			935.30743608719376,
			0.0,
			0.0,
			0.0,
			935.30743608719376,
			0.0,
			959.5,
			539.5,
			1.0
		],
		"width" : 1920
	},
	"version_major" : 1,
	"version_minor" : 0
}