{
	"class_name" : "PinholeCameraParameters",
	"extrinsic" : 
	[
		0.93704763351366471,
		-0.15913918186308312,
		0.31083187307994853,
		0.0,
		-0.074017890290528188,
		-0.96041152559176113,
		-0.26857224992066014,
		0.0,
		0.34126688155075935,
		0.22865787173516414,
		-0.91173049375907422,
		0.0,
		-0.11679207948795046,
		0.036683484212173878,
		0.30002434399338812,
		1.0
	],
	"intrinsic" : 
	{
		"height" : 1055,
		"intrinsic_matrix" : 
		[
			913.65680099258282,
			0.0,
			0.0,
			0.0,
			913.65680099258282,
			0.0,
			959.5,
			527.0,
			1.0
		],
		"width" : 1920
	},
	"version_major" : 1,
	"version_minor" : 0
}