{
	"class_name" : "PinholeCameraParameters",
	"extrinsic" : 
	[
		0.53384499207729252,
		-0.84358912666942043,
		0.058025079053114346,
		0.0,
		-0.059147307942379872,
		-0.10570704889246682,
		-0.99263669878642657,
		0.0,
		0.84351118569771499,
		0.52648210338013413,
		-0.10632720453047242,
		0.0,
		-0.065520988133968755,
		-0.00087547388814995797,
		0.29545314680269286,
		1.0
	],
	"intrinsic" : 
	{
		"height" : 1055,
		"intrinsic_matrix" : 
		[
			913.65680099258282,
			0.0,
			0.0,
			0.0,
			913.65680099258282,
			0.0,
			959.5,
			527.0,
			1.0
		],
		"width" : 1920
	},
	"version_major" : 1,
	"version_minor" : 0
}