{
	"class_name" : "PinholeCameraParameters",
	"extrinsic" : 
	[
		-0.91181514521310336,
		-0.02415033282501463,
		-0.40989011013251875,
		0.0,
		0.070366084011458621,
		-0.9926913411804752,
		-0.098043436119925803,
		0.0,
		-0.40452658155045834,
		-0.11823985186793261,
		0.90685036375873496,
		0.0,
		0.050779342092682533,
		0.042016912220058877,
		0.20081064392358577,
		1.0
	],
	"intrinsic" : 
	{
		"height" : 1055,
		"intrinsic_matrix" : 
		[
			913.65680099258282,
			0.0,
			0.0,
			0.0,
			913.65680099258282,
			0.0,
			959.5,
			527.0,
			1.0
		],
		"width" : 1920
	},
	"version_major" : 1,
	"version_minor" : 0
}