{
	"class_name" : "PinholeCameraParameters",
	"extrinsic" : 
	[
		0.95500899148878293,
		0.26842275468065846,
		0.1261231578467043,
		0.0,
		0.25696687942917446,
		-0.96123343603349765,
		0.099991521278896378,
		0.0,
		0.14807379596677381,
		-0.063083327598367211,
		-0.98696233196971983,
		0.0,
		-0.016692228714613368,
		-0.023377472158298374,
		0.228006289841714,
		1.0
	],
	"intrinsic" : 
	{
		"height" : 1055,
		"intrinsic_matrix" : 
		[
			913.65680099258282,
			0.0,
			0.0,
			0.0,
			913.65680099258282,
			0.0,
			959.5,
			527.0,
			1.0
		],
		"width" : 1920
	},
	"version_major" : 1,
	"version_minor" : 0
}