{
	"class_name" : "PinholeCameraParameters",
	"extrinsic" : 
	[
		0.54184279774565369,
		-0.46296011992196145,
		0.70148008517206373,
		0.0,
		-0.0031907302970122509,
		-0.83574560540137066,
		-0.54910755075164308,
		0.0,
		0.84047379600516658,
		0.29529173780202456,
		-0.45431991791525717,
		0.0,
		-0.016796363946032664,
		-0.0059012280001514358,
		0.18371542245774566,
		1.0
	],
	"intrinsic" : 
	{
		"height" : 1080,
		"intrinsic_matrix" : 
		[
			935.30743608719376,
			0.0,
			0.0,
			0.0,
			935.30743608719376,
			0.0,
			959.5,
			539.5,
			1.0
		],
		"width" : 1920
	},
	"version_major" : 1,
	"version_minor" : 0
}