{
	"class_name" : "PinholeCameraParameters",
	"extrinsic" : 
	[
		-0.52631190010896212,
		-0.47585674378292714,
		0.7046673989904767,
		0.0,
		-0.01403283700528052,
		0.83348434757221768,
		0.55236484486044002,
		0.0,
		-0.85017578375843972,
		0.2808277082989219,
		-0.44535035080518176,
		0.0,
		0.017411492412788401,
		-0.0057513159110830769,
		0.18648271753052317,
		1.0
	],
	"intrinsic" : 
	{
		"height" : 1080,
		"intrinsic_matrix" : 
		[
			935.30743608719376,
			0.0,
			0.0,
			0.0,
			935.30743608719376,
			0.0,
			959.5,
			539.5,
			1.0
		],
		"width" : 1920
	},
	"version_major" : 1,
	"version_minor" : 0
}