{
	"class_name" : "PinholeCameraParameters",
	"extrinsic" : 
	[
		-0.91996271152921838,
		-0.021987523419989871,
		-0.39138875585492183,
		0.0,
		0.38571743900375888,
		0.12734500962830736,
		-0.91378624730904545,
		0.0,
		0.069933301396328543,
		-0.9916147423957663,
		-0.10867168913377838,
		0.0,
		-0.0043177286607859206,
		-0.0026777883102119121,
		0.28025131647680468,
		1.0
	],
	"intrinsic" : 
	{
		"height" : 1080,
		"intrinsic_matrix" : 
		[
			935.30743608719376,
			0.0,
			0.0,
			0.0,
			935.30743608719376,
			0.0,
			959.5,
			539.5,
			1.0
		],
		"width" : 1920
	},
	"version_major" : 1,
	"version_minor" : 0
}