{
	"class_name" : "PinholeCameraParameters",
	"extrinsic" : 
	[
		0.67042473434736527,
		0.35904527164971123,
		-0.64932054370799785,
		0.0,
		0.71820818930110575,
		-0.53375829186003154,
		0.4464068578006935,
		0.0,
		-0.18629995275386385,
		-0.76562953102440257,
		-0.61571401545462767,
		0.0,
		-0.032058060201063457,
		-0.023549968475583993,
		0.3239947972710433,
		1.0
	],
	"intrinsic" : 
	{
		"height" : 1080,
		"intrinsic_matrix" : 
		[
			935.30743608719376,
			0.0,
			0.0,
			0.0,
			935.30743608719376,
			0.0,
			959.5,
			539.5,
			1.0
		],
		"width" : 1920
	},
	"version_major" : 1,
	"version_minor" : 0
}