{
	"class_name" : "PinholeCameraParameters",
	"extrinsic" : 
	[
		0.96007343493070929,
		0.13631418003054241,
		-0.24428967203496385,
		0.0,
		-0.0075512957431275313,
		-0.86030258428973305,
		-0.50972781108843446,
		0.0,
		-0.27964616477425391,
		0.49122083403191252,
		-0.8249243084914174,
		0.0,
		-0.00019571481122952761,
		0.019914265306766307,
		0.31189552592134917,
		1.0
	],
	"intrinsic" : 
	{
		"height" : 1055,
		"intrinsic_matrix" : 
		[
			913.65680099258282,
			0.0,
			0.0,
			0.0,
			913.65680099258282,
			0.0,
			959.5,
			527.0,
			1.0
		],
		"width" : 1920
	},
	"version_major" : 1,
	"version_minor" : 0
}