{
	"class_name" : "PinholeCameraParameters",
	"extrinsic" : 
	[
		0.59904383216092694,
		-0.28090288282241588,
		0.74982668502261729,
		0.0,
		-0.069712110211598927,
		-0.9511855735899184,
		-0.3006430213463534,
		0.0,
		0.79767581688289702,
		0.12782634711386434,
		-0.58938418382556623,
		0.0,
		-0.015953515981069075,
		-0.0025565268851344535,
		0.17806455722307049,
		1.0
	],
	"intrinsic" : 
	{
		"height" : 1080,
		"intrinsic_matrix" : 
		[
			935.30743608719376,
			0.0,
			0.0,
			0.0,
			935.30743608719376,
			0.0,
			959.5,
			539.5,
			1.0
		],
		"width" : 1920
	},
	"version_major" : 1,
	"version_minor" : 0
}