{
	"class_name" : "PinholeCameraParameters",
	"extrinsic" : 
	[
		0.080140407740140085,
		0.94539362860851006,
		0.31592467778519417,
		0.0,
		-0.83941974251183171,
		-0.10691160918672508,
		0.53286433892922058,
		0.0,
		0.53754256662018352,
		-0.30789737707154902,
		0.78501413634650308,
		0.0,
		-0.000130484620197234,
		7.4739890013761356e-05,
		0.12728838001079784,
		1.0
	],
	"intrinsic" : 
	{
		"height" : 1080,
		"intrinsic_matrix" : 
		[
			935.30743608719376,
			0.0,
			0.0,
			0.0,
			935.30743608719376,
			0.0,
			959.5,
			539.5,
			1.0
		],
		"width" : 1920
	},
	"version_major" : 1,
	"version_minor" : 0
}