{
	"class_name" : "PinholeCameraParameters",
	"extrinsic" : 
	[
		0.99338748696828016,
		-0.07738081942083562,
		0.084814559602730932,
		0.0,
		-0.0017379437005330674,
		0.72851964753720844,
		0.68502270232741602,
		0.0,
		-0.11479669109577567,
		-0.68064038371082702,
		0.72356781836635009,
		0.0,
		0.013638246065278734,
		0.029473141332945853,
		0.1109855383032288,
		1.0
	],
	"intrinsic" : 
	{
		"height" : 1055,
		"intrinsic_matrix" : 
		[
			913.65680099258282,
			0.0,
			0.0,
			0.0,
			913.65680099258282,
			0.0,
			959.5,
			527.0,
			1.0
		],
		"width" : 1920
	},
	"version_major" : 1,
	"version_minor" : 0
}