{
	"class_name" : "PinholeCameraParameters",
	"extrinsic" : 
	[
		0.94887480521770928,
		-0.20962627857550695,
		0.23599454941510495,
		0.0,
		0.15377315977633196,
		-0.34593939693789361,
		-0.92556995898670413,
		0.0,
		0.27566359816895869,
		0.91453964210242444,
		-0.29601828265786628,
		0.0,
		0.045321293152801881,
		-0.052657777749594889,
		0.4865692611886589,
		1.0
	],
	"intrinsic" : 
	{
		"height" : 1055,
		"intrinsic_matrix" : 
		[
			913.65680099258282,
			0.0,
			0.0,
			0.0,
			913.65680099258282,
			0.0,
			959.5,
			527.0,
			1.0
		],
		"width" : 1920
	},
	"version_major" : 1,
	"version_minor" : 0
}