{
	"class_name" : "PinholeCameraParameters",
	"extrinsic" : 
	[
		0.64224958541398869,
		-0.48442351579182091,
		0.59401121823030534,
		0.0,
		0.071131575431933589,
		-0.73395796832944205,
		-0.67545984314560792,
		0.0,
		0.76318789888999872,
		0.4760667580010281,
		-0.43692639301632913,
		0.0,
		-0.128362285649779,
		0.039103321688124359,
		0.28624353625678017,
		1.0
	],
	"intrinsic" : 
	{
		"height" : 1055,
		"intrinsic_matrix" : 
		[
			913.65680099258282,
			0.0,
			0.0,
			0.0,
			913.65680099258282,
			0.0,
			959.5,
			527.0,
			1.0
		],
		"width" : 1920
	},
	"version_major" : 1,
	"version_minor" : 0
}