{
	"class_name" : "PinholeCameraParameters",
	"extrinsic" : 
	[
		0.88429226182460618,
		0.24670175167030078,
		-0.39644096836720522,
		0.0,
		0.46386466942232885,
		-0.56132596582807093,
		0.68537779986580905,
		0.0,
		-0.05344870567970525,
		-0.78996924358483001,
		-0.61081243442743993,
		0.0,
		-7.1114358598033806e-05,
		9.1945574365426275e-05,
		0.25787084344995415,
		1.0
	],
	"intrinsic" : 
	{
		"height" : 1080,
		"intrinsic_matrix" : 
		[
			935.30743608719376,
			0.0,
			0.0,
			0.0,
			935.30743608719376,
			0.0,
			959.5,
			539.5,
			1.0
		],
		"width" : 1920
	},
	"version_major" : 1,
	"version_minor" : 0
}